 --------------------------------------------------------------
 input parameters
 i_tot_TAE= -1
 SDsink = 1.
 delta0= 1.00000000000000002E-2
 delta1= 0.
 rdelta0= 0.5
 D_bkg = 1.49999999999999994E-2
 D_TAE = 5.
 thfac = 0.5
 thdip = 5.
 i_bkg_Angioni= 0
 Angi_Pinch_fac= 1.
 Angi_exp= -1.   -1 is correct +1 is incorrect
 Angi_neagtive= 1 1 means D_Angioni = abs(D_Angioni)
 i_He_tran= 2
 i_threshold= 10
 beta_peaker= 0.
 Q_fus= 1000000.
 sd_renorm= 1. CHECK  1.0 is default
 --------------------------------------------------------------
 relax= 1.00000000000000002E-2
 n_up_loop= 5000
 --------------------------------------------------------------
 --------------------------------------------------------------
 r_hat or rho_hat grid
 --------------------------------------------------------------
 0.
 2.00000000000000004E-2
 4.00000000000000008E-2
 5.99999999999999978E-2
 8.00000000000000017E-2
 0.10000000000000001
 0.12
 0.14000000000000001
 0.16
 0.17999999999999999
 0.20000000000000001
 0.22
 0.23999999999999999
 0.26000000000000001
 0.28000000000000003
 0.29999999999999999
 0.32000000000000001
 0.34000000000000002
 0.35999999999999999
 0.38
 0.40000000000000002
 0.41999999999999998
 0.44
 0.46000000000000002
 0.47999999999999998
 0.5
 0.52000000000000002
 0.54000000000000004
 0.56000000000000005
 0.57999999999999996
 0.59999999999999998
 0.62
 0.64000000000000001
 0.66000000000000003
 0.68000000000000005
 0.70000000000000007
 0.71999999999999997
 0.73999999999999999
 0.76000000000000001
 0.78000000000000003
 0.80000000000000004
 0.82000000000000006
 0.83999999999999997
 0.85999999999999999
 0.88
 0.90000000000000002
 0.92000000000000004
 0.94000000000000006
 0.95999999999999996
 0.97999999999999998
 1.
 --------------------------------------------------------------
 slowing down alpha density profile
 --------------------------------------------------------------
 alpha density in 10**19 1/m**3
 1.1460216000000001
 1.1548314
 1.1654875
 1.1604407999999999
 1.1361920000000001
 1.1046009000000001
 1.0708751999999999
 1.0357704000000001
 0.99756184000000003
 0.95528402000000001
 0.90989597
 0.8620196
 0.81214465999999996
 0.76201810999999997
 0.71292288999999998
 0.66484502000000001
 0.61844058000000002
 0.57357499000000001
 0.53062089000000001
 0.48990075
 0.45118409999999998
 0.41460913999999999
 0.37995371
 0.34725451000000002
 0.31654916999999999
 0.28762436000000002
 0.26048795000000002
 0.23498352
 0.21095120000000001
 0.18825892999999999
 0.16675327000000001
 0.14627246999999999
 0.12671705999999999
 0.10831934
 9.13000769999999934E-2
 7.56746209999999975E-2
 6.17755310000000016E-2
 4.96176369999999992E-2
 3.91546009999999972E-2
 3.03493290000000013E-2
 2.30980889999999987E-2
 1.72053830000000012E-2
 1.25709459999999995E-2
 8.97770259999999994E-3
 6.22131010000000033E-3
 4.21271600000000003E-3
 2.70690810000000009E-3
 1.63773450000000002E-3
 9.9467012999999993E-4
 7.79583080000000039E-4
 7.79583080000000039E-4
 --------------------------------------------------------------
 slowing down alpha pressure profile
 --------------------------------------------------------------
 alpha presure in 10**4 N/m**2
 5.1380048044230007
 5.1771224214389786
 5.2240760135501079
 5.2001553372094387
 5.0896899116764551
 4.9458527469892761
 4.791987999538514
 4.6315233911340883
 4.4568234686191941
 4.2636761745303611
 4.0564813685425589
 3.8381281450324432
 3.6109146963164558
 3.3827179577093887
 3.1593130080363259
 2.9406984124697986
 2.7298309438172725
 2.5261559497421686
 2.3313489883583047
 2.1468466675178051
 1.9716480933168932
 1.8063648074407324
 1.6500302462166514
 1.5028047576591521
 1.3648547325231786
 1.2352579768628973
 1.1140430444405178
 1.000528308793257
 0.89401936819309613
 0.79394293828936124
 0.6996384569903582
 0.61041511570075757
 0.52584189730900366
 0.44686034721620183
 0.37433802496482554
 0.30827894995092847
 0.24996325277837006
 0.19934943061182095
 0.15614131935278569
 0.12006406662255274
 9.05610303057533539E-2
 6.67320969823393118E-2
 4.80847594385483204E-2
 3.37243391910981086E-2
 2.28303597200201526E-2
 1.49948776113149104E-2
 9.24436119297884079E-3
 5.19366713493192057E-3
 2.83081756202423641E-3
 1.93449615144299157E-3
 1.72547418440093751E-3
 --------------------------------------------------------------
 slowing down alpha pressure gradient profile
 --------------------------------------------------------------
 alpha presure gradient in 10**4 N/m**2/m
 0.
 -3.5960743305227778
 -0.96232036239814989
 5.6146813345353985
 10.624818985936264
 12.438052343447758
 13.132750653605124
 14.003248918703582
 15.368738822170359
 16.726382307318641
 17.779491665117785
 18.615875026950473
 19.027139285013636
 18.868019344850399
 18.467675269648741
 17.943856513939291
 17.319676628744329
 16.648665049962879
 15.84762648241303
 15.028383688839215
 14.225408117872007
 13.437265444792422
 12.682806641878125
 11.914696620240358
 11.178164224631628
 10.478968315376967
 9.8070579293340359
 9.1926383082658472
 8.6311828945439011
 8.1212778606086697
 7.6678333956361495
 7.2612590591161572
 6.8333547366964211
 6.3298656058976324
 5.7899617124895126
 5.1964057454314503
 4.55109963371227
 3.9199013218637719
 3.3125602058977925
 2.7399591155043304
 2.2282215965639387
 1.7746680785710318
 1.3790714886543074
 1.0551344576378094
 0.78252108567577838
 0.56762605118587484
 0.40949676157240661
 0.26795928456058049
 0.13616889121658776
 4.61814930566908505E-2
 1.74659688836317564E-2
 --------------------------------------------------------------
 alpha critical pressure gradient profile
 --------------------------------------------------------------
 alpha critical pressure gradient in 10**4 N/m**2/m
 6.3263775385894521
 6.3263775385894521
 1.4523303940270169
 6.8550407597992988
 10.014737941648169
 8.3132028047258171
 5.1014184433710463
 4.2612156175412244
 3.7270437359307356
 2.7654133095825468
 1.7901700486990872
 1.5298688584065101
 2.3363957649580667
 4.5949391754620343
 4.8128945200040745
 3.832597388937677
 2.9987263972979514
 2.7008203309493126
 2.2593861926093353
 1.8864754238222976
 1.6972029563188464
 1.6133068730680036
 1.5021666727484804
 1.469851926148404
 1.4837720712741558
 1.5452550566338552
 1.6275291704253534
 1.6993251970447594
 1.7163173771579503
 1.7837650185200062
 1.8401977662207878
 1.8657186128828809
 1.869298420071059
 1.8755702599310689
 1.890098689906996
 1.9116270935213577
 1.9320208408094235
 1.960656801707219
 1.9463089165498955
 1.9234539992033464
 1.9242000646128798
 1.9270581128614765
 1.9669029087500458
 2.028223398931313
 2.0156993800572827
 1.8847777623100428
 1.7991834313246995
 1.142547301587501
 0.7502489292342116
 0.32800915366927103
 0.32800915366927103
 --------------------------------------------------------------
 starting transported alpha density profile
 --------------------------------------------------------------
 alpha density in 10**19 1/m**3
 1.1345613840000002
 1.14374501856
 1.154765015
 1.1502289209599998
 1.1266479872000001
 1.0957640928000001
 1.0627365484799998
 1.0283128531200001
 0.99077841948800005
 0.949170202272
 0.90443659418
 0.85719229023999999
 0.80792150776799998
 0.75836042307199991
 0.70978602928400003
 0.66218563992000001
 0.61621419391199994
 0.57173955003200005
 0.52913515150799995
 0.48872498820000004
 0.45028173179999997
 0.41394576537599997
 0.37949776554800002
 0.34697670639200001
 0.31642255033200001
 0.28762436000000002
 0.26059214518000001
 0.23517150681599999
 0.21120434144000003
 0.188560144288
 0.16708677654000001
 0.14662352392799999
 0.12707186776799997
 0.10866596188800001
 9.16287572772000042E-2
 7.59773194839999944E-2
 6.2047343336399996E-2
 4.98558016575999935E-2
 3.93582049252000007E-2
 3.0519285242400003E-2
 2.32366775339999977E-2
 1.73154974512000001E-2
 1.2656428432799998E-2
 9.04234205872000117E-3
 6.26859205676000026E-3
 4.24641772800000029E-3
 2.72964612804000011E-3
 1.65214656359999996E-3
 1.00382109519599996E-3
 7.8706707756800011E-4
 0.
 --------------------------------------------------------------
 starting transported alpha density gradient profile
 --------------------------------------------------------------
 alpha density in 10**19 1/m**3*1/m
 0.
 -0.84411221312298168
 -0.27089888963708303
 1.1747356978900723
 2.2755526784022528
 2.6702341763128592
 2.8181278505915146
 3.0064266920944323
 3.3065976189985631
 3.6073807349686096
 3.8428576964092889
 4.0324218548136272
 4.1292174719612529
 4.1001221972927935
 4.0182039086468375
 3.909452169357043
 3.7788578252929166
 3.638181829804318
 3.4683669242150055
 3.2945134774059115
 3.1242926221323288
 2.9573699107154954
 2.7979822334781446
 2.6352965716502519
 2.4797542811484483
 2.3326067899580978
 2.1914919147831178
 2.063433464819036
 1.9474331312123154
 1.8432417096380482
 1.7521213599168517
 1.6718318207973362
 1.5858754150844263
 1.4808210680719638
 1.3657387765410325
 1.2359180777393945
 1.0913628457465991
 0.9479572675887753
 0.80788397220893082
 0.67356101312228189
 0.55165720132367058
 0.442045169217676
 0.34565427906779295
 0.26688522971176143
 0.20037478910471368
 0.14785795088093004
 0.1083892283532025
 7.21053551184443198E-2
 3.6143214033248397E-2
 4.19398694346298159E-2
 6.57676763867018621E-2
 --------------------------------------------------------------
 starting flow of alpha density profile
 --------------------------------------------------------------
 alpha flow in [10**19 1/m**3]*[m/sec]*m**2
 0.
 1.29032972670863684E-3
 5.05312866496845405E-3
 1.10102559285336857E-2
 1.87666910591143543E-2
 2.7892051166128605E-2
 3.80028333400780696E-2
 4.87604915120231283E-2
 5.98519524835310762E-2
 7.09835094251319576E-2
 8.18968483902235284E-2
 9.23795144648076327E-2
 0.10226191940442504
 0.11142167355762563
 0.11978392160217924
 0.12730611523574897
 0.13396993923789052
 0.13977689601837825
 0.1447432538822889
 0.14889912527408025
 0.15228305644291931
 0.15493905953321629
 0.15691524821488573
 0.15826225513636324
 0.15903287731368204
 0.15928078611487995
 0.15905988937532292
 0.15842415795609907
 0.15742767647242645
 0.15612511467173418
 0.15457240288770269
 0.1528277545387251
 0.15095248063137262
 0.14900866422853629
 0.14705523438794385
 0.14514741621154695
 0.14333253266441059
 0.14164690049505954
 0.14011776813225757
 0.13876224832773554
 0.13758635109181569
 0.13658699107000868
 0.13575205935905957
 0.135063311596266
 0.13450277124887527
 0.13405060198376703
 0.13368859360961743
 0.13339156905149796
 0.13311765808706971
 0.13277201567896524
 0.17224370668748995
 --------------------------------------------------------------
 plasma chi_eff from  alpha energy source flow times (1+5./Q_fus)
 T_e NOTnec= T_i and n_e NOTnec= n_i assumed chi_eff in m**2/sec
 Q_fus= 1000000.
 --------------------------------------------------------------
 3.2258159209291968
 3.2258159209291968
 3.9387320140499069
 4.2650609237440626
 4.4190562027753586
 4.4844362091516512
 4.5108057875320524
 4.5255143940240501
 4.5344966542240401
 4.5362094649241973
 4.5307398973709603
 4.5185202420850636
 4.5007245456632168
 4.4803673043978831
 4.4610125795642297
 4.4447740284810839
 4.4342376895887918
 4.4303087960212864
 4.4336902329372494
 4.4449904852873807
 4.4641801553114684
 4.4919322952406526
 4.5285113728525674
 4.5757763453710174
 4.6361331095954599
 4.7103848823168244
 4.7996135663963146
 4.9055909415424699
 5.0312734807446065
 5.1808894798069005
 5.3567860754094472
 5.5547720009703756
 5.7685145232595705
 5.9934326281874384
 6.2236257801178949
 6.4503983779052527
 6.6621202989885662
 6.8474450255480397
 6.9690312139428707
 6.8902770961496245
 6.4155288668064232
 5.5891390332667195
 4.7247042249838858
 4.0250772480938855
 3.484843403182416
 3.0513936516528046
 2.5266784271026101
 2.2751293021813108
 2.5120270440933967
 3.7961006620576843
 5.7229482499263327
 --------------------------------------------------------------
 alpha ITG/TEM diffusivity from Angioni formulas normed to chi_eff
 --------------------------------------------------------------
 0.64522091082352973
 0.64485800415287275
 0.78642964458691611
 0.84995899557883325
 0.87827041595463329
 0.88808542424798953
 0.88927684066258028
 0.8872814482538447
 0.88330179775657724
 0.87707532825743639
 0.86867244658173892
 0.85823314859061894
 0.84604214355346741
 0.83272513652515534
 0.81898453163466123
 0.80522727662031346
 0.7919255527930309
 0.77922154448107239
 0.76720750036679031
 0.75594900392597919
 0.74539228784849798
 0.73559691071897026
 0.72654596835676588
 0.71846743926633949
 0.71167847293131614
 0.70622462489773585
 0.70217956791074509
 0.69969854395047171
 0.69907476966675097
 0.70073258996587118
 0.70479034359795578
 0.71049662799874269
 0.71686007649157268
 0.72318213395033093
 0.72867190656408565
 0.73230879827473128
 0.73286954357410938
 0.72930302907869204
 0.71801364697729786
 0.68572700324286007
 0.61474031052650269
 0.51235399342214694
 0.40997331529925712
 0.32614033186113839
 0.2596626912008107
 0.20520364945374203
 0.14946249751015978
 0.10985606194714358
 9.49277793135417519E-2
 0.11331042778850173
 0.14824261009258355
 --------------------------------------------------------------
 Angioni pinch coef C_p_alpha
 --------------------------------------------------------------
 0.
 -6.94515346154082058E-2
 -0.12276439550524589
 -0.18231279543191181
 -0.24837657156599488
 -0.32119403377250377
 -0.39903006303292132
 -0.47881898925164279
 -0.55944132976729966
 -0.64105053814342905
 -0.72402000932331623
 -0.80884248351629506
 -0.89576523448001466
 -0.98519677364221603
 -1.0776872851532604
 -1.1735220269406101
 -1.2731624647147599
 -1.3772997191066791
 -1.4863123189407472
 -1.6006005198035242
 -1.7205668298899461
 -1.8464474270382762
 -1.9784918336392514
 -2.1147718293755609
 -2.2526251405197555
 -2.3913022742768311
 -2.5303465878075739
 -2.669381522008901
 -2.807909148855761
 -2.9452795021218701
 -3.0812313050388123
 -3.2188525215492225
 -3.3627525926430804
 -3.5152272839855296
 -3.6775038269192493
 -3.8506760900060533
 -4.0378581664894764
 -4.2443227140408091
 -4.5036356559856161
 -4.9361758233283348
 -5.7442471420354542
 -7.1538381400252611
 -9.2643962248579452
 -12.038855913729405
 -15.692697753048853
 -21.017404032998151
 -32.8529547583979
 -54.581926051783526
 -80.088919934112141
 -98.842571157725317
 -113.33959052374497
 --------------------------------------------------------------
 net alpha ITG/TEM diffusivity from Angioni formulas normed to chi_eff
 with starting in/out pinch
 --------------------------------------------------------------
 0.64522091082352973
 0.68002580572598881
 1.0520070126043579
 0.76865805808963716
 0.81944339799669585
 0.824098935982437
 0.81597320380642768
 0.80748820060079141
 0.8017691683524899
 0.79539520207022218
 0.78674653892894963
 0.77637345004862135
 0.76361013756788565
 0.74820778486933837
 0.73198614466474543
 0.7157500270786924
 0.69984636176622428
 0.68459626565002707
 0.66943016625400598
 0.65488499060738758
 0.64113165541891026
 0.62816315606066009
 0.61616397184915894
 0.60499310008229235
 0.59541996809380238
 0.58764479328717045
 0.58162775217601026
 0.57798483617682295
 0.57709301658099788
 0.57949319234251151
 0.58560139372381192
 0.59479218546828749
 0.60517406275558117
 0.61506481583887718
 0.62423050755636422
 0.63136787545812645
 0.63467479797969217
 0.63406349449381283
 0.62563448818133727
 0.59558085472656286
 0.52711002830449649
 0.4275696789162895
 0.32765611911607101
 0.2472164122179841
 0.18385655726296987
 0.13137445895815214
 7.55804295390298531E-2
 2.75804015627938576E-2
 -3.17772625707298875E-2
 -0.4717042973211662
 -Infinity
 --------------------------------------------------------------
 1Mev diffusivity  ratio to 3.5 Mev diffusivity
 from Angioni formulas  for diffusive part
 --------------------------------------------------------------
 1.3833984812335378
 1.3832297745009747
 1.3828700884351637
 1.3822969286106204
 1.3814874567727518
 1.3804184692472676
 1.3790671708528464
 1.3774256910482947
 1.3754964287366791
 1.3732819655601829
 1.3707858235419292
 1.3680101070690798
 1.3649570335014307
 1.361629325588295
 1.3580287885759328
 1.3541568943908833
 1.3500162570951597
 1.3456080796128882
 1.3409334741845211
 1.3359945432025795
 1.3307933646185144
 1.325333258743949
 1.3196187161285087
 1.3136554636465689
 1.3074630739373543
 1.301064238122063
 1.2944829488164331
 1.2877438814744593
 1.2808719033255962
 1.2738925900472988
 1.2668317434376055
 1.2597133336431516
 1.2525463667570347
 1.2453346738941919
 1.2380798871559719
 1.2307842445531945
 1.2234489012253211
 1.2160688516244709
 1.2086328895811242
 1.2010323254142363
 1.192905322504678
 1.1836518039100838
 1.1725472054416188
 1.1592577831769615
 1.143840217022015
 1.1262125187261494
 1.1060105342828583
 1.0779637292570874
 1.0498663404312112
 1.0279551113592886
 1.0168575563107525
 --------------------------------------------------------------
 He BC = 0.0
 --------------------------------------------------------------
 --------------------------------------------------------------
 He ITG/TEM diffusivity from Angioni formulas normed to chi_eff
 --------------------------------------------------------------
 3.2258159209291968
 3.2258159209291968
 3.9387320140499069
 4.2650609237440626
 4.4190562027753586
 4.4844362091516512
 4.5108057875320524
 4.5255143940240501
 4.5344966542240401
 4.5362094649241973
 4.5307398973709603
 4.5185202420850636
 4.5007245456632168
 4.4803673043978831
 4.4610125795642297
 4.4447740284810839
 4.4342376895887918
 4.4303087960212864
 4.4336902329372494
 4.4449904852873807
 4.4641801553114684
 4.4919322952406526
 4.5285113728525674
 4.5757763453710174
 4.6361331095954599
 4.7103848823168244
 4.7996135663963146
 4.9055909415424699
 5.0312734807446065
 5.1808894798069005
 5.3567860754094472
 5.5547720009703756
 5.7685145232595705
 5.9934326281874384
 6.2236257801178949
 6.4503983779052527
 6.6621202989885662
 6.8474450255480397
 6.9690312139428707
 6.8902770961496245
 6.4155288668064232
 5.5891390332667195
 4.7247042249838858
 4.0250772480938855
 3.484843403182416
 3.0513936516528046
 2.5266784271026101
 2.2751293021813108
 2.5120270440933967
 3.7961006620576843
 5.7229482499263327
 --------------------------------------------------------------
 Angioni pinch coef C_p_He = -2.0 
 Small Angioni thermal expulsion +C_T_He*n_He/L_Ti set to 0
 --------------------------------------------------------------
 --------------------------------------------------------------
 net He ITG/TEM diffusivity from Angioni formulas normed to chi_eff
 with starting in/out pinch
 --------------------------------------------------------------
 3.2258159209291968
 -1.2141194041839705
 0.50518868047350973
 1.4510477991604991
 2.0085396765753578
 2.3546174817937122
 2.5867879958669548
 2.7545217148918906
 2.8769030459375626
 2.9617090256816097
 3.0145666567931073
 3.0411244991872688
 3.0467639146456924
 3.0387365230312144
 3.0232083978149524
 3.0012664258962545
 2.9744871251560676
 2.9457039557031819
 2.9180356795700919
 2.8924646996173391
 2.8686398556056316
 2.8466646130969311
 2.8264972004255835
 2.8088978604953363
 2.7948756545860789
 2.7846132238256001
 2.7785830387514752
 2.7775419473389675
 2.7830473473284014
 2.7977412725190112
 2.8239455360458372
 2.8636858643942418
 2.918922937279385
 2.9905292257690599
 3.0839842222290925
 3.2097483882875411
 3.3733297576108479
 3.579550272748711
 3.8377760637816385
 4.0933377913937923
 4.1715400420669972
 3.9715757699516212
 3.626149132356693
 3.2897316243055621
 2.9992180648113713
 2.7432993484366457
 2.3533994337476294
 2.1774074840158462
 2.4540376492205662
 3.7596293653990358
 5.7229482499263327
 --------------------------------------------------------------
 BEGIN starting Alpha snd He et-up 
 --------------------------------------------------------------
 ii   error  error_rho(1)  error_rho(25)
 ii= 1 error= 0.9868831741355657,  -0.98303315388541501,  -0.9501909477326459
 ii= 2 error= 3.2755154226626289,  -0.93570357024543294,  -0.79312371311456153
 ii= 3 error= 4.8538922331769463,  -0.89676516464014666,  -0.66781940774179482
 ii= 4 error= 5.5404193568458489,  -0.86311497527134673,  -0.56801178211429415
 ii= 5 error= 5.6605298523160608,  -0.83151167740741616,  -0.48857522798822606
 ii= 6 error= 5.4839831692387886,  -0.80853154360795698,  -0.42536224161221442
 ii= 7 error= 5.1747159272675072,  -0.78906278693303211,  -0.37498979517579006
 ii= 8 error= 4.8201410240641698,  -0.7723671013947111,  -0.33477518255164407
 ii= 9 error= 2.4168957048505169,  -0.79369829541415848,  -0.42817130466290543
 ii= 10 error= 2.3474165623763303,  -0.80254668885119451,  -0.4774308813312651
 ii= 11 error= 2.5412543923206701,  -0.75464646377117051,  -0.32901697944187891
 ii= 12 error= 2.350914054580973,  -0.77463047708020027,  -0.41684977208903029
 ii= 13 error= 2.1844894295181927,  -0.79301282577107524,  -0.49865858103290794
 ii= 14 error= 3.2401063791244566,  -0.75088109109306334,  -0.37186019395291775
 ii= 15 error= 2.1279182393984715,  -0.7641196690331018,  -0.4356707677335277
 ii= 16 error= 2.1453975172688455,  -0.74430438432738166,  -0.38622693822797771
 ii= 17 error= 2.1050663802325751,  -0.73430588108174422,  -0.37052616420584084
 ii= 18 error= 1.0857181258423902,  -0.78665411597812207,  -0.56653161054626522
 ii= 19 error= 0.80990042604107415,  -0.86064216881261824,  -0.83533947274246656
 ii= 20 error= 0.80084525314834232,  -0.79541134330626218,  -0.63370501559434633
 ii= 21 error= 0.82792528056817682,  -0.8470087270594262,  -0.82663530817320519
 ii= 22 error= 0.95993827488878791,  -0.88732093957430735,  -0.98220427830080359
 ii= 23 error= 0.89158279406779539,  -0.87428140051443992,  -0.95860267279846889
 ii= 24 error= 0.74918598570121964,  -0.78765149016636404,  -0.68589326921155558
 ii= 25 error= 9.6721191638745925,  -0.54236725445812239,  0.12428180849665579
 ii= 26 error= 0.9648772739268483,  -0.86337194316906529,  -0.97503377405257652
 ii= 27 error= 0.92269406520489095,  -0.8461104894056739,  -0.93808764793776966
 ii= 28 error= 0.92727534687268431,  -0.84147826148185645,  -0.94359738424005191
 ii= 29 error= 0.76153792994138925,  -0.75340617167160551,  -0.6683112348756538
 ii= 30 error= 0.95145462608935449,  -0.83563252935070786,  -0.96532186828505051
 ii= 31 error= 0.87762073080487657,  -0.81020887526370189,  -0.90200605106065213
 ii= 32 error= 1.7995330614507816,  -0.61556236719971857,  -0.26768008417096656
 ii= 33 error= 0.94784890735448413,  -0.86609591334286873,  -0.95675436127762981
 ii= 34 error= 0.90287043488458651,  -0.86946175615424659,  -0.91164504321082718
 ii= 35 error= 0.9241309364099709,  -0.87484186509787154,  -0.93631330509294819
 ii= 36 error= 0.89894321753986284,  -0.72706204795089768,  -0.45027450685796394
 ii= 37 error= 0.95450906658112067,  -0.88865558071362161,  -0.96160658204797655
 ii= 38 error= 0.927379949851036,  -0.8872559869743003,  -0.93586839175057623
 ii= 39 error= 0.9003955289521739,  -0.8760086562332714,  -0.91024566771821858
 ii= 40 error= 0.91259680375672514,  -0.87464295565167616,  -0.92772569349296374
 ii= 41 error= 0.75960350923017295,  -0.83514615369131595,  -0.82393357851661786
 ii= 42 error= 0.89810111425903805,  -0.85208824580599019,  -0.91295169191435077
 ii= 43 error= 0.84143506319818384,  -0.83042687418885042,  -0.8680970599537996
 ii= 44 error= 5.2417133946131802,  -0.51052122679844048,  0.19217733934914627
 ii= 45 error= 0.89580358079543143,  -0.8349611512534415,  -0.90590316392367309
 ii= 46 error= 0.84309893719948392,  -0.81725511226884495,  -0.85580617297945949
 ii= 47 error= 0.78536627837262873,  -0.70775593381424062,  -0.49572490955457554
 ii= 48 error= 2.9707077457353197,  -0.46159618846868861,  0.32174383490649094
 ii= 49 error= 0.92308610979117389,  -0.83575799064050471,  -0.92982979014616007
 ii= 50 error= 0.86932125389327997,  -0.81656100192060965,  -0.87479777812433202
 ii= 51 error= 0.87925671977149134,  -0.81750466014694623,  -0.88484446181224596
 ii= 52 error= 0.86830579336807101,  -0.81213796074008548,  -0.87355656404876669
 ii= 53 error= 0.86363235597196919,  -0.80909064320104929,  -0.86978289342756721
 ii= 54 error= 0.8507651549282047,  -0.80364054793413409,  -0.8580036614602724
 ii= 55 error= 0.79568061417212022,  -0.78573944910629079,  -0.80476418885446688
 ii= 56 error= 0.81757699995598765,  -0.7911280076247551,  -0.82893595942053355
 ii= 57 error= 0.69493875136351013,  -0.73897874842921141,  -0.66170338932303718
 ii= 58 error= 0.86807185252141428,  -0.80401067750131405,  -0.88424900191820899
 ii= 59 error= 0.82680463482985722,  -0.7931081096673378,  -0.8551158591670267
 ii= 60 error= 0.77490224566010679,  -0.77953482971364962,  -0.81681886323387731
 ii= 61 error= 0.71004936590197565,  -0.76138906528445738,  -0.76313581542598308
 ii= 62 error= 0.73491802809514972,  -0.76428378906293559,  -0.77954148254945888
 ii= 63 error= 0.69555343428989136,  -0.7519553077466552,  -0.7424606252263426
 ii= 64 error= 0.73778231894445101,  -0.78044372012908703,  -0.78230980548946527
 ii= 65 error= 0.68673854552752778,  -0.761311114169266,  -0.7289265469987013
 ii= 66 error= 0.7323500917829554,  -0.77332244856626942,  -0.77694603489985392
 ii= 67 error= 0.67771158233651541,  -0.7535377157200156,  -0.71903689656621339
 ii= 68 error= 0.71643155735206954,  -0.76424265982712591,  -0.7626422694014916
 ii= 69 error= 0.65596609387745786,  -0.74293013267625641,  -0.6999070672892338
 ii= 70 error= 0.60489501697104864,  -0.72524489871885489,  -0.64919834264114917
 ii= 71 error= 0.66421902024988366,  -0.74155469220199288,  -0.71185273306659036
 ii= 72 error= 0.60560827339835166,  -0.7227136714593464,  -0.65789808848728726
 ii= 73 error= 0.5851476340330598,  -0.7071187237584764,  -0.61472320479376541
 ii= 74 error= 0.59416714849456442,  -0.71234591113840884,  -0.64093892242723349
 ii= 75 error= 0.58864451422410402,  -0.71041823139480964,  -0.64366581938901035
 ii= 76 error= 0.55989727566441128,  -0.68106769043565518,  -0.55554572094573607
 ii= 77 error= 0.68124402182746835,  -0.68000034329307224,  -0.5587162197480755
 ii= 78 error= 0.64801990529272779,  -0.71662220858864245,  -0.68624974787638005
 ii= 79 error= 0.55557175538910863,  -0.67359779625559968,  -0.552331324984626
 ii= 80 error= 0.64879894252303172,  -0.71189898611363189,  -0.68802312348114514
 ii= 81 error= 0.56341892011032335,  -0.68453157518216468,  -0.60435018002865282
 ii= 82 error= 0.54409410363792121,  -0.65565149599126471,  -0.51727817998416847
 ii= 83 error= 0.60793170366233573,  -0.69326882363045494,  -0.65070650806110464
 ii= 84 error= 0.68194333985053757,  -0.63438419818966663,  -0.46698852325975387
 ii= 85 error= 0.59033190466976404,  -0.67827705854156162,  -0.62212308703427843
 ii= 86 error= 0.5702694581436939,  -0.66636722091751011,  -0.5942508560619828
 ii= 87 error= 0.55958037103130676,  -0.66061699143470265,  -0.58693004454936171
 ii= 88 error= 0.54203306951728902,  -0.65288101806064214,  -0.57340453450415829
 ii= 89 error= 0.54032645253757627,  -0.61938639703444487,  -0.4756679671946018
 ii= 90 error= 0.59320825131677868,  -0.65926673854815243,  -0.61867788046506922
 ii= 91 error= 0.50288066178694757,  -0.61372729284880456,  -0.48235020478453811
 ii= 92 error= 0.56140453049050243,  -0.61914585958234292,  -0.51292095769971668
 ii= 93 error= 0.5658753202893031,  -0.63659039753023205,  -0.583020429596673
 ii= 94 error= 0.5005375308783826,  -0.60352592469073807,  -0.48847445130049422
 ii= 95 error= 0.5348771694924509,  -0.62225846570716115,  -0.56302447113678111
 ii= 96 error= 0.49637715437373076,  -0.60120939038544063,  -0.5081456626792844
 ii= 97 error= 0.4886253613344918,  -0.59239510971232379,  -0.49322086569377771
 ii= 98 error= 0.50238507613192873,  -0.59573442453254211,  -0.51796953754586705
 ii= 99 error= 0.48951167010029228,  -0.5636760006524173,  -0.42778210557893392
 ii= 100 error= 0.5399117788077834,  -0.59716946701508611,  -0.55050654239127705
 ii= 101 error= 0.4600633562618639,  -0.55169519116946375,  -0.4171833326138521
 ii= 102 error= 0.49719352381709508,  -0.57651648412565981,  -0.51166529406364103
 ii= 103 error= 0.47929047725829677,  -0.56302819258962367,  -0.48217720914172546
 ii= 104 error= 0.48744416948914765,  -0.53010870220119155,  -0.38979030472149079
 ii= 105 error= 0.51606003598350025,  -0.56542150975259153,  -0.51571089898356237
 ii= 106 error= 0.44438086371800073,  -0.5318338914985965,  -0.41302095707608355
 ii= 107 error= 0.471379978285003,  -0.53479845248779478,  -0.43237620350049411
 ii= 108 error= 0.47583654752005677,  -0.54143353951402862,  -0.46555987359048917
 ii= 109 error= 0.44894896841391085,  -0.52936589034773396,  -0.43956042464460765
 ii= 110 error= 0.44871578313834304,  -0.50323902888074867,  -0.36885747387431689
 ii= 111 error= 0.47311284210206955,  -0.52768231420566325,  -0.46096644576508761
 ii= 112 error= 0.42101181286189027,  -0.50283332787390211,  -0.39516141989346065
 ii= 113 error= 0.42945570901290947,  -0.49513702578461904,  -0.38446074229174476
 ii= 114 error= 0.4318056809854372,  -0.49777612514149971,  -0.407020812396228
 ii= 115 error= 0.42001344923375966,  -0.49259985062818568,  -0.4047140339962822
 ii= 116 error= 0.39466291607630932,  -0.47077254896496734,  -0.34927219588417802
 ii= 117 error= 0.4200574548058929,  -0.48405395247719724,  -0.40605243014599607
 ii= 118 error= 0.38350526011784419,  -0.45482914949408093,  -0.32736646086554405
 ii= 119 error= 0.41581470130837311,  -0.47301853384993142,  -0.39986900384663321
 ii= 120 error= 0.37438516939693606,  -0.43921342555653181,  -0.3069820819233462
 ii= 121 error= 0.41576248329850196,  -0.4625665232989935,  -0.39595668468211243
 ii= 122 error= 0.38225887385873836,  -0.41640934907123234,  -0.2642309753539821
 ii= 123 error= 0.43382490277908753,  -0.4559774103779265,  -0.40465235870273142
 ii= 124 error= 0.35398326803667474,  -0.40935234436595752,  -0.27199079081416522
 ii= 125 error= 0.401259231568796,  -0.43757358196239943,  -0.37642166812154854
 ii= 126 error= 0.36270513429537721,  -0.38741375418293439,  -0.23299767916419303
 ii= 127 error= 0.42232904417008249,  -0.43178259183454837,  -0.38842688161470895
 ii= 128 error= 0.33683446096983705,  -0.37416742554446247,  -0.22202400548964218
 ii= 129 error= 0.4014113821989187,  -0.41717089388696249,  -0.37303373517659416
 ii= 130 error= 0.34632409003415543,  -0.35491618714201628,  -0.1925219860704841
 ii= 131 error= 0.41007973869221737,  -0.40686803460958043,  -0.37156172122167497
 ii= 132 error= 0.32061114666414636,  -0.34153814473393235,  -0.1819616137428737
 ii= 133 error= 0.38698894774392811,  -0.39162365226724227,  -0.354951546968441
 ii= 134 error= 0.31243880867124113,  -0.33154086680086448,  -0.18235521534402604
 ii= 135 error= 0.37265925821954504,  -0.37450508945242372,  -0.33283674903354449
 ii= 136 error= 0.32323998054907177,  -0.30651658814304927,  -0.13588708265642976
 ii= 137 error= 0.39193668295869577,  -0.36914254587983558,  -0.34764750085540752
 ii= 138 error= 0.2936963576540772,  -0.30327611225979562,  -0.15791180776638994
 ii= 139 error= 0.34836232788193067,  -0.34517989730913429,  -0.30464593350080005
 ii= 140 error= 0.29158105255972955,  -0.28241694694738168,  -0.12486148003811326
 ii= 141 error= 0.35948330992950661,  -0.33832130275267513,  -0.31491659422965995
 ii= 142 error= 0.28505121546132667,  -0.27098490396131542,  -0.12125181580272533
 ii= 143 error= 0.34330182923538849,  -0.32146927959379934,  -0.29401225190633146
 ii= 144 error= 0.28243478563162067,  -0.24948624476616735,  -8.60746822661361405E-2
 ii= 145 error= 0.34012384604167806,  -0.31194119098107997,  -0.29548357916148116
 ii= 146 error= 0.24505851839751686,  -0.2529798551136852,  -0.12822158436668035
 ii= 147 error= 0.29024386513242689,  -0.28530410251649363,  -0.24366951082469968
 ii= 148 error= 0.25221083924468907,  -0.23273519878551838,  -9.6038772533045727E-2
 ii= 149 error= 0.31609163046365868,  -0.28181119325730347,  -0.26277230069418983
 ii= 150 error= 0.27144379621947706,  -0.2076791049708667,  -4.8371471345975546E-2
 ii= 151 error= 0.33113379337052945,  -0.27605579558275084,  -0.27398096459766413
 ii= 152 error= 0.23109728809630672,  -0.20652664794112233,  -7.38285310324540978E-2
 ii= 153 error= 0.29186558499936865,  -0.25570403295876232,  -0.23943778264411419
 ii= 154 error= 0.27688229387653068,  -0.17855033778722237,  -1.54473833938836898E-2
 ii= 155 error= 0.3231613031220455,  -0.25402348316447049,  -0.26119086515853501
 ii= 156 error= 0.20370858633022687,  -0.18896553275960851,  -7.44819942306436111E-2
 ii= 157 error= 0.25066440968489068,  -0.22574034001380336,  -0.20043216991412202
 ii= 158 error= 0.22127849930332755,  -0.16900110108437499,  -3.87968388535663428E-2
 ii= 159 error= 0.28231446895966222,  -0.22502744337211947,  -0.22312518881450366
 ii= 160 error= 0.23194893655630106,  -0.15218674444945196,  -1.18641831035280025E-2
 ii= 161 error= 0.28720776161439499,  -0.21780778952256813,  -0.22480485781675538
 ii= 162 error= 0.21660056024870333,  -0.14375002978054896,  -9.64883731120301687E-3
 ii= 163 error= 0.27369374064241486,  -0.20661043412673019,  -0.21336141545702231
 ii= 164 error= 0.22319840191019419,  -0.13233174431404479,  2.69148890864519524E-3
 ii= 165 error= 0.27495399328003411,  -0.19829756170922427,  -0.20977523942187917
 ii= 166 error= 0.2073027074295081,  -0.12398950222515225,  6.52386951277624926E-3
 ii= 167 error= 0.26109050091648572,  -0.18821819780517443,  -0.19993380396733876
 ii= 168 error= 0.21254777740774461,  -0.11486380287501832,  1.36267668220567389E-2
 ii= 169 error= 0.26164095644285634,  -0.17995693883810149,  -0.1948046005004497
 ii= 170 error= 0.20825981559092205,  -0.10398024141157301,  2.69062163537717551E-2
 ii= 171 error= 0.25388328719910747,  -0.17234725924305341,  -0.19085277532289396
 ii= 172 error= 0.1872528947238376,  -0.10274114135935559,  1.15273012564123326E-2
 ii= 173 error= 0.23630585267198637,  -0.16011922151350469,  -0.17221320729886702
 ii= 174 error= 0.23250368658234066,  -8.16149142059795774E-2,  5.75084354159675071E-2
 ii= 175 error= 0.25592730061612906,  -0.15951014139229111,  -0.18798143866141592
 ii= 176 error= 0.14641178892246992,  -9.884856403184826E-2,  -1.26382688657354011E-2
 ii= 177 error= 0.17588069729535141,  -0.13192059447141727,  -0.12151778559587358
 ii= 178 error= 0.14254182414964764,  -8.864492220724976E-2,  1.46950023270471129E-3
 ii= 179 error= 0.19663673804442225,  -0.13273271154906865,  -0.14042178637690558
 ii= 180 error= 0.23179836938389614,  -6.1000461304544909E-2,  6.91195957222307117E-2
 ii= 181 error= 0.25286015752668328,  -0.13918381575213018,  -0.1755599090346652
 ii= 182 error= 0.13336242608765669,  -7.34933701013235074E-2,  1.54891375075612795E-2
 ii= 183 error= 0.18199833169133103,  -0.11885719238220012,  -0.12936344269820019
 ii= 184 error= 0.23188410441408497,  -4.79399045312861871E-2,  7.79632240319962783E-2
 ii= 185 error= 0.24711455067185925,  -0.12677888651332525,  -0.16765945960904347
 ii= 186 error= 0.12263629388551875,  -6.25504527492215384E-2,  1.92281077058284247E-2
 ii= 187 error= 0.167619569874566,  -0.10531856829567973,  -0.11694146383257853
 ii= 188 error= 0.2152045635134322,  -3.93231530399075005E-2,  7.57666028126768587E-2
 ii= 189 error= 0.23485149609040057,  -0.11389490009450481,  -0.15601049032448128
 ii= 190 error= 0.13100341180577812,  -4.81029077978319813E-2,  3.59409386082995275E-2
 ii= 191 error= 0.17510256911606631,  -9.75963600180090596E-2,  -0.11974079324734969
 ii= 192 error= 0.23343904083096484,  -2.42204870659008843E-2,  9.55373462764732562E-2
 ii= 193 error= 0.23764397912804278,  -0.10552004583353501,  -0.1556090633000547
 ii= 194 error= 0.10882866095134999,  -4.29563048619751864E-2,  2.68385666839915868E-2
 ii= 195 error= 0.14678746127808831,  -8.24409172671968782E-2,  -9.7911842033573171E-2
 ii= 196 error= 0.19015066163563529,  -2.35874197986142217E-2,  7.38771471755059889E-2
 ii= 197 error= 0.21398323305446532,  -9.17319926168554262E-2,  -0.13682916783942944
 ii= 198 error= 0.15323892893835805,  -2.31495944031964128E-2,  6.4230847999128371E-2
 ii= 199 error= 0.18717241639763388,  -8.36262621536235928E-2,  -0.12301337022915448
 ii= 200 error= 0.21616392238925722,  -8.3862972695119449E-3,  9.83868861195183464E-2
 ii= 201 error= 0.22270405912412503,  -8.65384085869601027E-2,  -0.14163583488100354
 ii= 202 error= 0.12596424947260387,  -2.04795113439826086E-2,  5.2055973704734991E-2
 ii= 203 error= 0.16293487536174003,  -7.12990518248170363E-2,  -0.10544936030830897
 ii= 204 error= 0.2308817437963514,  1.92676789312059855E-3,  0.11027765984417209
 ii= 205 error= 0.22551300887484835,  -8.03703842103835053E-2,  -0.14145889004458723
 ii= 206 error= 0.10210013670292786,  -1.8575862136580943E-2,  3.96724626020887247E-2
 ii= 207 error= 0.13279811506116629,  -5.82170595750542696E-2,  -8.36136656941243034E-2
 ii= 208 error= 0.18199774301383076,  -1.41404245047310295E-3,  8.306342756074446E-2
 ii= 209 error= 0.20041815818752959,  -6.8621060975384604E-2,  -0.12272404583125522
 ii= 210 error= 0.15968869248428352,  2.91483405020406686E-4,  8.03146390456375148E-2
 ii= 211 error= 0.18308936772275911,  -6.35766961867931663E-2,  -0.11514571702858456
 ii= 212 error= 0.20417814738344728,  1.02641019196082726E-2,  0.10294299102875441
 ii= 213 error= 0.20875328512199476,  -6.55375292652878305E-2,  -0.12802696140826658
 ii= 214 error= 0.14037209741970538,  2.11426724613074466E-3,  7.14680357604091376E-2
 ii= 215 error= 0.16807790492120298,  -5.53753554116125299E-2,  -0.10431240445492065
 ii= 216 error= 0.22849932333610512,  2.00922841012310567E-2,  0.1190431198116281
 ii= 217 error= 0.21714591875889194,  -6.26983924702647771E-2,  -0.1323276492933228
 ii= 218 error= 0.10411731105815056,  -7.53445788333391452E-4,  5.02413441285966544E-2
 ii= 219 error= 0.12957258952870584,  -4.25727230841672494E-2,  -7.80571686911241402E-2
 ii= 220 error= 0.18860284069271505,  1.61740104729049435E-2,  9.54558296950274027E-2
 ii= 221 error= 0.19769721700771223,  -5.40842508482276829E-2,  -0.11789096762788386
 ii= 222 error= 0.15128308379566088,  1.35251734531439578E-2,  8.21264620966392911E-2
 ii= 223 error= 0.17173852746707191,  -4.79355270293657584E-2,  -0.10463759773213853
 ii= 224 error= 0.21851959136351598,  2.68739117789302956E-2,  0.11728000946406572
 ii= 225 error= 0.20950719441431753,  -5.34128289943064244E-2,  -0.12567195667645684
 ii= 226 error= 0.12028901313970752,  1.09228834871926417E-2,  6.46983337038610495E-2
 ii= 227 error= 0.14500309763285132,  -3.89379456565303317E-2,  -8.69223323964152389E-2
 ii= 228 error= 0.22136455913487488,  3.03718880220329897E-2,  0.1188482621397999
 ii= 229 error= 0.20940486553376539,  -5.0189329949272013E-2,  -0.12455148813494187
 ii= 230 error= 0.11213073462352402,  1.23480349444547947E-2,  6.06715182074883466E-2
 ii= 231 error= 0.1341981092074559,  -3.37399059483003971E-2,  -7.93115944882180207E-2
 ii= 232 error= 0.2028045097058658,  2.9512865580043797E-2,  0.10854878514863196
 ii= 233 error= 0.20029880883233014,  -4.54602336008003149E-2,  -0.11780464035050654
 ii= 234 error= 0.13406763707836719,  1.96473228677719637E-2,  7.54436564851765773E-2
 ii= 235 error= 0.15430462926210131,  -3.55888159013812017E-2,  -9.16622581743467002E-2
 ii= 236 error= 0.22871368767428077,  3.74132490864824419E-2,  0.12564918434266048
 ii= 237 error= 0.20978570978345806,  -4.54408380929887667E-2,  -0.124009904167025
 ii= 238 error= 0.10438211976517725,  1.5443595206891661E-2,  5.67050678818413617E-2
 ii= 239 error= 0.12219764029309772,  -2.63952914968651441E-2,  -7.00111876808994782E-2
 ii= 240 error= 0.17964837527556735,  2.9455967152477603E-2,  9.61147237150027367E-2
 ii= 241 error= 0.18687547420985179,  -3.82771297830265811E-2,  -0.10806410108039499
 ii= 242 error= 0.16401194094389437,  2.95606370683805311E-2,  9.3903029154017395E-2
 ii= 243 error= 0.17444896751665687,  -3.58153819773044876E-2,  -0.10310745184760224
 ii= 244 error= 0.20370625444459589,  3.70163568625938855E-2,  0.11401371204052752
 ii= 245 error= 0.19748707146971806,  -3.93350435350040897E-2,  -0.1157590031650815
 ii= 246 error= 0.14375506295706861,  2.72177497894192828E-2,  8.24693860556562908E-2
 ii= 247 error= 0.16019568582280114,  -3.12978262977095315E-2,  -9.38192141890034498E-2
 ii= 248 error= 0.22770757485439716,  4.28968486207742597E-2,  0.12766107450835404
 ii= 249 error= 0.20719542844437078,  -4.00588927771970971E-2,  -0.12171429568385964
 ii= 250 error= 0.10799415108460701,  2.10019785477746045E-2,  6.01193881188346879E-2
 ii= 251 error= 0.12355514001510934,  -2.20502346430015393E-2,  -6.96878959919108448E-2
 ii= 252 error= 0.1851872418584983,  3.52269624878439325E-2,  0.10127835352963684
 ii= 253 error= 0.18789787273174383,  -3.4439701000446632E-2,  -0.10819972383039222
 ii= 254 error= 0.15885628302614899,  3.26498460210978905E-2,  9.20446375682263396E-2
 ii= 255 error= 0.16935446780898736,  -3.09079516396805719E-2,  -9.90758377587085542E-2
 ii= 256 error= 0.21407923721524463,  4.27379643789750699E-2,  0.12104058324118566
 ii= 257 error= 0.20047309484424455,  -3.65479502034607162E-2,  -0.11712197348011075
 ii= 258 error= 0.1307277653508232,  2.80017496255695331E-2,  7.55533022473715427E-2
 ii= 259 error= 0.14749443932542231,  -2.54604368681858005E-2,  -8.5225029148189399E-2
 ii= 260 error= 0.22690855802442719,  4.56302997179709874E-2,  0.12746434233876078
 ii= 261 error= 0.20540452755381747,  -3.6758624681681222E-2,  -0.11990800423612008
 ii= 262 error= 0.10816096252660161,  2.37847953041638374E-2,  6.08240747179227825E-2
 ii= 263 error= 0.1215534027841958,  -1.89851105127751101E-2,  -6.78194145630408585E-2
 ii= 264 error= 0.18041318530302039,  3.68494347770335282E-2,  9.92418573842319268E-2
 ii= 265 error= 0.18414097246178124,  -3.12851316981074407E-2,  -0.1053964270985481
 ii= 266 error= 0.16543601796056728,  3.61021069496730782E-2,  9.61814179191253366E-2
 ii= 267 error= 0.17256641079087442,  -2.93858075559732569E-2,  -0.1004932286535679
 ii= 268 error= 0.20609173363371283,  4.33852144676981494E-2,  0.11738674855938512
 ii= 269 error= 0.1957786128053858,  -3.36698771873440925E-2,  -0.11391761577710402
 ii= 270 error= 0.14243025768763251,  3.20678973251983732E-2,  8.2739289016095674E-2
 ii= 271 error= 0.15632978617903706,  -2.55158457216958512E-2,  -9.02051801297740485E-2
 ii= 272 error= 0.22905725725583384,  4.79221130899184361E-2,  0.12988369647391254
 ii= 273 error= 0.20519585547074498,  -3.52839658269235648E-2,  -0.11981648223732672
 ii= 274 error= 0.10733655776877987,  2.4881433166826835E-2,  6.01186544173317114E-2
 ii= 275 error= 0.11906428812726481,  -1.69410652458242203E-2,  -6.55202295975085003E-2
 ii= 276 error= 0.17527605333249896,  3.71615582912955475E-2,  9.66657057907523987E-2
 ii= 277 error= 0.1805866413810954,  -2.93360257267089343E-2,  -0.10297015247991927
 ii= 278 error= 0.17298061738491818,  3.8595590962908613E-2,  0.10059354313623024
 ii= 279 error= 0.17668047637316098,  -2.91360246682009771E-2,  -0.10272535064220648
 ii= 280 error= 0.19580027320214924,  4.25335500647928064E-2,  0.11214328455946784
 ii= 281 error= 0.19016413530349674,  -3.15853135492912621E-2,  -0.11031899033247697
 ii= 282 error= 0.15870087610517419,  3.60090798275890314E-2,  9.2259941984766794E-2
 ii= 283 error= 0.16798017780701521,  -2.70845681642830384E-2,  -9.71480485996116389E-2
 ii= 284 error= 0.21725771090042473,  4.67136343626181963E-2,  0.12427233847751241
 ii= 285 error= 0.19998913430369869,  -3.35538799558984246E-2,  -0.11662406059450081
 ii= 286 error= 0.12643385267020635,  2.96477114177448736E-2,  7.2752384344926771E-2
 ii= 287 error= 0.14035127404795597,  -2.10759861733220942E-2,  -7.95420510089220045E-2
 ii= 288 error= 0.21684251575407715,  4.61981358806240194E-2,  0.12245548664777763
 ii= 289 error= 0.19969038728922942,  -3.32216965564990502E-2,  -0.11591776895019219
 ii= 290 error= 0.12319816817629299,  2.91790130307494171E-2,  7.11274809635165234E-2
 ii= 291 error= 0.13664479816348341,  -2.03012226892716856E-2,  -7.74338924843941956E-2
 ii= 292 error= 0.20971958330335524,  4.47659260876575524E-2,  0.11800723904124097
 ii= 293 error= 0.19655096161201649,  -3.24210349099150266E-2,  -0.11369348131873479
 ii= 294 error= 0.1313514666150751,  3.09695329556540153E-2,  7.64261694542120729E-2
 ii= 295 error= 0.14471356869663696,  -2.20328871829686031E-2,  -8.27151914489835105E-2
 ii= 296 error= 0.22153078938001333,  4.71695888280542416E-2,  0.12521701125954701
 ii= 297 error= 0.20112862631964598,  -3.34606963322274589E-2,  -0.11683440005936682
 ii= 298 error= 0.11632371521203567,  2.76414056354807557E-2,  6.64254990966919867E-2
 ii= 299 error= 0.12842850663002808,  -1.83909938747599429E-2,  -7.17938017718144916E-2
 ii= 300 error= 0.19209221368657797,  4.1236226164770344E-2,  0.10743092227552871
 ii= 301 error= 0.18829471008167797,  -3.0554454234146166E-2,  -0.10813770938913775
 ii= 302 error= 0.15082897447070015,  3.47260146264130529E-2,  8.78604394550442785E-2
 ii= 303 error= 0.160718903576579,  -2.53281167829066053E-2,  -9.24853070335238808E-2
 ii= 304 error= 0.22353574905566004,  4.78318280918531014E-2,  0.12743375402706161
 ii= 305 error= 0.20147230000569386,  -3.37039635970653798E-2,  -0.11740130401653612
 ii= 306 error= 0.1165349228233986,  2.74898250713264958E-2,  6.62490444410307605E-2
 ii= 307 error= 0.12851410445888736,  -1.84019842160296869E-2,  -7.15734094436534518E-2
 ii= 308 error= 0.19188501858204615,  4.11236195988747971E-2,  0.10745993531343051
 ii= 309 error= 0.18798040335084218,  -3.06088288209035303E-2,  -0.1079961849567015
 ii= 310 error= 0.15124029552725893,  3.46397673036158149E-2,  8.80237691983386805E-2
 ii= 311 error= 0.16088125306011139,  -2.54592757321938888E-2,  -9.25065109857268891E-2
 ii= 312 error= 0.22313526105625053,  4.76197265405154946E-2,  0.12729174383947559
 ii= 313 error= 0.20112063835365601,  -3.37806587556585755E-2,  -0.11721664093744572
 ii= 314 error= 0.11712985272201282,  2.74161150879993799E-2,  6.65487146787693551E-2
 ii= 315 error= 0.12894326742672013,  -1.86351642498810109E-2,  -7.17888106222783623E-2
 ii= 316 error= 0.19211030435522597,  4.10053317433181283E-2,  0.10768848852595826
 ii= 317 error= 0.18794202187123088,  -3.07881327890923012E-2,  -0.10802143234111337
 ii= 318 error= 0.15091888082150434,  3.43506893714581596E-2,  8.77703156403544654E-2
 ii= 319 error= 0.16051670509845681,  -2.55504942230625962E-2,  -9.22227427279403711E-2
 ii= 320 error= 0.22323020155374729,  4.74267505945096465E-2,  0.12738096337538182
 ii= 321 error= 0.20100106698240405,  -3.3960822501889712E-2,  -0.11717427143268341
 ii= 322 error= 0.11689565211862163,  2.71064430736983088E-2,  6.62928824460787269E-2
 ii= 323 error= 0.1284346865515337,  -1.87100470414532302E-2,  -7.13808417050868088E-2
 ii= 324 error= 0.19040764479567426,  4.04474763374526036E-2,  0.10672963597193644
 ii= 325 error= 0.18700793455327036,  -3.08090042246583415E-2,  -0.10744234726951046
 ii= 326 error= 0.15289596691318472,  3.44653108352613521E-2,  8.88555202401024313E-2
 ii= 327 error= 0.16194344916377962,  -2.60536680337934527E-2,  -9.30563463139113534E-2
 ii= 328 error= 0.22187932964913876,  4.69598295603520788E-2,  0.12674888918425628
 ii= 329 error= 0.20034173942116151,  -3.40668586778490531E-2,  -0.11680998013460016
 ii= 330 error= 0.11897637036446512,  2.72860935510109912E-2,  6.76053873173466102E-2
 ii= 331 error= 0.13071454270179539,  -1.94453613519789785E-2,  -7.28671682676679394E-2
 ii= 332 error= 0.19459121570644533,  4.10468985823221333E-2,  0.109339342492728
 ii= 333 error= 0.18890021134399196,  -3.14927456818492116E-2,  -0.10876456262395773
 ii= 334 error= 0.14787072531272066,  3.32054051589610738E-2,  8.58641664477394345E-2
 ii= 335 error= 0.15795751157023649,  -2.54644127704318039E-2,  -9.05497777783089153E-2
 ii= 336 error= 0.22429000842393251,  4.70672592676827026E-2,  0.127910045819774
 ii= 337 error= 0.20118073701985709,  -3.44878844203312107E-2,  -0.11732397910950208
 ii= 338 error= 0.11490075898471715,  2.60740823627759293E-2,  6.47711430369265484E-2
 ii= 339 error= 0.12566331799224348,  -1.85483229131292136E-2,  -6.94015330986558487E-2
 ii= 340 error= 0.18330512771277194,  3.85081997167135148E-2,  0.10252532481104773
 ii= 341 error= 0.18332866393686115,  -3.05067155483589106E-2,  -0.10505970393253636
 ii= 342 error= 0.16141559770528743,  3.55087667847122784E-2,  9.36553673286009275E-2
 ii= 343 error= 0.16806608991767646,  -2.7796328320316456E-2,  -9.67663018580798007E-2
 ii= 344 error= 0.21370492247861245,  4.50081043056637584E-2,  0.12254718597685574
 ii= 345 error= 0.19682973744111082,  -3.38624529795256701E-2,  -0.11470270864877785
 ii= 346 error= 0.13203861270673178,  2.95444488090757275E-2,  7.60792524259679692E-2
 ii= 347 error= 0.14484383454812488,  -2.30722520430034599E-2,  -8.22092934177514473E-2
 ii= 348 error= 0.21908782502317631,  4.54475812857593059E-2,  0.12431426357039588
 ii= 349 error= 0.19925236659113441,  -3.43954894344660894E-2,  -0.11590120658004992
 ii= 350 error= 0.11966317154569993,  2.67519644819071804E-2,  6.80727517376224223E-2
 ii= 351 error= 0.1309916671681918,  -2.0176269642924731E-2,  -7.31132774212903958E-2
 ii= 352 error= 0.19374252952073737,  4.02036680313851771E-2,  0.10891625010482824
 ii= 353 error= 0.18836752319785399,  -3.20410630714043215E-2,  -0.10848989160789738
 ii= 354 error= 0.1485674279605112,  3.26052499876511512E-2,  8.61565057467189449E-2
 ii= 355 error= 0.15840048736978371,  -2.61785329093869173E-2,  -9.07525332842569615E-2
 ii= 356 error= 0.22381343891371094,  4.63028739698233618E-2,  0.12774145612757684
 ii= 357 error= 0.20080351888942172,  -3.50740598948571652E-2,  -0.11716603676895578
 ii= 358 error= 0.1154225232022498,  2.54429401055937809E-2,  6.49478857291211076E-2
 ii= 359 error= 0.12599970631667579,  -1.92420409821111964E-2,  -6.95278970547841546E-2
 ii= 360 error= 0.18289192655150621,  3.77666748340795208E-2,  0.10239378957682373
 ii= 361 error= 0.18299787396928113,  -3.11028526653615613E-2,  -0.10492815421248129
 ii= 362 error= 0.16171035240689766,  3.48372285855554353E-2,  9.37193664371282764E-2
 ii= 363 error= 0.16822539792819091,  -2.84466475618391466E-2,  -9.67974413451463261E-2
 ii= 364 error= 0.21340774422330872,  4.42813371234483388E-2,  0.12245651525113581
 ii= 365 error= 0.19655252391764735,  -3.44590819412284796E-2,  -0.1145964243816128
 ii= 366 error= 0.13225187142583147,  2.88667698001504325E-2,  7.60872447489185227E-2
 ii= 367 error= 0.1448984042718765,  -2.36968847682841877E-2,  -8.2172077717658526E-2
 ii= 368 error= 0.2183868135729411,  4.46487469931824213E-2,  0.12397907180603816
 ii= 369 error= 0.19882776147422077,  -3.49488584368411459E-2,  -0.11569013306677998
 ii= 370 error= 0.12046156810586336,  2.62190130857619004E-2,  6.84815059110997076E-2
 ii= 371 error= 0.13171962506926688,  -2.09465554499406008E-2,  -7.3534789718290347E-2
 ii= 372 error= 0.19429507797659579,  3.96718774166425134E-2,  0.10934145383866417
 ii= 373 error= 0.18851802718932692,  -3.27153922791529883E-2,  -0.10866412003004025
 ii= 374 error= 0.14775120709987136,  3.17542148649203673E-2,  8.55818583578185355E-2
 ii= 375 error= 0.15767726601020965,  -2.66247364586044491E-2,  -9.02463277335760899E-2
 ii= 376 error= 0.2237107669378689,  4.56215922221288178E-2,  0.12769017898777604
 ii= 377 error= 0.20063610937169715,  -3.56551157182071685E-2,  -0.11710145220941846
 ii= 378 error= 0.11529221362596928,  2.47321631011469985E-2,  6.47414304419021008E-2
 ii= 379 error= 0.12564683607799532,  -1.97481976048676233E-2,  -6.92226908082914372E-2
 ii= 380 error= 0.18121508918257329,  3.6812305335825482E-2,  0.10145574324847417
 ii= 381 error= 0.18206889289586814,  -3.15087609574804459E-2,  -0.10436919629234064
 ii= 382 error= 0.16357511520315243,  3.45305111930178585E-2,  9.47099291651568864E-2
 ii= 383 error= 0.16950651540921444,  -2.92820002111415963E-2,  -9.75405007213097225E-2
 ii= 384 error= 0.2111355322512683,  4.32622130234829594E-2,  0.12128887205224623
 ii= 385 error= 0.19549286818426614,  -3.48296693346529379E-2,  -0.11398141367307107
 ii= 386 error= 0.13498966277828414,  2.87714718833074652E-2,  7.76571732592729741E-2
 ii= 387 error= 0.14736119712102116,  -2.47661427432036493E-2,  -8.36537052721345598E-2
 ii= 388 error= 0.22060847681017126,  4.45194196708888212E-2,  0.12545285191415462
 ii= 389 error= 0.19957859701057903,  -3.57107590430877503E-2,  -0.11628719252289216
 ii= 390 error= 0.11764524533440014,  2.49325186147085452E-2,  6.63984646859214905E-2
 ii= 391 error= 0.12826330213448614,  -2.06907555410112652E-2,  -7.10687271716033686E-2
 ii= 392 error= 0.18649445967676051,  3.75383154520720699E-2,  0.10469941001056977
 ii= 393 error= 0.18473029030535512,  -3.24341406858527498E-2,  -0.10618106079482313
 ii= 394 error= 0.15706647607379376,  3.294726387944584E-2,  9.09551033136850456E-2
 ii= 395 error= 0.16487167465522051,  -2.86406298975236707E-2,  -9.46657650906829462E-2
 ii= 396 error= 0.21843914568181394,  4.42113902453221061E-2,  0.12518820140946216
 ii= 397 error= 0.19849020553075625,  -3.57742966982674965E-2,  -0.11587468082956712
 ii= 398 error= 0.12372836123746261,  2.60197638373582951E-2,  7.03350317000921155E-2
 ii= 399 error= 0.13550820223093252,  -2.24761745279522182E-2,  -7.58330812729944154E-2
 ii= 400 error= 0.20132585307903569,  4.031246213193658E-2,  0.11373301964675384
 ii= 401 error= 0.19158527174188084,  -3.41841230665789822E-2,  -0.11082654050529792
 ii= 402 error= 0.13997840360815003,  2.94030944483368063E-2,  8.08744442313614476E-2
 ii= 403 error= 0.15111855102314056,  -2.59922363426142861E-2,  -8.61195043969583268E-2
 ii= 404 error= 0.22225891082793547,  4.44363195322377835E-2,  0.12650892782989895
 ii= 405 error= 0.20002842452012831,  -3.62196340946996168E-2,  -0.11662873086491443
 ii= 406 error= 0.11596360882464378,  2.41165118659226567E-2,  6.51932452183384137E-2
 ii= 407 error= 0.12625685375960324,  -2.0618860337088922E-2,  -6.96640391853811936E-2
 ii= 408 error= 0.18144500590537516,  3.61161361327542313E-2,  0.10165651084594172
 ii= 409 error= 0.18213521463815621,  -3.22424878345871982E-2,  -0.10445939403101277
 ii= 410 error= 0.16292242288315245,  3.36352165853133281E-2,  9.4267151557576534E-2
 ii= 411 error= 0.16903942927674956,  -2.98639602056617673E-2,  -9.72031146991600564E-2
 ii= 412 error= 0.21186686465795881,  4.26610506667279357E-2,  0.12172014252525437
 ii= 413 error= 0.19571444792298318,  -3.55688532509941396E-2,  -0.11415995016393649
 ii= 414 error= 0.13383804530034912,  2.77940892243171353E-2,  7.68819617064996769E-2
 ii= 415 error= 0.14621547751995315,  -2.51874279547125157E-2,  -8.28875258082093364E-2
 ii= 416 error= 0.21877779341139561,  4.34411674854697782E-2,  0.12437157627290178
 ii= 417 error= 0.19878415688450132,  -3.61977285296705559E-2,  -0.11577890841015474
 ii= 418 error= 0.11983286103950837,  2.47173681516578946E-2,  6.784933540630049E-2
 ii= 419 error= 0.13075919366307548,  -2.19072132424627912E-2,  -7.27543344313684032E-2
 ii= 420 error= 0.19097213773256946,  3.77611817739202868E-2,  0.10746608767781557
 ii= 421 error= 0.18683701739266803,  -3.35568767690063025E-2,  -0.10763351294373931
 ii= 422 error= 0.15139682694991077,  3.11597897356423945E-2,  8.75963413079232228E-2
 ii= 423 error= 0.16052736835165804,  -2.83603960918165122E-2,  -9.19312101950227334E-2
 ii= 424 error= 0.22207870356687615,  4.41416860437582881E-2,  0.12701747632211155
 ii= 425 error= 0.19984595682149911,  -3.66706652950406983E-2,  -0.11671464800702233
 ii= 426 error= 0.11770581714238718,  2.40077068074867998E-2,  6.62154675615988508E-2
 ii= 427 error= 0.12837682499078704,  -2.14764354700893861E-2,  -7.09746078028552357E-2
 ii= 428 error= 0.18596342740263852,  3.66019406239612086E-2,  0.10446996460040928
 ii= 429 error= 0.18437457519582529,  -3.31672350094486049E-2,  -0.10600082403472638
 ii= 430 error= 0.15746487982403851,  3.21537264906934864E-2,  9.11019721177905584E-2
 ii= 431 error= 0.16513512401245314,  -2.94577269226528535E-2,  -9.47683430377360553E-2
 ii= 432 error= 0.21774883487012359,  4.32637539046221778E-2,  0.12485309858043285
 ii= 433 error= 0.19811404917988049,  -3.64708144096515738E-2,  -0.11567394857528464
 ii= 434 error= 0.12464452556060604,  2.53912747785918075E-2,  7.08770314067573848E-2
 ii= 435 error= 0.13646838409321677,  -2.34374659185949234E-2,  -7.64356281991144804E-2
 ii= 436 error= 0.20245896064629187,  3.97536939392071839E-2,  0.11447756495620841
 ii= 437 error= 0.19201457912916325,  -3.503460642311685E-2,  -0.11116119100005936
 ii= 438 error= 0.138588129447721,  2.83225284869119548E-2,  7.9971829463891933E-2
 ii= 439 error= 0.14985515612875686,  -2.64474538513815756E-2,  -8.52861120460607774E-2
 ii= 440 error= 0.22094969186620148,  4.33963318354174676E-2,  0.12572245726808245
 ii= 441 error= 0.19946228784338471,  -3.68099369513757296E-2,  -0.11626662103974303
 ii= 442 error= 0.11736953505532099,  2.36714039479574805E-2,  6.61180002401461214E-2
 ii= 443 error= 0.12786273189827022,  -2.16875684483464858E-2,  -7.07437558916209491E-2
 ii= 444 error= 0.1841673821839635,  3.59347547354362112E-2,  0.10336501548236519
 ii= 445 error= 0.18347140378115442,  -3.32415377424153044E-2,  -0.10538842528498657
 ii= 446 error= 0.15928651525426665,  3.21973672115386245E-2,  9.2127134319536827E-2
 ii= 447 error= 0.16644449565068709,  -2.99944887041347606E-2,  -9.55566084026403112E-2
 ii= 448 error= 0.21577368976623482,  4.26289785233750704E-2,  0.12381678150046453
 ii= 449 error= 0.19727295837986733,  -3.65648111779715082E-2,  -0.11515621180779351
 ii= 450 error= 0.12781120914895491,  2.58017240286779713E-2,  7.29732888349743508E-2
 ii= 451 error= 0.13998461449818322,  -2.44836426576992075E-2,  -7.87865230939477218E-2
 ii= 452 error= 0.20871633721288388,  4.0727521037507354E-2,  0.11827419537445716
 ii= 453 error= 0.19466414402915533,  -3.5897224935014703E-2,  -0.11297124352264348
 ii= 454 error= 0.13207924557103135,  2.67361034064517999E-2,  7.59961791585600926E-2
 ii= 455 error= 0.14394903695965749,  -2.54742710156937169E-2,  -8.15865634133206979E-2
 ii= 456 error= 0.21457917146930922,  4.18093869962001263E-2,  0.12174216065794581
 ii= 457 error= 0.1970206818533756,  -3.64838940802176687E-2,  -0.11455024982488114
 ii= 458 error= 0.12513794698159689,  2.51927735496265369E-2,  7.15130351887385829E-2
 ii= 459 error= 0.13684533293331516,  -2.3991997085857298E-2,  -7.69451522562554363E-2
 ii= 460 error= 0.20232862800943704,  3.92963697593428432E-2,  0.11432303909252507
 ii= 461 error= 0.19193111486026371,  -3.5378287602652464E-2,  -0.11107306197442911
 ii= 462 error= 0.13804128170134097,  2.78077263922135651E-2,  7.96061791307509925E-2
 ii= 463 error= 0.14927843514342221,  -2.66855555616591182E-2,  -8.48911824128391196E-2
 ii= 464 error= 0.21982129429596184,  4.27791332180029807E-2,  0.12504169808172641
 ii= 465 error= 0.19895919740808496,  -3.7055397854737944E-2,  -0.11592889882895234
 ii= 466 error= 0.11881311116962802,  2.36243246460288922E-2,  6.71183442805950436E-2
 ii= 467 error= 0.12959424173169917,  -2.24411439133930142E-2,  -7.19389588337053243E-2
 ii= 468 error= 0.18726603515514739,  3.61847788042484603E-2,  0.10525590670784341
 ii= 469 error= 0.18495887536149694,  -3.39215211369049696E-2,  -0.10638932212625146
 ii= 470 error= 0.15514608188189846,  3.10262456771950614E-2,  8.96901359725004316E-2
 ii= 471 error= 0.16333891642718343,  -2.9683449825302851E-2,  -9.35967583392802865E-2
 ii= 472 error= 0.21895392820038379,  4.28006200322172126E-2,  0.12543776273437068
 ii= 473 error= 0.19849568235734882,  -3.71475002905159307E-2,  -0.11590406581183643
 ii= 474 error= 0.12256868441182431,  2.42968281281263528E-2,  6.9478586020385702E-2
 ii= 475 error= 0.13410003553332722,  -2.35033046908342431E-2,  -7.48366799882936723E-2
 ii= 476 error= 0.19701587152968383,  3.80450427789414888E-2,  0.11120977571011952
 ii= 477 error= 0.18953107423664525,  -3.5056013364531402E-2,  -0.10949461108698616
 ii= 478 error= 0.14413271985160631,  2.87876662422954545E-2,  8.32275718100722733E-2
 ii= 479 error= 0.15456655292906618,  -2.79743133886663845E-2,  -8.81615884154134527E-2
 ii= 480 error= 0.22248538918461228,  4.3179648898728315E-2,  0.12690395788140021
 ii= 481 error= 0.19992802467353893,  -3.75032683059865826E-2,  -0.11668139156343135
 ii= 482 error= 0.11610487920082917,  2.27628468649874044E-2,  6.51372706289911479E-2
 ii= 483 error= 0.12635381488528735,  -2.18669042491424735E-2,  -6.96169391788134528E-2
 ii= 484 error= 0.18048678201295085,  3.46318802248798269E-2,  0.1011778058184659
 ii= 485 error= 0.18157539385308141,  -3.33630449714052493E-2,  -0.10414518236450647
 ii= 486 error= 0.16366765660479154,  3.24478720344683821E-2,  9.46039235393460048E-2
 ii= 487 error= 0.16955843441769064,  -3.11520491161264741E-2,  -9.74508135334104103E-2
 ii= 488 error= 0.21065409145112132,  4.11762895545503133E-2,  0.12111709492606637
 ii= 489 error= 0.19509905793879498,  -3.66295475095278905E-2,  -0.11381415091974265
 ii= 490 error= 0.13500638383752478,  2.67530229344740862E-2,  7.74947636654211847E-2
 ii= 491 error= 0.14721734633226288,  -2.65365727622088009E-2,  -8.34360047012819711E-2
 ii= 492 error= 0.21901739852080609,  4.22847662955991438E-2,  0.12462179736576723
 ii= 493 error= 0.19876861759067441,  -3.7347543228622361E-2,  -0.11583189799120192
 ii= 494 error= 0.1194865423483332,  2.34119007792935666E-2,  6.75112888807407052E-2
 ii= 495 error= 0.13027849095632843,  -2.29009699704479999E-2,  -7.23501465230674129E-2
 ii= 496 error= 0.18907827828340401,  3.62229128973344527E-2,  0.10640086853331254
 ii= 497 error= 0.18588121467334867,  -3.44517813624499597E-2,  -0.10703926227137653
 ii= 498 error= 0.15337609405104419,  3.03626930904022201E-2,  8.86852931584875825E-2
 ii= 499 error= 0.16205902397540228,  -2.97355108446988176E-2,  -9.28240462256607196E-2
 ii= 500 error= 0.22069917547675075,  4.27807056028722821E-2,  0.1263752499785584
 ii= 501 error= 0.19922978455027571,  -3.76059833509695338E-2,  -0.11637577503351026
 ii= 502 error= 0.11968810805959276,  2.33227592975242398E-2,  6.74887179712212043E-2
 ii= 503 error= 0.13068100056094045,  -2.30224765877788499E-2,  -7.24844493202976975E-2
 ii= 504 error= 0.19010170427890663,  3.635682508531006E-2,  0.10705206392708766
 ii= 505 error= 0.18634173445748481,  -3.4634290710176735E-2,  -0.10736197021904947
 ii= 506 error= 0.15226274137979498,  3.00657359342821062E-2,  8.80257119952412848E-2
 ii= 507 error= 0.1611929781119304,  -2.96283730762352641E-2,  -9.22795145080208684E-2
 ii= 508 error= 0.22124451033251588,  4.27869363445245385E-2,  0.12663272221863392
 ii= 509 error= 0.19943951778023022,  -3.77185846912716782E-2,  -0.1164974305964846
 ii= 510 error= 0.1188019141509043,  2.3049971477509798E-2,  6.68917504398430368E-2
 ii= 511 error= 0.12962700795312002,  -2.28577223194267945E-2,  -7.17717720130658515E-2
 ii= 512 error= 0.18783821868621803,  3.58283957296466823E-2,  0.1056793378548055
 ii= 513 error= 0.18525476681288128,  -3.44597877498900307E-2,  -0.10663105874305752
 ii= 514 error= 0.1549402065389428,  3.05073990025567336E-2,  8.95852352350637593E-2
 ii= 515 error= 0.16325199309868541,  -3.01201666645506301E-2,  -9.35542464548436425E-2
 ii= 516 error= 0.2195852924564603,  4.24466997950216432E-2,  0.12582063090924175
 ii= 517 error= 0.19878621832460178,  -3.76545907215495648E-2,  -0.11610886464238093
 ii= 518 error= 0.12146902841661571,  2.3574644434471357E-2,  6.86918474673957474E-2
 ii= 519 error= 0.1327796461307737,  -2.36304930767988267E-2,  -7.39042433456496006E-2
 ii= 520 error= 0.1944498138889825,  3.70836441295059743E-2,  0.10969026494229155
 ii= 521 error= 0.18838148203162633,  -3.52260407410026691E-2,  -0.10873728675426504
 ii= 522 error= 0.14721834350710589,  2.89475687258557331E-2,  8.50647034980282768E-2
 ii= 523 error= 0.15717271234486585,  -2.89313874355188287E-2,  -8.97863824878671196E-2
 ii= 524 error= 0.22286578746230834,  4.28680371620572959E-2,  0.1273038479132676
 ii= 525 error= 0.20008173304218918,  -3.79624161711221014E-2,  -0.11684345411864119
 ii= 526 error= 0.11591274890623147,  2.22713860249183389E-2,  6.49409902581108006E-2
 ii= 527 error= 0.12610934941573457,  -2.21955216869356188E-2,  -6.93899893789923505E-2
 ii= 528 error= 0.18014158655228021,  3.41491279161088984E-2,  0.10099783108208402
 ii= 529 error= 0.18141848156171803,  -3.37250218914545083E-2,  -0.10405717101037093
 ii= 530 error= 0.16430301314450804,  3.21578294832576134E-2,  9.49800355741240027E-2
 ii= 531 error= 0.1700371133461126,  -3.16373194922717482E-2,  -9.77536941716381363E-2
 ii= 532 error= 0.21012065300248939,  4.06815556382184862E-2,  0.12085856892931772
 ii= 533 error= 0.19489795617762989,  -3.6966315935338008E-2,  -0.1137004318773885
 ii= 534 error= 0.13582199949245005,  2.65228724086535896E-2,  7.79966307549297411E-2
 ii= 535 error= 0.14801829573864608,  -2.70760804465746789E-2,  -8.3942712101457595E-2
 ii= 536 error= 0.22004225913574788,  4.21063944655816341E-2,  0.12527479879914277
 ii= 537 error= 0.19918452157253175,  -3.78073773502853733E-2,  -0.11613073585625751
 ii= 538 error= 0.11811947619083599,  2.27100826800982723E-2,  6.65340464601949511E-2
 ii= 539 error= 0.12863255358847847,  -2.28735682900913298E-2,  -7.11863308706591758E-2
 ii= 540 error= 0.18569109531901659,  3.5176128666758677E-2,  0.10437077145390078
 ii= 541 error= 0.18425225820696128,  -3.44384995480282521E-2,  -0.10595814125382146
 ii= 542 error= 0.15761161783852859,  3.08105974907229227E-2,  9.11544579903869057E-2
 ii= 543 error= 0.16528775586216024,  -3.0743661525092017E-2,  -9.48289040790987192E-2
 ii= 544 error= 0.21771368059206705,  4.19281922311985217E-2,  0.12489334150424185
 ii= 545 error= 0.19806678762396279,  -3.77054618871211569E-2,  -0.11568049641128207
 ii= 546 error= 0.12443018690622754,  2.40197081425903534E-2,  7.06603409424144957E-2
 ii= 547 error= 0.13616964735134213,  -2.45754148505935542E-2,  -7.61717216913517098E-2
 ii= 548 error= 0.20133638931231088,  3.82598740944612298E-2,  0.11386935109364549
 ii= 549 error= 0.19149558917243342,  -3.61175447010964809E-2,  -0.11084831962912413
 ii= 550 error= 0.13970184245546374,  2.72755474958590836E-2,  8.05991590561400406E-2
 ii= 551 error= 0.15084150346092259,  -2.78129184021608453E-2,  -8.58600259102258873E-2
 ii= 552 error= 0.22133291009879477,  4.22545130292761792E-2,  0.12604390056482123
 ii= 553 error= 0.19956256227480437,  -3.79875884088428512E-2,  -0.11637974694638321
 ii= 554 error= 0.11683751149831444,  2.23249559970733653E-2,  6.5676168946962557E-2
 ii= 555 error= 0.12717937177046265,  -2.26454855864533094E-2,  -7.02072803534482121E-2
 ii= 556 error= 0.18220097646711153,  3.43703235506375368E-2,  0.10223557387263439
 ii= 557 error= 0.18247669252598617,  -3.41307135106924883E-2,  -0.10475460481897017
 ii= 558 error= 0.16159395511040994,  3.14617913637846094E-2,  9.3426282523313281E-2
 ii= 559 error= 0.16813475213810028,  -3.14145386276903429E-2,  -9.65714374654017826E-2
 ii= 560 error= 0.21329418961432758,  4.10574390316159818E-2,  0.12254816576458556
 ii= 561 error= 0.19622913234036637,  -3.74095239118211395E-2,  -0.11452929526253931
 ii= 562 error= 0.1317308493373737,  2.55268053752927618E-2,  7.55107440235958938E-2
 ii= 563 error= 0.14417261096205339,  -2.64424204281090459E-2,  -8.15361635220833297E-2
 ii= 564 error= 0.21537801629123757,  4.09698096024268682E-2,  0.12236073618236523
 ii= 565 error= 0.19737442878248337,  -3.7539689850864276E-2,  -0.11485182759181807
 ii= 566 error= 0.12398387481881731,  2.38963234583131207E-2,  7.06363966502425028E-2
 ii= 567 error= 0.13548500460453131,  -2.46074886013407969E-2,  -7.59390651995083821E-2
 ii= 568 error= 0.19958717805790216,  3.77732400009661504E-2,  0.11274219939300396
 ii= 569 error= 0.19073952322351445,  -3.60411130490066803E-2,  -0.11030364208376457
 ii= 570 error= 0.14118567876445773,  2.74581180214694513E-2,  8.14883242448061484E-2
 ii= 571 error= 0.15209568438444954,  -2.81738802209771204E-2,  -8.66344099475348933E-2
 ii= 572 error= 0.22182407147237901,  4.22596274419577284E-2,  0.12639313179141071
 ii= 573 error= 0.19971583411853341,  -3.81292102153366688E-2,  -0.11650196990933623
 ii= 574 error= 0.11641325621025402,  2.21170548374147805E-2,  6.53676976460264986E-2
 ii= 575 error= 0.12669090608891742,  -2.26294856959524462E-2,  -6.98560050250477682E-2
 ii= 576 error= 0.18102326331023938,  3.40301398662453541E-2,  0.101523637265882
 ii= 577 error= 0.18186641147074406,  -3.4091839517807615E-2,  -0.10434594549154648
 ii= 578 error= 0.16295659653631442,  3.1613219098757056E-2,  9.41968499296064188E-2
 ii= 579 error= 0.16908780438300708,  -3.17028511260692911E-2,  -9.71511753950850127E-2
 ii= 580 error= 0.21156501311680423,  4.06505398526223818E-2,  0.12162251780197471
 ii= 581 error= 0.19549106470560365,  -3.73476494329373424E-2,  -0.11406574234998412
 ii= 582 error= 0.13382275294529949,  2.5846093128554265E-2,  7.67751769373656023E-2
 ii= 583 error= 0.1461361640468605,  -2.69380342361776014E-2,  -8.27525052994236149E-2
 ii= 584 error= 0.21774514173449958,  4.13603470616333846E-2,  0.12383951217190349
 ii= 585 error= 0.19828248789668659,  -3.78430707791580362E-2,  -0.1154925444077205
 ii= 586 error= 0.12098752894211054,  2.3115451173494693E-2,  6.8555744883158562E-2
 ii= 587 error= 0.13204459154330489,  -2.39086651037908639E-2,  -7.35625176180097762E-2
 ii= 588 error= 0.19258382978546812,  3.62900268960486203E-2,  0.108532173311505
 ii= 589 error= 0.1875460395834887,  -3.54119222626373548E-2,  -0.10815895503047972
 ii= 590 error= 0.14914419393473691,  2.89235335307512047E-2,  8.62038504660964239E-2
 ii= 591 error= 0.15874003984016946,  -2.96267815295703646E-2,  -9.07555522635920958E-2
 ii= 592 error= 0.22247323110022343,  4.24313916980300909E-2,  0.12718388563688707
 ii= 593 error= 0.19992176818382762,  -3.8300114351973176E-2,  -0.11676900795742101
 ii= 594 error= 0.11665122556361847,  2.20514394873166132E-2,  6.54311684761232221E-2
 ii= 595 error= 0.12702903301540383,  -2.27586058004872228E-2,  -6.99986974767566189E-2
 ii= 596 error= 0.18206519659765444,  3.41614461875637473E-2,  0.10218197607303321
 ii= 597 error= 0.18240061787882123,  -3.42950767892097677E-2,  -0.10471747498224317
 ii= 598 error= 0.16187590331071314,  3.13274558241738374E-2,  9.35856928064848215E-2
 ii= 599 error= 0.16834761266676004,  -3.16307584234173725E-2,  -9.66992346358363647E-2
 ii= 600 error= 0.21298796960963898,  4.08216235255625809E-2,  0.12239378363525631
 ii= 601 error= 0.19610589500956824,  -3.75540060420688909E-2,  -0.11445527741421717
 ii= 602 error= 0.13212833649577146,  2.54286675611860372E-2,  7.57543531247245189E-2
 ii= 603 error= 0.14456586088198387,  -2.66914606554598637E-2,  -8.17812137403966244E-2
 ii= 604 error= 0.21591141477428899,  4.09027270931391282E-2,  0.12269570233301998
 ii= 605 error= 0.19758718738596165,  -3.77524361431916394E-2,  -0.11500207128721061
 ii= 606 error= 0.12325769865163833,  2.35584936137633628E-2,  7.0131686277066313E-2
 ii= 607 error= 0.1346581595915915,  -2.45788244005108111E-2,  -7.53652248934334884E-2
 ii= 608 error= 0.19791466649702349,  3.72732742257884178E-2,  0.11174294221797468
 ii= 609 error= 0.18999505652377843,  -3.60310685403416667E-2,  -0.10980447558014246
 ii= 610 error= 0.14304300492366498,  2.76588129912884659E-2,  8.2596823482941728E-2
 ii= 611 error= 0.15369705974032979,  -2.86578877301566087E-2,  -8.76271210240421178E-2
 ii= 612 error= 0.22248797919921509,  4.22546248026445803E-2,  0.12687485259890291
 ii= 613 error= 0.199958575958366,  -3.83433547746375447E-2,  -0.11669444115421028
 ii= 614 error= 0.11578122722080993,  2.18047628664411186E-2,  6.48995476072952854E-2
 ii= 615 error= 0.12593402110788463,  -2.25963428910074295E-2,  -6.9305153118068008E-2
 ii= 616 error= 0.17944450586195104,  3.35601033150394468E-2,  0.100573713076356
 ii= 617 error= 0.1810609744506568,  -3.40587511568504822E-2,  -0.10381214167224111
 ii= 618 error= 0.16497832400644397,  3.18426389165639284E-2,  9.53562706707779539E-2
 ii= 619 error= 0.17050258587244482,  -3.21364165838104315E-2,  -9.80277567044001708E-2
 ii= 620 error= 0.20909489064852643,  4.00653979479555639E-2,  0.1203065502710302
 ii= 621 error= 0.1944462675365575,  -3.72684037904578921E-2,  -0.11341429535130848
 ii= 622 error= 0.1370238783515943,  2.63390486203236192E-2,  7.87113924326955233E-2
 ii= 623 error= 0.14910591418044677,  -2.76893384340437636E-2,  -8.46043504036454314E-2
 ii= 624 error= 0.22085448252303538,  4.1866344992378228E-2,  0.12581271718171289
 ii= 625 error= 0.19948041440747019,  -3.8261775083254089E-2,  -0.1163484127311443
 ii= 626 error= 0.11719084719420289,  2.20897779226925557E-2,  6.5871923914127814E-2
 ii= 627 error= 0.12753730043040165,  -2.2995723663527444E-2,  -7.04080023316562414E-2
 ii= 628 error= 0.18326884325296505,  3.42967546895169215E-2,  0.10291420047027248
 ii= 629 error= 0.18305133226216017,  -3.45395859091565741E-2,  -0.10515676905057589
 ii= 630 error= 0.16055392045144568,  3.09806170082970837E-2,  9.28493260546655735E-2
 ii= 631 error= 0.1674416599124085,  -3.15464491057173141E-2,  -9.61550814218369437E-2
 ii= 632 error= 0.21476612046413904,  4.10364965534466344E-2,  0.12335745829573512
 ii= 633 error= 0.1968727080740815,  -3.78106529981769648E-2,  -0.11494168846500503
 ii= 634 error= 0.1292005199420464,  2.46930461824493158E-2,  7.38259331430737714E-2
 ii= 635 error= 0.14145829233859653,  -2.60972745735807629E-2,  -7.97073977286221619E-2
 ii= 636 error= 0.21098421805712583,  3.98198272485687926E-2,  0.11971405095689891
 ii= 637 error= 0.19560398107163318,  -3.73897520406814288E-2,  -0.11364492910967237
 ii= 638 error= 0.12991414672851534,  2.49515393118632869E-2,  7.46422027067812771E-2
 ii= 639 error= 0.14197559181075023,  -2.6313316366322944E-2,  -8.03271920602131317E-2
 ii= 640 error= 0.21161327239779851,  3.98950595189653881E-2,  0.11997406288884105
 ii= 641 error= 0.19586128330929503,  -3.74409708710552111E-2,  -0.113769094339831
 ii= 642 error= 0.12879628682119096,  2.47143694566096701E-2,  7.39539177737780357E-2
 ii= 643 error= 0.14083575454356217,  -2.60847814313336299E-2,  -7.96092029404854018E-2
 ii= 644 error= 0.20951965886808746,  3.94621810829090675E-2,  0.11869229171202911
 ii= 645 error= 0.19499072508347948,  -3.72489413270703923E-2,  -0.11316645331707191
 ii= 646 error= 0.1306471290950165,  2.50791820310048846E-2,  7.50878671309962303E-2
 ii= 647 error= 0.14254964246255517,  -2.6445780248531843E-2,  -8.06709793103723843E-2
 ii= 648 error= 0.21192078124538111,  3.99371301024491684E-2,  0.12016004149293813
 ii= 649 error= 0.19592228299495437,  -3.7472608303094887E-2,  -0.11381015158584205
 ii= 650 error= 0.12830575813108033,  2.45834989368982695E-2,  7.36140235448068114E-2
 ii= 651 error= 0.14028436412205927,  -2.59752758856484217E-2,  -7.92254751385772366E-2
 ii= 652 error= 0.20815456225280354,  3.91711417939214837E-2,  0.11786649925087868
 ii= 653 error= 0.19438132925120155,  -3.71265995549622599E-2,  -0.11274845933307
 ii= 654 error= 0.13180746964973425,  2.52884602889380666E-2,  7.57761721099880214E-2
 ii= 655 error= 0.14357759156761885,  -2.66672097945405973E-2,  -8.12877500869423758E-2
 ii= 656 error= 0.21300072022311128,  4.01404977216592018E-2,  0.12083012810327931
 ii= 657 error= 0.19630377933164864,  -3.75784608822825744E-2,  -0.11407787644087859
 ii= 658 error= 0.12721099280760509,  2.43316124676247088E-2,  7.29031372350394391E-2
 ii= 659 error= 0.13917728044572852,  -2.57511012000907064E-2,  -7.85000069794035693E-2
 ii= 660 error= 0.20598647823785124,  3.87208729077364935E-2,  0.11655381896204817
 ii= 661 error= 0.19345388424138368,  -3.69306134900478436E-2,  -0.1121138887422666
 ii= 662 error= 0.13384189101579991,  2.56784589893599043E-2,  7.70078184939230331E-2
 ii= 663 error= 0.14543392721175441,  -2.70630435600265271E-2,  -8.24345848476499554E-2
 ii= 664 error= 0.21517535131381857,  4.05696452576044461E-2,  0.1221801074063522
 ii= 665 error= 0.19712487886245919,  -3.77861658709199785E-2,  -0.11465463061405788
 ii= 666 error= 0.12450869768040805,  2.3708122307472327E-2,  7.10617545665590405E-2
 ii= 667 error= 0.13620191497373496,  -2.5094913115012947E-2,  -7.64747730711704127E-2
 ii= 668 error= 0.20011490377661117,  3.75416589184778132E-2,  0.11302815137799463
 ii= 669 error= 0.19089561404297339,  -3.63683955163709507E-2,  -0.1103850273097846
 ii= 670 error= 0.13993922800585643,  2.68759355123478379E-2,  8.06825901827367131E-2
 ii= 671 error= 0.15089578966872175,  -2.82023720964526999E-2,  -8.58266747862506396E-2
 ii= 672 error= 0.22009930064725658,  4.15915193313127068E-2,  0.12532153537582566
 ii= 673 error= 0.19897029103662456,  -3.82423931152828939E-2,  -0.1159795114458239
 ii= 674 error= 0.11867030800031525,  2.23461965428244612E-2,  6.69786687711307616E-2
 ii= 675 error= 0.12946625104371051,  -2.35611823845715967E-2,  -7.18041073048993617E-2
 ii= 676 error= 0.18624715662626062,  3.47738005129433064E-2,  0.10468490162694487
 ii= 677 error= 0.18443114132797153,  -3.49366319703070874E-2,  -0.10604953781736964
 ii= 678 error= 0.15598427062426867,  2.99789295739777209E-2,  9.01305745263611818E-2
 ii= 679 error= 0.16396885100122205,  -3.0907052340187334E-2,  -9.39356989465784248E-2
 ii= 680 error= 0.21784419353569262,  4.14312825403577237E-2,  0.12487099840276983
 ii= 681 error= 0.19800179725017203,  -3.81277884666923611E-2,  -0.11560353356976481
 ii= 682 error= 0.12419156652624773,  2.3513935892082137E-2,  7.05569282548758198E-2
 ii= 683 error= 0.13598277861689484,  -2.49911673775956855E-2,  -7.6083901613273261E-2
 ii= 684 error= 0.20017442863384682,  3.75555799583300876E-2,  0.11315441913251698
 ii= 685 error= 0.1909214876734758,  -3.64142247943426076E-2,  -0.11044617372440367
 ii= 686 error= 0.14039744195135764,  2.6941775330698664E-2,  8.09642283536711055E-2
 ii= 687 error= 0.15136134007814786,  -2.83274336251071804E-2,  -8.6127488331608118E-2
 ii= 688 error= 0.22077043804671478,  4.17061333926553104E-2,  0.12575047056522037
 ii= 689 error= 0.19926208096593584,  -3.83369717640231963E-2,  -0.11618936902485741
 ii= 690 error= 0.1177642743303699,  2.21045099602479832E-2,  6.63245843657525175E-2
 ii= 691 error= 0.12835367129141617,  -2.33245955905959854E-2,  -7.1016117779937063E-2
 ii= 692 error= 0.18410402259127662,  3.43238300731356361E-2,  0.10339944398771038
 ii= 693 error= 0.18339496966797256,  -3.47323474014850017E-2,  -0.10536518130997125
 ii= 694 error= 0.15880654174979297,  3.0497812011419087E-2,  9.177979208315655E-2
 ii= 695 error= 0.16609407272699334,  -3.13725439035714149E-2,  -9.52668602221145577E-2
 ii= 696 error= 0.21566907156542334,  4.10454553917938975E-2,  0.12377541551294191
 ii= 697 error= 0.19715121133282826,  -3.79792229797493441E-2,  -0.11509209061534691
 ii= 698 error= 0.12772871851502812,  2.42608726245163685E-2,  7.28929231631783442E-2
 ii= 699 error= 0.13991478894157117,  -2.58823283710849401E-2,  -7.87055301439652105E-2
 ii= 700 error= 0.20777117605880749,  3.90501352236142935E-2,  0.11775555552051857
 ii= 701 error= 0.19421574242795628,  -3.71843224824202623E-2,  -0.1126894595290709
 ii= 702 error= 0.1326873811468087,  2.53822146161469982E-2,  7.63083031148699825E-2
 ii= 703 error= 0.14447231432064084,  -2.69297960833206028E-2,  -8.18479276092333868E-2
 ii= 704 error= 0.21446530724649396,  4.03606179157178085E-2,  0.12174387332579227
 ii= 705 error= 0.1969078615517186,  -3.77957094495372514E-2,  -0.11450540113637715
 ii= 706 error= 0.12523082261723678,  2.38024506089411989E-2,  7.15374006368451887E-2
 ii= 707 error= 0.13696771257640539,  -2.53225852628753828E-2,  -7.6983691618830119E-2
 ii= 708 error= 0.20184678458587071,  3.78282343043280581E-2,  0.11408544584174807
 ii= 709 error= 0.19168635385005575,  -3.66070463632890142E-2,  -0.11092913519464495
 ii= 710 error= 0.13827164593095748,  2.64904561457093256E-2,  7.96975746488172571E-2
 ii= 711 error= 0.14947044450160824,  -2.7970459218223425E-2,  -8.49569139809917828E-2
 ii= 712 error= 0.21938772432535167,  4.13720282800159947E-2,  0.12483894245515414
 ii= 713 error= 0.19874248796548791,  -3.82394971170089346E-2,  -0.11580640332449856
 ii= 714 error= 0.119302387534084,  2.24353139711724603E-2,  6.74238335624321311E-2
 ii= 715 error= 0.13018416571969879,  -2.37816335445470983E-2,  -7.23046544386244244E-2
 ii= 716 error= 0.1878655135193899,  3.50409361098530658E-2,  0.10566823612494496
 ii= 717 error= 0.18523653297302223,  -3.51705083794673148E-2,  -0.10659274802545435
 ii= 718 error= 0.15412659898801045,  2.95706184435589256E-2,  8.90623507085096661E-2
 ii= 719 error= 0.16257675062351357,  -3.06754527899609428E-2,  -9.30814655707045274E-2
 ii= 720 error= 0.21933276535843318,  4.16272270396498001E-2,  0.12563406049513562
 ii= 721 error= 0.19861143944241189,  -3.83039612319472852E-2,  -0.11597851370545198
 ii= 722 error= 0.12176092285925788,  2.2919541049102439E-2,  6.89174751701318589E-2
 ii= 723 error= 0.13317689366037599,  -2.44127497987287334E-2,  -7.41858180817741159E-2
 ii= 724 error= 0.19457902816244452,  3.63876986963797971E-2,  0.10977617140926718
 ii= 725 error= 0.18840419280846124,  -3.5896670952316953E-2,  -0.10874749950341045
 ii= 726 error= 0.14663116732849141,  2.81154098861627795E-2,  8.46774880188138485E-2
 ii= 727 error= 0.15665255740521669,  -2.94672641811773439E-2,  -8.94176412625002082E-2
 ii= 728 error= 0.22226128530514894,  4.20457366685979134E-2,  0.12693260423432265
 ii= 729 error= 0.19979861279141645,  -3.85362507312515118E-2,  -0.11664754383873921
 ii= 730 error= 0.11665317700133616,  2.17733297533085068E-2,  6.54696500001819282E-2
 ii= 731 error= 0.12705035686298574,  -2.30485407523517045E-2,  -7.00427036125002012E-2
 ii= 732 error= 0.18158713236451446,  3.37776704303691527E-2,  0.10189231626856037
 ii= 733 error= 0.1821369311597312,  -3.45010252635397502E-2,  -0.10453533634524984
 ii= 734 error= 0.16211538544766405,  3.10814250161681876E-2,  9.36938489262582747E-2
 ii= 735 error= 0.16849695784308219,  -3.19141522005293859E-2,  -9.67636251169181061E-2
 ii= 736 error= 0.21234329384216671,  4.04258627204783852E-2,  0.12203848324690911
 ii= 737 error= 0.19579878407484164,  -3.77434179527686917E-2,  -0.11425817253882126
 ii= 738 error= 0.13268284371672592,  2.52620527580995936E-2,  7.60647197003243847E-2
 ii= 739 error= 0.14504205016467211,  -2.70328457735945979E-2,  -8.20480144706582232E-2
 ii= 740 error= 0.21610407435136234,  4.06818840866440962E-2,  0.12283740230345219
 ii= 741 error= 0.19762421790105467,  -3.80091980443600513E-2,  -0.11503698102748322
 ii= 742 error= 0.12308183676537467,  2.32592030466040288E-2,  7.00066551032384465E-2
 ii= 743 error= 0.13448300605339331,  -2.47801358766616929E-2,  -7.52379128260062535E-2
 ii= 744 error= 0.19728607646578797,  3.68949835340275367E-2,  0.11137292453213257
 ii= 745 error= 0.18969626621293617,  -3.62003104141377929E-2,  -0.10960470916084
 ii= 746 error= 0.14358693498573474,  2.75107955154029263E-2,  8.2902292049633966E-2
 ii= 747 error= 0.15414473574987791,  -2.8976500581010544E-2,  -8.78854534040315744E-2
 ii= 748 error= 0.22235288889289756,  4.1992754516861755E-2,  0.12683041066313977
 ii= 749 error= 0.1998819264372845,  -3.85560532697874908E-2,  -0.11665472224850605
 ii= 750 error= 0.11603138009779822,  2.16217940914620703E-2,  6.50653299938190599E-2
 ii= 751 error= 0.12625693416141937,  -2.28920208480061262E-2,  -6.95182312358852972E-2
 ii= 752 error= 0.17992100163323843,  3.34238649421641151E-2,  0.10087467356411264
 ii= 753 error= 0.18129990433176948,  -3.4330658236241561E-2,  -0.10397391592329004
 ii= 754 error= 0.16424127755496898,  3.14686392439819315E-2,  9.49211778182422333E-2
 ii= 755 error= 0.16999457640674157,  -3.22410815658577543E-2,  -9.76984017681544886E-2
 ii= 756 error= 0.20988190725122782,  3.99770528587862703E-2,  0.12072941618790202
 ii= 757 error= 0.19477001863443238,  -3.75448358372232824E-2,  -0.11361669316089161
 ii= 758 error= 0.13587706112186476,  2.58863346605302073E-2,  7.80070268793529031E-2
 ii= 759 error= 0.14804270325288116,  -2.76711734179479717E-2,  -8.39262590344252019E-2
 ii= 760 error= 0.21964665015681781,  4.13979617248307202E-2,  0.12505752629191608
 ii= 761 error= 0.19900425919250622,  -3.83499934963736078E-2,  -0.1160124571784477
 ii= 762 error= 0.11864602658467416,  2.22187355018110266E-2,  6.69015565469041756E-2
 ii= 763 error= 0.12929599809727341,  -2.36018455889042897E-2,  -7.16356376964881469E-2
 ii= 764 error= 0.18675828446676082,  3.47866594467620693E-2,  0.10503201474367704
 ii= 765 error= 0.18476943362233156,  -3.51150572326165283E-2,  -0.10630446261253765
 ii= 766 error= 0.15609676303724751,  2.99225036343053752E-2,  9.026019265108709E-2
 ii= 767 error= 0.16416194917713856,  -3.10566561399668699E-2,  -9.41087762959891688E-2
 ii= 768 error= 0.21874135478920273,  4.15126074843192028E-2,  0.12541563850632034
 ii= 769 error= 0.1984593582332263,  -3.83219499646272957E-2,  -0.11591682475398141
 ii= 770 error= 0.12270850443146003,  2.30749178404711028E-2,  6.95128071459829439E-2
 ii= 771 error= 0.13423045554634083,  -2.46750549386680687E-2,  -7.48608322432425671E-2
 ii= 772 error= 0.19721699182255137,  3.68791193628355274E-2,  0.11138972754966969
 ii= 773 error= 0.1896536675488642,  -3.62190906458835851E-2,  -0.10960212757759748
 ii= 774 error= 0.14403556049957575,  2.7579723125869076E-2,  8.31746259284466688E-2
 ii= 775 error= 0.15455702061019427,  -2.90831606304760883E-2,  -8.81482227920484807E-2
 ii= 776 error= 0.2226729305520096,  4.20426608646397929E-2,  0.12704458935970714
 ii= 777 error= 0.20002678306054725,  -3.86097943253961989E-2,  -0.11675920626580301
 ii= 778 error= 0.1156588180216096,  2.15133974652641398E-2,  6.4797231651796211E-2
 ii= 779 error= 0.12579724297410202,  -2.28025195444725229E-2,  -6.91911037387543254E-2
 ii= 780 error= 0.17914495114855439,  3.32485393581733735E-2,  0.10040350633247326
 ii= 781 error= 0.18091603355146899,  -3.42641905275420655E-2,  -0.10371943962756815
 ii= 782 error= 0.16537344627247985,  3.16679922529516447E-2,  9.55844905327841443E-2
 ii= 783 error= 0.17079048214676512,  -3.24272131724115398E-2,  -9.8204451850837815E-2
 ii= 784 error= 0.2086165647751605,  3.9736733008036311E-2,  0.12005840870467167
 ii= 785 error= 0.19424968854550126,  -3.7454382420829907E-2,  -0.11329383069065184
 ii= 786 error= 0.13765343124732998,  2.62257744108686519E-2,  7.90917285184360025E-2
 ii= 787 error= 0.14969451269187897,  -2.8034299122755884E-2,  -8.49693042607688603E-2
 ii= 788 error= 0.22136651328020937,  4.17400812266479487E-2,  0.12614985930424191
 ii= 789 error= 0.19968256260008871,  -3.85281058020573719E-2,  -0.11649596254556199
 ii= 790 error= 0.11655778643458629,  2.17110805482261492E-2,  6.54164234173531672E-2
 ii= 791 error= 0.12677595070066697,  -2.30317368245933352E-2,  -6.98640939402405819E-2
 ii= 792 error= 0.18164730752905422,  3.37486915769906193E-2,  0.10193988096308181
 ii= 793 error= 0.18224383855596432,  -3.45703105829447271E-2,  -0.10462036383200544
 ii= 794 error= 0.16259831720965728,  3.11478884445313374E-2,  9.4027638895270424E-2
 ii= 795 error= 0.16891076201674285,  -3.20544367843663414E-2,  -9.70644741848035592E-2
 ii= 796 error= 0.2125050763575877,  4.04252350471422453E-2,  0.12216728962506597
 ii= 797 error= 0.19594680109634319,  -3.78189149350194875E-2,  -0.11436705675418579
 ii= 798 error= 0.13289279431406475,  2.52769769352561846E-2,  7.62362577419477827E-2
 ii= 799 error= 0.14535811417301969,  -2.71516339734690984E-2,  -8.22888317309980466E-2
 ii= 800 error= 0.21719102020642997,  4.08563507535400355E-2,  0.12349203073586106
 ii= 801 error= 0.19812136227560387,  -3.81598947537568484E-2,  -0.1153754013744364
 ii= 802 error= 0.12148906266491162,  2.28537250137006397E-2,  6.88984824473440755E-2
 ii= 803 error= 0.13261218184044785,  -2.4388600249131559E-2,  -7.39426886786922061E-2
 ii= 804 error= 0.1938635089700608,  3.61769088781375911E-2,  0.10931721357218127
 ii= 805 error= 0.18816838978425621,  -3.58954390526518979E-2,  -0.10858103967140263
 ii= 806 error= 0.14775638103305502,  2.82965887963752376E-2,  8.54012156091269736E-2
 ii= 807 error= 0.15765460138930806,  -2.97437065600649475E-2,  -9.00891917824568622E-2
 ii= 808 error= 0.22293971054435452,  4.21393447558583989E-2,  0.12738941004050719
 ii= 809 error= 0.20013049115305856,  -3.86677501066236481E-2,  -0.11688605741962461
 ii= 810 error= 0.11577800971622865,  2.15091180647703148E-2,  6.48350064333117065E-2
 ii= 811 error= 0.12596141527797222,  -2.28420215311092648E-2,  -6.92627031464568277E-2
 ii= 812 error= 0.17977686787234998,  3.33612453510120296E-2,  0.10079574302581144
 ii= 813 error= 0.18125195167995606,  -3.43560272967733463E-2,  -0.10394903420164107
 ii= 814 error= 0.16475784031592369,  3.15399644218489414E-2,  9.52459329321218712E-2
 ii= 815 error= 0.17038200939164028,  -3.23616364605708862E-2,  -9.79616002801773078E-2
 ii= 816 error= 0.209558538638979,  3.98896256043189262E-2,  0.12057134882623921
 ii= 817 error= 0.19467452256970502,  -3.75586367720499303E-2,  -0.11356178464340903
 ii= 818 error= 0.136526197480311,  2.59904297581550134E-2,  7.8426028538479145E-2
 ii= 819 error= 0.1486955605763064,  -2.78463874791714285E-2,  -8.43584242039382565E-2
 ii= 820 error= 0.22067273051696293,  4.15725751449405601E-2,  0.12568977795003031
 ii= 821 error= 0.19943838303804742,  -3.84811086704666683E-2,  -0.1163126041205355
 ii= 822 error= 0.11730981745719889,  2.18754590697982504E-2,  6.59600492450683196E-2
 ii= 823 error= 0.12768119327335825,  -2.32586315880305324E-2,  -7.05063863139891445E-2
 ii= 824 error= 0.18363299323972668,  3.41296117876806679E-2,  0.10313931665936292
 ii= 825 error= 0.18324961841269141,  -3.48067471111117022E-2,  -0.10528921629015907
 ii= 826 error= 0.16015056676465148,  3.06712044897738123E-2,  9.26263130016233838E-2
 ii= 827 error= 0.16716934332943048,  -3.17109414021153821E-2,  -9.59900979193325093E-2
 ii= 828 error= 0.21526776075473389,  4.08927875056369627E-2,  0.12362965388967159
 ii= 829 error= 0.19709397253368718,  -3.80704536185447265E-2,  -0.11508009758920335
 ii= 830 error= 0.12835037506673264,  2.42825628772291337E-2,  7.32642655684694194E-2
 ii= 831 error= 0.1405430017533463,  -2.61049817782913855E-2,  -7.90913120770752598E-2
 ii= 832 error= 0.20942522181741288,  3.92858912724515577E-2,  0.11877466081249251
 ii= 833 error= 0.19496975065523039,  -3.7450201134314548E-2,  -0.11321108081324494
 ii= 834 error= 0.13143537791750048,  2.50465693387651733E-2,  7.55857984731890115E-2
 ii= 835 error= 0.14341376963393074,  -2.68153435898554407E-2,  -8.12278534734581503E-2
 ii= 836 error= 0.21371311812931909,  4.01044837206118651E-2,  0.12126083699102455
 ii= 837 error= 0.19669596213277055,  -3.78303592366668121E-2,  -0.11434497588180775
 ii= 838 error= 0.12604033522230654,  2.38929279412778417E-2,  7.20939152367393865E-2
 ii= 839 error= 0.13784281743519469,  -2.56078715025936064E-2,  -7.75800516176332611E-2
 ii= 840 error= 0.20395732456931051,  3.81541463016519186E-2,  0.11535409994408585
 ii= 841 error= 0.19264725294011623,  -3.69081102074355835E-2,  -0.11157721624742886
 ii= 842 error= 0.1362849526210011,  2.60167082985768225E-2,  7.85340185727975981E-2
 ii= 843 error= 0.14775220584375293,  -2.77097901606844187E-2,  -8.39174145119602061E-2
 ii= 844 error= 0.21831867585896042,  4.10474974740046641E-2,  0.12412656121337283
 ii= 845 error= 0.19839900635154753,  -3.82329216299178709E-2,  -0.11554269070418396
 ii= 846 error= 0.12041487120552054,  2.26123024626473067E-2,  6.82205403710120506E-2
 ii= 847 error= 0.1314772648246133,  -2.41634699043258017E-2,  -7.32125310825251785E-2
 ii= 848 error= 0.19086920941356941,  3.55513936066175346E-2,  0.10747373598427987
 ii= 849 error= 0.1867035098807043,  -3.55750682237186908E-2,  -0.10757128566718728
 ii= 850 error= 0.15071640910475337,  2.88396140989893718E-2,  8.70981823416735607E-2
 ii= 851 error= 0.1599441857188745,  -3.0217784633143948E-2,  -9.14698987987459661E-2
 ii= 852 error= 0.22137458405341937,  4.18713528118171488E-2,  0.12662584947781541
 ii= 853 error= 0.19945047843152758,  -3.85451046620423968E-2,  -0.1164739822364316
 ii= 854 error= 0.118439271919033,  2.2101714940226995E-2,  6.66794491444300669E-2
 ii= 855 error= 0.12924819849782385,  -2.36072912531913419E-2,  -7.15278160210910674E-2
 ii= 856 error= 0.1865270077265509,  3.46964440848842939E-2,  0.10488967555634432
 ii= 857 error= 0.18460315080693065,  -3.51152202010594355E-2,  -0.1061846990312412
 ii= 858 error= 0.15617097409820568,  2.98858518863769733E-2,  9.02771411475406654E-2
 ii= 859 error= 0.16417050098329883,  -3.10903736153350305E-2,  -9.40916649635360064E-2
 ii= 860 error= 0.21824061732999023,  4.13730513919413762E-2,  0.12511934004836045
 ii= 861 error= 0.19822411133381893,  -3.83061992056019512E-2,  -0.11575494610492963
 ii= 862 error= 0.12355644093651456,  2.32323520983376761E-2,  7.01122858784829495E-2
 ii= 863 error= 0.13523723376519614,  -2.49456810463080936E-2,  -7.55628659840073685E-2
 ii= 864 error= 0.19907843227808342,  3.72056514769369961E-2,  0.11250052193959516
 ii= 865 error= 0.19047379301031256,  -3.64375301791611469E-2,  -0.11014682609240713
 ii= 866 error= 0.14184093875477513,  2.71067267447095452E-2,  8.18586274579975459E-2
 ii= 867 error= 0.15266433178223113,  -2.87263624070536634E-2,  -8.69631369737509097E-2
 ii= 868 error= 0.22186512942202044,  4.18108877866512074E-2,  0.12645979051365708
 ii= 869 error= 0.19971661240430649,  -3.85632186636433449E-2,  -0.11651364534254396
 ii= 870 error= 0.11646197608590264,  2.16743451230466677E-2,  6.53976156443593082E-2
 ii= 871 error= 0.12678028513825571,  -2.30744278474438631E-2,  -6.9905900479734967E-2
 ii= 872 error= 0.18108588177655147,  3.35974325546575733E-2,  0.10157214247372569
 ii= 873 error= 0.18190244345182624,  -3.45148023028534964E-2,  -0.10436999149679602
 ii= 874 error= 0.16279745323578856,  3.11430874657533802E-2,  9.41017878986442624E-2
 ii= 875 error= 0.16898683049896421,  -3.20866573280818787E-2,  -9.70792131492168864E-2
 ii= 876 error= 0.21167251859390146,  4.02369006638333762E-2,  0.12168375405510866
 ii= 877 error= 0.19553657917254463,  -3.77540881974150686E-2,  -0.11409314192816677
 ii= 878 error= 0.13361578878931488,  2.53844675608174801E-2,  7.66464810459421275E-2
 ii= 879 error= 0.14594748985575456,  -2.72893571595428444E-2,  -8.26249363275851911E-2
 ii= 880 error= 0.21740768178628311,  4.08774524603737893E-2,  0.12363985526542406
 ii= 881 error= 0.19815103229170425,  -3.81940161642595963E-2,  -0.11540123008212239
 ii= 882 error= 0.12139755262388123,  2.28086200249551889E-2,  6.88429671172032381E-2
 ii= 883 error= 0.132540383031089,  -2.43994974774030121E-2,  -7.38992292773350407E-2
 ii= 884 error= 0.19349498639904469,  3.60750622935166465E-2,  0.10908882651372068
 ii= 885 error= 0.18797446021623618,  -3.58748926362438894E-2,  -0.10844589906914856
 ii= 886 error= 0.14801609468475616,  2.83158189473702686E-2,  8.55376262485349342E-2
 ii= 887 error= 0.15783709753252884,  -2.98004454381713517E-2,  -9.01874548559689349E-2
 ii= 888 error= 0.22263678093801853,  4.20594167145416989E-2,  0.12722452076722104
 ii= 889 error= 0.19998787711604329,  -3.86605549234628545E-2,  -0.1167944259191334
 ii= 890 error= 0.11625824959543979,  2.15959471584034751E-2,  6.51727638209450982E-2
 ii= 891 error= 0.12656163100404794,  -2.30039983519714254E-2,  -6.96814176510066746E-2
 ii= 892 error= 0.1809148846027922,  3.35651141268418426E-2,  0.10148732596724835
 ii= 893 error= 0.18182132275645368,  -3.45046925674207042E-2,  -0.10432774765391817
 ii= 894 error= 0.16321635708279467,  3.12211948129546384E-2,  9.43515534847760018E-2
 ii= 895 error= 0.16929896776722006,  -3.21575212176317751E-2,  -9.72807015320305973E-2
 ii= 896 error= 0.2113339757091644,  4.01770952288926717E-2,  0.1215150315055417
 ii= 897 error= 0.1954118980323056,  -3.77335521647699859E-2,  -0.11402041264207279
 ii= 898 error= 0.13414833549661592,  2.54899960334421354E-2,  7.69786039320898979E-2
 ii= 899 error= 0.1464739773370847,  -2.74052627773194619E-2,  -8.2963183565028728E-2
 ii= 900 error= 0.21819136673006351,  4.10338264378000556E-2,  0.12412605070009401
 ii= 901 error= 0.19847086926003107,  -3.82725740795971658E-2,  -0.11562560243971109
 ii= 902 error= 0.12036147703463904,  2.2564886800590829E-2,  6.81159469348684987E-2
 ii= 903 error= 0.13131904149025192,  -2.41217844271315873E-2,  -7.30498455770294264E-2
 ii= 904 error= 0.19107277478899393,  3.55904790021163916E-2,  0.10763202946189204
 ii= 905 error= 0.18684938889849878,  -3.56277704112697782E-2,  -0.10769373349904816
 ii= 906 error= 0.15094108240331913,  2.88812306324556026E-2,  8.72631973697131774E-2
 ii= 907 error= 0.1601937405116329,  -3.02911407600778525E-2,  -9.16553091380650498E-2
 ii= 908 error= 0.22191292293851245,  4.19704441847176812E-2,  0.1269648313710092
 ii= 909 error= 0.19971394931560904,  -3.86189416954029752E-2,  -0.1166608450734381
 ii= 910 error= 0.1176026664871213,  2.18886814891468794E-2,  6.60705631085913292E-2
 ii= 911 error= 0.12819991765356914,  -2.33714578007014444E-2,  -7.07811381589827648E-2
 ii= 912 error= 0.18461757650718416,  3.43066088210337225E-2,  0.1037452370738469
 ii= 913 error= 0.18369165652456002,  -3.49265582749359524E-2,  -0.10558487067404196
 ii= 914 error= 0.1587688636821708,  3.03770412995471549E-2,  9.18024994420393037E-2
 ii= 915 error= 0.16613125493921602,  -3.15111661262715143E-2,  -9.53255705356235161E-2
 ii= 916 error= 0.21630725134407397,  4.10423259057733705E-2,  0.12415109231135628
 ii= 917 error= 0.19748195149979353,  -3.81682561326355252E-2,  -0.11531116660203999
 ii= 918 error= 0.12667402349197379,  2.39003667811696456E-2,  7.21710455003860413E-2
 ii= 919 error= 0.13872227023270467,  -2.57262060773371624E-2,  -7.78869706035420911E-2
 ii= 920 error= 0.20597840086464692,  3.85740359626234389E-2,  0.1166818379545348
 ii= 921 error= 0.19350085676556264,  -3.71346145940628439E-2,  -0.11220631427995542
 ii= 922 error= 0.13473981560743234,  2.56886421076209653E-2,  7.75939109359060214E-2
 ii= 923 error= 0.14641988886967203,  -2.74526632938209142E-2,  -8.30917346996588591E-2
 ii= 924 error= 0.21725071116522621,  4.08080385591437292E-2,  0.12345492703066538
 ii= 925 error= 0.19803073843239785,  -3.81620578242013869E-2,  -0.11528208853212682
 ii= 926 error= 0.12159732268138333,  2.28638813393912087E-2,  6.90347656898463585E-2
 ii= 927 error= 0.13281914655520816,  -2.44848587716875038E-2,  -7.41341198230494602E-2
 ii= 928 error= 0.19380788515269259,  3.61213369021697248E-2,  0.10925259942420458
 ii= 929 error= 0.18809780762353551,  -3.59045336910243165E-2,  -0.10851313587215851
 ii= 930 error= 0.14741879609005823,  2.81879372940392024E-2,  8.51727645305679626E-2
 ii= 931 error= 0.15731304805110863,  -2.96954743677390262E-2,  -8.98498065079920277E-2
 ii= 932 error= 0.2224336021194436,  4.19996947117830463E-2,  0.12706633800067738
 ii= 933 error= 0.19988805134886012,  -3.86405036303651903E-2,  -0.11671360064097515
 ii= 934 error= 0.11651280634243645,  2.16542771892115175E-2,  6.53714586160597244E-2
 ii= 935 error= 0.12689028582145645,  -2.30921000226998289E-2,  -6.99267865124124227E-2
 ii= 936 error= 0.181473257620862,  3.36673018837017404E-2,  0.10181847488287013
 ii= 937 error= 0.1820934936230714,  -3.45697494629584254E-2,  -0.10450332801835137
 ii= 938 error= 0.16239319827069476,  3.10555804444878139E-2,  9.38703641392613086E-2
 ii= 939 error= 0.16870482446164051,  -3.20391453736326853E-2,  -9.69049890789048796E-2
 ii= 940 error= 0.21216299203564787,  4.03124004707217307E-2,  0.12194641186560093
 ii= 941 error= 0.19574564265544661,  -3.78079375733683526E-2,  -0.11422400138979943
 ii= 942 error= 0.13301582796510228,  2.5254343671640065E-2,  7.62845985398295373E-2
 ii= 943 error= 0.14538692911096063,  -2.71841453188819901E-2,  -8.22772513577115783E-2
 ii= 944 error= 0.21674950561266268,  4.07307814883887606E-2,  0.12322767550253914
 ii= 945 error= 0.19789908746924417,  -3.81441572130261225E-2,  -0.11522274016594429
 ii= 946 error= 0.12222257605278364,  2.29881944834291405E-2,  6.94183503762096227E-2
 ii= 947 error= 0.13349506513466713,  -2.46280846608095301E-2,  -7.45600514974470996E-2
 ii= 948 error= 0.19544954248385596,  3.64528233639226443E-2,  0.11026455321229391
 ii= 949 error= 0.18887582178050177,  -3.60857401127134478E-2,  -0.10905038739297183
 ii= 950 error= 0.14575915216597055,  2.78664702709717216E-2,  8.42054606977600539E-2
 ii= 951 error= 0.15598266540902325,  -2.94279972325600485E-2,  -8.90372315337600029E-2
 ii= 952 error= 0.22279162254383031,  4.20393897969065164E-2,  0.12719461063879239
 ii= 953 error= 0.20005622491057568,  -3.86725543136456629E-2,  -0.11680272701629854
 ii= 954 error= 0.11574773600360481,  2.14781964733991373E-2,  6.48447225848943209E-2
 ii= 955 error= 0.12592621367814469,  -2.28753679285474548E-2,  -6.92657256128749871E-2
 ii= 956 error= 0.17945146353703514,  3.32598731591546709E-2,  0.10059072567864356
 ii= 957 error= 0.18106931453518363,  -3.43447132616657505E-2,  -0.10382115631272848
 ii= 958 error= 0.16498389388584986,  3.1544722737043597E-2,  9.53604062085200016E-2
 ii= 959 error= 0.17051925903931003,  -3.24165801441667137E-2,  -9.80345897551705842E-2
 ii= 960 error= 0.20908114155026497,  3.97692326491612541E-2,  0.12030500047228974
 ii= 961 error= 0.19444687919348974,  -3.75395759434295484E-2,  -0.11341509230379222
 ii= 962 error= 0.13702639741595724,  2.60540742870755473E-2,  7.87143724309306431E-2
 ii= 963 error= 0.14912079114138155,  -2.79595402562900844E-2,  -8.46104475082939955E-2
 ii= 964 error= 0.22085081310020965,  4.15829525481802506E-2,  0.1258160569002898
 ii= 965 error= 0.19948420643289524,  -3.8522620534386022E-2,  -0.11635106088716322
 ii= 966 error= 0.11717130060012858,  2.18119059301081289E-2,  6.58588290294391532E-2
 ii= 967 error= 0.1275237001281174,  -2.32497948293419014E-2,  -7.03935401062553839E-2
 ii= 968 error= 0.18320114477349322,  3.40137729648938986E-2,  0.10287879961507893
 ii= 969 error= 0.18302408825747571,  -3.47841847845101887E-2,  -0.10513846561508336
 ii= 970 error= 0.16061844789911509,  3.07282164579172692E-2,  9.28876971448930472E-2
 ii= 971 error= 0.16749790319380148,  -3.18035019246790188E-2,  -9.61869262362477911E-2
 ii= 972 error= 0.21468320532002316,  4.07610214493039427E-2,  0.12331749537018322
 ii= 973 error= 0.19684338037566609,  -3.80444457569378211E-2,  -0.11492315188603665
 ii= 974 error= 0.12931285412043866,  2.44648282579556058E-2,  7.39012240444827662E-2
 ii= 975 error= 0.14158954763362155,  -2.63631830568551995E-2,  -7.97913203627216849E-2
 ii= 976 error= 0.21117718934648647,  3.96082381386330395E-2,  0.11983552255114802
 ii= 977 error= 0.19568797167378713,  -3.76394392964960259E-2,  -0.11370202994392917
 ii= 978 error= 0.12971508376815624,  2.4668193406238971E-2,  7.45203868435859451E-2
 ii= 979 error= 0.14179815807827151,  -2.65041395224359586E-2,  -8.02130295279393918E-2
 ii= 980 error= 0.21131898360400031,  3.95954727188666533E-2,  0.11979882276305003
 ii= 981 error= 0.19574906353530117,  -3.76365103624716341E-2,  -0.11369123792376029
 ii= 982 error= 0.12905773844140195,  2.45351840459344939E-2,  7.41184935883951873E-2
 ii= 983 error= 0.14109499169365666,  -2.6357762035049144E-2,  -7.97699767854919972E-2
 ii= 984 error= 0.20991115213601771,  3.93100549395957316E-2,  0.11893479481751593
 ii= 985 error= 0.19515303443260335,  -3.74989500689453942E-2,  -0.11327781963048868
 ii= 986 error= 0.13025901588771108,  2.47757507143526734E-2,  7.4848343482481941E-2
 ii= 987 error= 0.14219125160722365,  -2.65809772986397366E-2,  -8.04423823544786337E-2
 ii= 988 error= 0.21135757962623322,  3.96017306801109137E-2,  0.11981966841179853
 ii= 989 error= 0.19570200010557268,  -3.76259934944622801E-2,  -0.11365730643303056
 ii= 990 error= 0.12881334167500041,  2.44731099079939993E-2,  7.39322787015292276E-2
 ii= 991 error= 0.14077826739462079,  -2.62804333378445672E-2,  -7.95345098565955616E-2
 ii= 992 error= 0.20893208051845458,  3.91143318136353765E-2,  0.11834332880375312
 ii= 993 error= 0.19470111942347257,  -3.73962539333196065E-2,  -0.1129679127649415
 ii= 994 error= 0.13104089617380751,  2.49253065080451731E-2,  7.53032600166400751E-2
 ii= 995 error= 0.1428636736673736,  -2.67119559076828099E-2,  -8.08355934006222132E-2
 ii= 996 error= 0.21195667444670679,  3.9724439418478745E-2,  0.12019318746752695
 ii= 997 error= 0.19589391553756205,  -3.76719213422458538E-2,  -0.11379289209444104
 ii= 998 error= 0.12814649081327231,  2.43267912616865582E-2,  7.34906332745385027E-2
 ii= 999 error= 0.14008418011607771,  -2.61273873496914409E-2,  -7.90708518979337666E-2
 ii= 1000 error= 0.20748512603586314,  3.88248616355542087E-2,  0.11746758497652875
 ii= 1001 error= 0.1940739712716246,  -3.72536483630445114E-2,  -0.11253871810534703
 ii= 1002 error= 0.13234426725679715,  2.51836848051468533E-2,  7.60877668704205423E-2
 ii= 1003 error= 0.14404595096395997,  -2.695246862180143E-2,  -8.1559500834440038E-2
 ii= 1004 error= 0.21335070441989729,  4.00087051593514195E-2,  0.12105616326381742
 ii= 1005 error= 0.19641417282511142,  -3.7794224447789522E-2,  -0.11415757899260068
 ii= 1006 error= 0.12681646504450425,  2.40451304717950801E-2,  7.2638792708511965E-2
 ii= 1007 error= 0.13876748136260963,  -2.58461875638447587E-2,  -7.82206703069079912E-2
 ii= 1008 error= 0.20504971451471632,  3.83376550819099354E-2,  0.11599239249969372
 ii= 1009 error= 0.19304372854878799,  -3.70191850788778309E-2,  -0.11183443461079397
 ii= 1010 error= 0.13469882369868236,  2.56556608098921571E-2,  7.75194194350588422E-2
 ii= 1011 error= 0.14620559166285324,  -2.73983682466815391E-2,  -8.29031238950449778E-2
 ii= 1012 error= 0.21589358360080424,  4.05300116342680108E-2,  0.12263726782101464
 ii= 1013 error= 0.1973856028565795,  -3.80228429594872061E-2,  -0.11484099550557146
 ii= 1014 error= 0.12363558168816356,  2.33259908306197757E-2,  7.04603878683181251E-2
 ii= 1015 error= 0.13523104343963616,  -2.5046434970660187E-2,  -7.5805572791415532E-2
 ii= 1016 error= 0.19805607045567647,  3.69522612463589681E-2,  0.11179481606702256
 ii= 1017 error= 0.18997181305288829,  -3.63285941226621847E-2,  -0.10976235551845581
 ii= 1018 error= 0.14212510319658367,  2.71278390753991495E-2,  8.19826307251995678E-2
 ii= 1019 error= 0.15278863692801314,  -2.87554708310886892E-2,  -8.69941483437875335E-2
 ii= 1020 error= 0.2209811047218499,  4.16210510800627681E-2,  0.12594367874132384
 ii= 1021 error= 0.19928381951786314,  -3.84846736511374604E-2,  -0.11622365436584085
 ii= 1022 error= 0.11780855705707197,  2.19706216732676735E-2,  6.63533546095673027E-2
 ii= 1023 error= 0.12846007181702732,  -2.34826133489793587E-2,  -7.1083703303474105E-2
 ii= 1024 error= 0.1840818850340967,  3.4176628860471632E-2,  0.10338396826432758
 ii= 1025 error= 0.183360831698474,  -3.48541557420307888E-2,  -0.10533638475384267
 ii= 1026 error= 0.15861932190857753,  3.0316904738244034E-2,  9.16520463464956525E-2
 ii= 1027 error= 0.1659336107399644,  -3.14624817615529045E-2,  -9.51486021812785465E-2
 ii= 1028 error= 0.21554028884780607,  4.08793203723997606E-2,  0.12368833645932847
 ii= 1029 error= 0.19707122600280916,  -3.80854197800333319E-2,  -0.11503329704745227
 ii= 1030 error= 0.12794236606034781,  2.41803717769514571E-2,  7.30507118963354407E-2
 ii= 1031 error= 0.14017447721474799,  -2.60679726435146114E-2,  -7.88890716373094741E-2
 ii= 1032 error= 0.20806887055885001,  3.89760950304238046E-2,  0.11793032987916476
 ii= 1033 error= 0.19432639683987502,  -3.73289078803502178E-2,  -0.11276040658804609
 ii= 1034 error= 0.13226739915438365,  2.51662692876252168E-2,  7.60399617562745322E-2
 ii= 1035 error= 0.14405989665046512,  -2.69596436163438286E-2,  -8.15767507810146453E-2
 ii= 1036 error= 0.21372200304389094,  4.00850913663997957E-2,  0.12129270145622244
 ii= 1037 error= 0.19659932602837424,  -3.78406422306923271E-2,  -0.11429235501290125
 ii= 1038 error= 0.12624315880644441,  2.39097039092306431E-2,  7.22329676215381078E-2
 ii= 1039 error= 0.13811329822862783,  -2.56969276884901066E-2,  -7.77657818219815028E-2
 ii= 1040 error= 0.20394211146562011,  3.81218049272216766E-2,  0.11534305775215235
 ii= 1041 error= 0.19258722057560632,  -3.69209681170820092E-2,  -0.11153572525111487
 ii= 1042 error= 0.13597374149506475,  2.59120772890756024E-2,  7.83012691162319474E-2
 ii= 1043 error= 0.14739804726647665,  -2.76496481390362536E-2,  -8.36566487339106685E-2
 ii= 1044 error= 0.21735773253477395,  4.08311517656258713E-2,  0.12355456283034832
 ii= 1045 error= 0.19796510794587244,  -3.81615272534016892E-2,  -0.11525223337861637
 ii= 1046 error= 0.12173388191601735,  2.28857603878382075E-2,  6.91304654666692331E-2
 ii= 1047 error= 0.13303245241274306,  -2.45432918865973043E-2,  -7.42825856193985584E-2
 ii= 1048 error= 0.19365488150777635,  3.60805786538208051E-2,  0.10915752062515995
 ii= 1049 error= 0.18797268336945649,  -3.58840470208484363E-2,  -0.10842467794818231
 ii= 1050 error= 0.14718604248166164,  2.81180525238884753E-2,  8.49887144336100853E-2
 ii= 1051 error= 0.15705835770399837,  -2.9638114548647964E-2,  -8.96504298084072476E-2
 ii= 1052 error= 0.22178820707588362,  4.18625997123353161E-2,  0.12667828221372388
 ii= 1053 error= 0.19957435400673687,  -3.85786785861972278E-2,  -0.11650260320332009
 ii= 1054 error= 0.11742081848088344,  2.18566324452242264E-2,  6.60116762032816606E-2
 ii= 1055 error= 0.12801414245501186,  -2.33611078588123189E-2,  -7.07133918414249996E-2
 ii= 1056 error= 0.18338556512160276,  3.40425603193647286E-2,  0.10298183643526537
 ii= 1057 error= 0.18302200093070797,  -3.4784034889687919E-2,  -0.10512212588021111
 ii= 1058 error= 0.15967427206459064,  3.05194019176018953E-2,  9.22701957045694715E-2
 ii= 1059 error= 0.16672555751211515,  -3.16296141237758927E-2,  -9.56480375142251954E-2
 ii= 1060 error= 0.21469814387467356,  4.07386633866208339E-2,  0.1232654672626006
 ii= 1061 error= 0.19674635632434301,  -3.80219124053405994E-2,  -0.11484000027847444
 ii= 1062 error= 0.12931765333228701,  2.4474412341073646E-2,  7.39457843174925189E-2
 ii= 1063 error= 0.14165499792417072,  -2.63932477392443444E-2,  -7.98671458040769305E-2
 ii= 1064 error= 0.21076507725757607,  3.95155169181467536E-2,  0.11956910042056597
 ii= 1065 error= 0.19545975370019758,  -3.75896608144742003E-2,  -0.11353846225924538
 ii= 1066 error= 0.12974140744314216,  2.46544101912720762E-2,  7.44927562992564324E-2
 ii= 1067 error= 0.14172476782884019,  -2.64795390350965609E-2,  -8.0124851256564017E-2
 ii= 1068 error= 0.2105548054099648,  3.94429818858489378E-2,  0.11935048931535255
 ii= 1069 error= 0.19537140065975933,  -3.75575841740935015E-2,  -0.11344112613825658
 ii= 1070 error= 0.12956766177721743,  2.46196264850588493E-2,  7.43879006670994936E-2
 ii= 1071 error= 0.14149599526417594,  -2.64311052398865758E-2,  -7.99779638587656272E-2
 ii= 1072 error= 0.20996191957966195,  3.93220796910290424E-2,  0.11898451084380653
 ii= 1073 error= 0.19510793045176517,  -3.74964223844443528E-2,  -0.11325720149897021
 ii= 1074 error= 0.13003466009569808,  2.47111755096303329E-2,  7.46657046958323217E-2
 ii= 1075 error= 0.14190527894529364,  -2.6512257326323712E-2,  -8.02222865621404629E-2
 ii= 1076 error= 0.21040604670824747,  3.94118528922770828E-2,  0.11925694945091996
 ii= 1077 error= 0.19526407874771867,  -3.75326114363508587E-2,  -0.11336506385067674
 ii= 1078 error= 0.12955655937297325,  2.46092289671531426E-2,  7.4357197284354748E-2
 ii= 1079 error= 0.1414236358083516,  -2.64078540467752171E-2,  -7.99067867565726314E-2
 ii= 1080 error= 0.20951056033313722,  3.92319491600826575E-2,  0.11871205113323573
 ii= 1081 error= 0.19488592213998657,  -3.74458134693763378E-2,  -0.11310448957906438
 ii= 1082 error= 0.13035616676424086,  2.4770167474990213E-2,  7.48451919458735931E-2
 ii= 1083 error= 0.14216277272573286,  -2.65594141490349822E-2,  -8.03636563138732385E-2
 ii= 1084 error= 0.21052531323924939,  3.94368803364732456E-2,  0.11933346035009496
 ii= 1085 error= 0.19528004611077499,  -3.75369886463549352E-2,  -0.11337722283617979
 ii= 1086 error= 0.12936500284097283,  2.45642158495146534E-2,  7.42215107648389327E-2
 ii= 1087 error= 0.14120341169570497,  -2.63564993918609068E-2,  -7.975099545377351E-2
 ii= 1088 error= 0.20895232864883609,  3.91203918959684704E-2,  0.11837458537316832
 ii= 1089 error= 0.19463499631976205,  -3.73887432715229798E-2,  -0.1129326176379863
 ii= 1090 error= 0.13082284960882182,  2.4861070231235554E-2,  7.51212893812855942E-2
 ii= 1091 error= 0.14257582431585078,  -2.6641538249090449E-2,  -8.06106749725258726E-2
 ii= 1092 error= 0.2109671449947117,  3.95270183186314447E-2,  0.11960723815353504
 ii= 1093 error= 0.1954368120314843,  -3.75739514130229643E-2,  -0.11348718422157435
 ii= 1094 error= 0.12890539813012897,  2.44658059444430205E-2,  7.39239650495970013E-2
 ii= 1095 error= 0.1407409222204529,  -2.62563360953122042E-2,  -7.94480488858685524E-2
 ii= 1096 error= 0.20808073937940907,  3.89457881408862144E-2,  0.11784598392602412
 ii= 1097 error= 0.19426476702684578,  -3.73043161578709079E-2,  -0.11267890295121
 ii= 1098 error= 0.13161844975818812,  2.50203710750707131E-2,  7.56045741597022314E-2
 ii= 1099 error= 0.14330874278892758,  -2.67918934352288293E-2,  -8.10636535454698631E-2
 ii= 1100 error= 0.21190998106872447,  3.97186379078782181E-2,  0.12018850686817935
 ii= 1101 error= 0.19579931615774523,  -3.76585888667709187E-2,  -0.11374010375463217
 ii= 1102 error= 0.1280095483968082,  2.42782575095477175E-2,  7.33562872589976767E-2
 ii= 1103 error= 0.13986669167890792,  -2.60709607224212693E-2,  -7.88880535084426349E-2
 ii= 1104 error= 0.20656266380745808,  3.86415062075115071E-2,  0.11692429871159596
 ii= 1105 error= 0.19363227913280456,  -3.71598626950539745E-2,  -0.11224539035749517
 ii= 1106 error= 0.13307269985051445,  2.53139871393731064E-2,  7.64948113075409886E-2
 ii= 1107 error= 0.14466015541820518,  -2.70720135464379529E-2,  -8.19081769943327126E-2
 ii= 1108 error= 0.21366624883542679,  4.00763048851649137E-2,  0.12127291021043113
 ii= 1109 error= 0.19648380167671328,  -3.78183675003318995E-2,  -0.11421823247564578
 ii= 1110 error= 0.12641798008807445,  2.39462232262932576E-2,  7.23508206029233464E-2
 ii= 1111 error= 0.13832136880039514,  -2.57451104095750526E-2,  -7.79041870410220327E-2
 ii= 1112 error= 0.2038624544419616,  3.81010422774953339E-2,  0.11528671683941262
 ii= 1113 error= 0.19250288449850633,  -3.6902295781507069E-2,  -0.11147289417847296
 ii= 1114 error= 0.1357669454141899,  2.58569700103763421E-2,  7.81407057634219415E-2
 ii= 1115 error= 0.14714146871174738,  -2.75875427761610829E-2,  -8.34627903785753605E-2
 ii= 1116 error= 0.21656713334545588,  4.06726551447296053E-2,  0.1230804391774751
 ii= 1117 error= 0.19760554569826283,  -3.80821648483169947E-2,  -0.11500807935895392
 ii= 1118 error= 0.12286883119343711,  2.31440392767826505E-2,  6.99197592494188169E-2
 ii= 1119 error= 0.13436880190566342,  -2.48511305842145924E-2,  -7.52055889389073029E-2
 ii= 1120 error= 0.19607137627976695,  3.65576119223396181E-2,  0.11060926871828555
 ii= 1121 error= 0.18905551553718991,  -3.61277792015614954E-2,  -0.10914984145079054
 ii= 1122 error= 0.14421265298265493,  2.75276760501789383E-2,  8.32049424441791141E-2
 ii= 1123 error= 0.15454890354390355,  -2.9115974318071506E-2,  -8.80708890605463451E-2
 ii= 1124 error= 0.22130279612388234,  4.17159767964302708E-2,  0.1262408046838136
 ii= 1125 error= 0.19936927541689994,  -3.85194626520510355E-2,  -0.11631859581505352
 ii= 1126 error= 0.1176825787131327,  2.19276169401289751E-2,  6.62328687227061036E-2
 ii= 1127 error= 0.12832465325157769,  -2.34459295859106506E-2,  -7.09635050028736003E-2
 ii= 1128 error= 0.18366565231139917,  3.4094603075283933E-2,  0.10314506502543684
 ii= 1129 error= 0.18314280807584646,  -3.48109061029744926E-2,  -0.10519725620677189
 ii= 1130 error= 0.15906360948642623,  3.03939922264149266E-2,  9.18953315247634239E-2
 ii= 1131 error= 0.16625675620146113,  -3.15284840527301213E-2,  -9.53381925459248075E-2
 ii= 1132 error= 0.21501275001869774,  4.07855786455916247E-2,  0.1234132915971772
 ii= 1133 error= 0.19684266661630362,  -3.80417982420102468E-2,  -0.11489393160855177
 ii= 1134 error= 0.1287813205860831,  2.43588912047837981E-2,  7.36009945729713538E-2
 ii= 1135 error= 0.14109169162549609,  -2.62728306123764035E-2,  -7.94985074114827328E-2
 ii= 1136 error= 0.20957876482180859,  3.92763516090413461E-2,  0.11884930672600338
 ii= 1137 error= 0.19494816119496289,  -3.74745281586862725E-2,  -0.11318832706558976
 ii= 1138 error= 0.13074629528571727,  2.48514799647510665E-2,  7.50948295538067523E-2
 ii= 1139 error= 0.14263437575950777,  -2.66642066927843986E-2,  -8.06770527022547257E-2
 ii= 1140 error= 0.21163873098373626,  3.96630725107508519E-2,  0.12002233097182718
 ii= 1141 error= 0.19577288804010398,  -3.76535459523336669E-2,  -0.1137237281327429
 ii= 1142 error= 0.12847287659282672,  2.43857636838922774E-2,  7.36840877854736953E-2
 ii= 1143 error= 0.14041508576733339,  -2.62000483570427913E-2,  -7.92759992289356064E-2
 ii= 1144 error= 0.20798073600123848,  3.89252185966060538E-2,  0.11778634548366751
 ii= 1145 error= 0.19427853521739752,  -3.73089170486474581E-2,  -0.11269067931237971
 ii= 1146 error= 0.13185855902990987,  2.50765582050715141E-2,  7.57773939153697368E-2
 ii= 1147 error= 0.14359936819089086,  -2.68618803786320748E-2,  -8.12726009296212831E-2
 ii= 1148 error= 0.21266782180060265,  3.98704034364825224E-2,  0.12065109258413148
 ii= 1149 error= 0.19614145045745343,  -3.77385597215965651E-2,  -0.11397763355978253
 ii= 1150 error= 0.12741497136953997,  2.41606410887027431E-2,  7.30024427121263864E-2
 ii= 1151 error= 0.13934612728486545,  -2.59693027108986833E-2,  -7.85790822555401808E-2
 ii= 1152 error= 0.20593116374073048,  3.851425363610924E-2,  0.11654114345231677
 ii= 1153 error= 0.19340404968165972,  -3.71086143331643345E-2,  -0.11208975417942879
 ii= 1154 error= 0.13378402233236375,  2.54623583345530459E-2,  7.69468302974315177E-2
 ii= 1155 error= 0.14535904912656614,  -2.72233738901360434E-2,  -8.23626329786952133E-2
 ii= 1156 error= 0.21476675801917339,  4.02990158784397659E-2,  0.12195028461962296
 ii= 1157 error= 0.19693931275622131,  -3.7924996530217657E-2,  -0.11453563209840815
 ii= 1158 error= 0.12505199439906553,  2.3640107723503289E-2,  7.14252351540590746E-2
 ii= 1159 error= 0.13682739427939553,  -2.54107011268052962E-2,  -7.68928273874015661E-2
 ii= 1160 error= 0.20109474210160128,  3.75531810485116233E-2,  0.11362858151875434
 ii= 1161 error= 0.19131574688271347,  -3.66362183147843426E-2,  -0.11067311679064203
 ii= 1162 error= 0.13875460222032659,  2.64542749327852308E-2,  7.99532570790410374E-2
 ii= 1163 error= 0.14984240382000272,  -2.81487603415689069E-2,  -8.51532180376216724E-2
 ii= 1164 error= 0.21912775664640111,  4.12096632474331925E-2,  0.12470976669885371
 ii= 1165 error= 0.19858776079449902,  -3.83172964480614983E-2,  -0.11571055636456722
 ii= 1166 error= 0.1197788667344669,  2.24289148424342138E-2,  6.77542723912226696E-2
 ii= 1167 error= 0.1307828489927027,  -2.40268886772744793E-2,  -7.27154744078463838E-2
 ii= 1168 error= 0.18876268499865059,  3.5106628464170557E-2,  0.1062139575349197
 ii= 1169 error= 0.18564493579741598,  -3.53668957103953838E-2,  -0.10686474208906992
 ii= 1170 error= 0.15279778189735022,  2.91951165743234986E-2,  8.82620504665143218E-2
 ii= 1171 error= 0.16152673569564335,  -3.05553531468851607E-2,  -9.24061113019656599E-2
 ii= 1172 error= 0.21976492430934363,  4.15756042524189837E-2,  0.12581341595180662
 ii= 1173 error= 0.19874948083371316,  -3.84290683879570244E-2,  -0.11604923971848609
 ii= 1174 error= 0.12099285174458745,  2.2645870075032503E-2,  6.84109930917664866E-2
 ii= 1175 error= 0.13229796747356398,  -2.43194321232338695E-2,  -7.36000339825040178E-2
 ii= 1176 error= 0.19244394146886543,  3.58562595043859927E-2,  0.10848582824637198
 ii= 1177 error= 0.18739547317142216,  -3.57670571499059883E-2,  -0.10806596917400631
 ii= 1178 error= 0.14886629484664013,  2.8440304683980535E-2,  8.59739419059482868E-2
 ii= 1179 error= 0.15845256852691406,  -2.99272895384139585E-2,  -9.05140355808012609E-2
 ii= 1180 error= 0.22163264917619932,  4.18639382047415534E-2,  0.1266898004612512
 ii= 1181 error= 0.19951978648193075,  -3.85801331530696151E-2,  -0.11650003221947512
 ii= 1182 error= 0.11782185396752298,  2.19350139310856354E-2,  6.62569835267476648E-2
 ii= 1183 error= 0.128493312409004,  -2.34638539159735988E-2,  -7.1016262380465503E-2
 ii= 1184 error= 0.18450651726257697,  3.42689318019014644E-2,  0.10367574618038246
 ii= 1185 error= 0.18359003272573349,  -3.49159853483367796E-2,  -0.10551105937166994
 ii= 1186 error= 0.15839699245161529,  3.02753884451749077E-2,  9.15380406119906814E-2
 ii= 1187 error= 0.16581056546856038,  -3.14449806690470166E-2,  -9.50849890398476477E-2
 ii= 1188 error= 0.21605615925434113,  4.09739160602829028E-2,  0.12398703587255991
 ii= 1189 error= 0.197312285922145,  -3.81433217298477872E-2,  -0.11519604734191037
 ii= 1190 error= 0.12704642675709565,  2.3972793018111508E-2,  7.24327391158533229E-2
 ii= 1191 error= 0.13916587038444037,  -2.58418735428055345E-2,  -7.81960547572579795E-2
 ii= 1192 error= 0.2063337886206264,  3.86313199193915463E-2,  0.11689674937978042
 ii= 1193 error= 0.19361092539888794,  -3.71726203641998196E-2,  -0.11228166374507835
 ii= 1194 error= 0.13410159756904144,  2.55347932583223948E-2,  7.71677636151477941E-2
 ii= 1195 error= 0.14577949546065833,  -2.73215622276711846E-2,  -8.26581505040268338E-2
 ii= 1196 error= 0.21600289924546637,  4.05475922735692787E-2,  0.12270527351324201
 ii= 1197 error= 0.1974991470265218,  -3.80544323095927256E-2,  -0.11492280753430102
 ii= 1198 error= 0.12324955369609548,  2.32254660742288073E-2,  7.01694285729801553E-2
 ii= 1199 error= 0.13473649140255298,  -2.49322797101826851E-2,  -7.5447956527941562E-2
 ii= 1200 error= 0.19732989471430648,  3.68105929253937092E-2,  0.11137952831434972
 ii= 1201 error= 0.18968065953678126,  -3.62720873685427464E-2,  -0.10958030622571262
 ii= 1202 error= 0.14318070236952507,  2.73376025570776816E-2,  8.26321512334958486E-2
 ii= 1203 error= 0.15374643243599972,  -2.89638241169813022E-2,  -8.76096308067384616E-2
 ii= 1204 error= 0.22173093988909512,  4.1781775002107599E-2,  0.1264441440728552
 ii= 1205 error= 0.19960325656675573,  -3.85675915001238018E-2,  -0.11646005865677138
 ii= 1206 error= 0.11686311093146359,  2.17386045834256879E-2,  6.56629734887489297E-2
 ii= 1207 error= 0.12729841086328317,  -2.32116519899758893E-2,  -7.02533923501849067E-2
 ii= 1208 error= 0.18182256963152779,  3.37249679707290126E-2,  0.10202822558408163
 ii= 1209 error= 0.18225031502494046,  -3.46141684713615477E-2,  -0.10460389513608888
 ii= 1210 error= 0.16161481232338284,  3.08869799816628883E-2,  9.33933775123990811E-2
 ii= 1211 error= 0.1681305740140534,  -3.192312910836171E-2,  -9.65235669903319882E-2
 ii= 1212 error= 0.2127075825278395,  4.03920877630858516E-2,  0.12222218410669672
 ii= 1213 error= 0.19593336069234255,  -3.78563699556937541E-2,  -0.11433729695346075
 ii= 1214 error= 0.13208925421963319,  2.5047690166538808E-2,  7.56911763526849218E-2
 ii= 1215 error= 0.14445193078275106,  -2.69914933129282268E-2,  -8.16647710037710778E-2
 ii= 1216 error= 0.21510511335136021,  4.03897626156076092E-2,  0.12222663170515867
 ii= 1217 error= 0.1972152459544545,  -3.7997428607837995E-2,  -0.11475297501395329
 ii= 1218 error= 0.12441899985352958,  2.34773392767140716E-2,  7.09326861402844455E-2
 ii= 1219 error= 0.13602395985611571,  -2.52135426177985227E-2,  -7.62971498963356948E-2
 ii= 1220 error= 0.20020774101515998,  3.73878165172388255E-2,  0.1131293495866427
 ii= 1221 error= 0.19099386971531382,  -3.65708721775492088E-2,  -0.11047648455523636
 ii= 1222 error= 0.14024869483963223,  2.6765859616930808E-2,  8.08995735903382251E-2
 ii= 1223 error= 0.15126285432999953,  -2.84578669967160448E-2,  -8.60841573890866324E-2
 ii= 1224 error= 0.2209215355493655,  4.15805781846274175E-2,  0.12583577333714244
 ii= 1225 error= 0.19934680249039483,  -3.84959132298275455E-2,  -0.11624475485977082
 ii= 1226 error= 0.11745707910752487,  2.18845885698011507E-2,  6.61058619760488547E-2
 ii= 1227 error= 0.12797833506397824,  -2.3375855919901916E-2,  -7.07487470254743733E-2
 ii= 1228 error= 0.18335066949967679,  3.40290790975107116E-2,  0.10295038144421385
 ii= 1229 error= 0.18303429015162059,  -3.47883015945075133E-2,  -0.10512654457080475
 ii= 1230 error= 0.15978659117391511,  3.05434280074028987E-2,  9.23520954497128316E-2
 ii= 1231 error= 0.16682714402209375,  -3.16576375781953412E-2,  -9.57241263449191693E-2
 ii= 1232 error= 0.21477682172414278,  4.07532795142193302E-2,  0.12331870177672972
 ii= 1233 error= 0.1968016835145619,  -3.80374198319768028E-2,  -0.11487853873745818
 ii= 1234 error= 0.12917439483282039,  2.44380986977094615E-2,  7.38442425700445576E-2
 ii= 1235 error= 0.1414931447319028,  -2.63580516515590779E-2,  -7.97529324894761388E-2
 ii= 1236 error= 0.21058401595136456,  3.94778380817694327E-2,  0.11946352234920338
 ii= 1237 error= 0.19539928602088308,  -3.75788387230207577E-2,  -0.11349833349045033
 ii= 1238 error= 0.12998071447950829,  2.47034743813555543E-2,  7.46497621468105443E-2
 ii= 1239 error= 0.14197248059160494,  -2.65361839202273991E-2,  -8.02880033059025777E-2
 ii= 1240 error= 0.21104887887879592,  3.95388759575334772E-2,  0.11964943377941591
 ii= 1241 error= 0.19558474630894945,  -3.76084711123995316E-2,  -0.11358615033375838
 ii= 1242 error= 0.12913933906485411,  2.45320926336232426E-2,  7.41306979681003592E-2
 ii= 1243 error= 0.14110700825856573,  -2.6354994469719506E-2,  -7.97408378377668092E-2
 ii= 1244 error= 0.20945332151777418,  3.92162084383794879E-2,  0.1186716257874507
 ii= 1245 error= 0.19491786402800457,  -3.74543388421796769E-2,  -0.11312395692919383
 ii= 1246 error= 0.13054800384505763,  2.48167433508757439E-2,  7.49932700421688109E-2
 ii= 1247 error= 0.14240943887173607,  -2.66224502047376736E-2,  -8.05475904279803201E-2
 ii= 1248 error= 0.21126392561907437,  3.95813777279590828E-2,  0.11977839835649692
 ii= 1249 error= 0.19562083114247894,  -3.7616488506224087E-2,  -0.11360949278180879
 ii= 1250 error= 0.12878093074318267,  2.44498251667998809E-2,  7.38816159563200486E-2
 ii= 1251 error= 0.14069901140051286,  -2.62607648229917466E-2,  -7.945605181351445E-2
 ii= 1252 error= 0.20844216028432971,  3.90138958633850091E-2,  0.11805854522116532
 ii= 1253 error= 0.19446508106783922,  -3.73506253255475665E-2,  -0.11281264986943793
 ii= 1254 error= 0.13140144562340761,  2.49838802080298919E-2,  7.54998491437674363E-2
 ii= 1255 error= 0.14316460022596184,  -2.67727419622369421E-2,  -8.10006721380445438E-2
 ii= 1256 error= 0.21206979169086945,  3.97458294759003017E-2,  0.12027684738933732
 ii= 1257 error= 0.19590662997259758,  -3.76833067353183684E-2,  -0.11380924935242516
 ii= 1258 error= 0.12795702499654957,  2.42737819647675726E-2,  7.33483605933564903E-2
 ii= 1259 error= 0.13986746493035324,  -2.60805820665908558E-2,  -7.89120321171137284E-2
 ii= 1260 error= 0.20685048917662724,  3.86953107073605695E-2,  0.117093041336536
 ii= 1261 error= 0.19378662213676287,  -3.71955187012468699E-2,  -0.11234747959019541
 ii= 1262 error= 0.1328797569076122,  2.52799461346722189E-2,  7.63970813918355141E-2
 ii= 1263 error= 0.14451950141478243,  -2.70506029716953839E-2,  -8.1838705300918857E-2
 ii= 1264 error= 0.21373567496097173,  4.00855951727145596E-2,  0.12130655466001787
 ii= 1265 error= 0.19654147785776602,  -3.78315813480531865E-2,  -0.11425318173624679
 ii= 1266 error= 0.12641232332221936,  2.39493017454533545E-2,  7.23653648897910895E-2
 ii= 1267 error= 0.13835077609926072,  -2.57583100305093099E-2,  -7.79392867036935028E-2
 ii= 1268 error= 0.20411054178508178,  3.81473094522938594E-2,  0.11543218020413938
 ii= 1269 error= 0.19263177342599427,  -3.69320781357755229E-2,  -0.11155767891769972
 ii= 1270 error= 0.13558040089006654,  2.58228087201395479E-2,  7.80422052744939448E-2
 ii= 1271 error= 0.14699675684175106,  -2.75633583306616296E-2,  -8.33852901843934735E-2
 ii= 1272 error= 0.21659252623731681,  4.06730950243410841E-2,  0.12308685809250636
 ii= 1273 error= 0.19763721920032806,  -3.80892891946974579E-2,  -0.11502506859966249
 ii= 1274 error= 0.12278535258369208,  2.31244996070576088E-2,  6.98652792209706747E-2
 ii= 1275 error= 0.13426857175091114,  -2.48302443215357264E-2,  -7.51381240833604302E-2
 ii= 1276 error= 0.19597849437444778,  3.6537145138605974E-2,  0.11055207107003134
 ii= 1277 error= 0.18902444131944224,  -3.61218742518749081E-2,  -0.10912788947573521
 ii= 1278 error= 0.1443814141586777,  2.75623110533324799E-2,  8.33146060675853672E-2
 ii= 1279 error= 0.15470389546333083,  -2.91518706972508194E-2,  -8.81748420512576819E-2
 ii= 1280 error= 0.22144645145439681,  4.17445472229127715E-2,  0.12633201796922225
 ii= 1281 error= 0.19943682158294618,  -3.85361994646376688E-2,  -0.11636470402945147
 ii= 1282 error= 0.11750716590519976,  2.18859418450903023E-2,  6.61109573948600177E-2
 ii= 1283 error= 0.12811531480064983,  -2.33989442874439312E-2,  -7.0817538196550664E-2
 ii= 1284 error= 0.18331784036636514,  3.40230174422596135E-2,  0.10293258015088218
 ii= 1285 error= 0.18297662752236316,  -3.47749121819548104E-2,  -0.10508521205634738
 ii= 1286 error= 0.15955286488919407,  3.04881235699419051E-2,  9.21850961502626298E-2
 ii= 1287 error= 0.16662021477903313,  -3.16065988860675523E-2,  -9.55694316704475549E-2
 ii= 1288 error= 0.21460226692588438,  4.07145235959108787E-2,  0.12320192014801511
 ii= 1289 error= 0.19668522804913799,  -3.80105719078838653E-2,  -0.11479686970297673
 ii= 1290 error= 0.12947113530308266,  2.45077254775482797E-2,  7.40562021005492649E-2
 ii= 1291 error= 0.14183733131351586,  -2.64386764493328881E-2,  -7.99952275612747926E-2
 ii= 1292 error= 0.21094193186352633,  3.95468665726603219E-2,  0.11967328368710974
 ii= 1293 error= 0.19552016848870055,  -3.76057780449175691E-2,  -0.11357805910960135
 ii= 1294 error= 0.12947969998621103,  2.45945090683888611E-2,  7.4320147495021055E-2
 ii= 1295 error= 0.14145708109121116,  -2.642321453616105E-2,  -7.99463360980018356E-2
 ii= 1296 error= 0.20998057820987362,  3.93262038373456621E-2,  0.11900533237695388
 ii= 1297 error= 0.1951259070465349,  -3.75046618364840087E-2,  -0.11327425061303999
 ii= 1298 error= 0.13005366998487916,  2.47127795451149053E-2,  7.46786884600058459E-2
 ii= 1299 error= 0.14194077791774962,  -2.65230737654976352E-2,  -8.02472461936332981E-2
 ii= 1300 error= 0.21050130496855668,  3.9429737428905362E-2,  0.11931921632121813
 ii= 1301 error= 0.19531023072760567,  -3.75465352598621308E-2,  -0.11339937099588754
 ii= 1302 error= 0.12947858672565701,  2.45908001790424262E-2,  7.43091858197986316E-2
 ii= 1303 error= 0.14136048159809628,  -2.63975664873436211E-2,  -7.98683329283886995E-2
 ii= 1304 error= 0.20942684537677997,  3.9213700941665583E-2,  0.11866450284035558
 ii= 1305 error= 0.19485717204778874,  -3.74422386047692304E-2,  -0.11308662592065016
 ii= 1306 error= 0.13043889873173634,  2.47844934229288737E-2,  7.48961286470882365E-2
 ii= 1307 error= 0.14224848210721242,  -2.65797288584041919E-2,  -8.04178120309786276E-2
 ii= 1308 error= 0.21065403707067507,  3.94614148728991351E-2,  0.11941527692018941
 ii= 1309 error= 0.19533453331544118,  -3.7552405029243327E-2,  -0.1134165217566746
 ii= 1310 error= 0.12924299569951786,  2.45363734994341366E-2,  7.41443909299087239E-2
 ii= 1311 error= 0.14109158800091195,  -2.63351408416747958E-2,  -7.96796738105003399E-2
 ii= 1312 error= 0.20876378566100978,  3.90810439414823671E-2,  0.11826250186720934
 ii= 1313 error= 0.19456014325848192,  -3.73742127504152408E-2,  -0.11288244077850289
 ii= 1314 error= 0.13099807105108963,  2.48941237647908944E-2,  7.52284050952771177E-2
 ii= 1315 error= 0.14274446326864074,  -2.66785406295385052E-2,  -8.07157065938350626E-2
 ii= 1316 error= 0.21119690853525636,  3.95720495963849811E-2,  0.11975060580710492
 ii= 1317 error= 0.19552918089038912,  -3.759784016629477E-2,  -0.11355237474983579
 ii= 1318 error= 0.1286864019692133,  2.44179155470173742E-2,  7.37855548689688584E-2
 ii= 1319 error= 0.1405329794631428,  -2.62143853579334327E-2,  -7.93151014429716583E-2
 ii= 1320 error= 0.20772340969148809,  3.88725865517183938E-2,  0.11763075110974612
 ii= 1321 error= 0.19411911919204239,  -3.72732756896388615E-2,  -0.11257974316111734
 ii= 1322 error= 0.13195624327526997,  2.50865437739230847E-2,  7.58115192050354131E-2
 ii= 1323 error= 0.14362761232478005,  -2.68599084689488746E-2,  -8.12627450071836677E-2
 ii= 1324 error= 0.21233356104349474,  3.98031741356393368E-2,  0.12045106762717073
 ii= 1325 error= 0.19596699645334734,  -3.76997633594504111E-2,  -0.11385756381132164
 ii= 1326 error= 0.1276175818364973,  2.41945509454785102E-2,  7.31088546925681981E-2
 ii= 1327 error= 0.13949005262992867,  -2.59933418697181166E-2,  -7.86479480733779379E-2
 ii= 1328 error= 0.20590814734158241,  3.85088889057903019E-2,  0.1165284769291686
 ii= 1329 error= 0.19336184687778429,  -3.71001136750495966E-2,  -0.11206064973476672
 ii= 1330 error= 0.13371208608242638,  2.54411476165652857E-2,  7.68860824616936084E-2
 ii= 1331 error= 0.14525565668484902,  -2.71974257630734767E-2,  -8.22808706013049423E-2
 ii= 1332 error= 0.21440264875974246,  4.02253975123384941E-2,  0.12173059905701407
 ii= 1333 error= 0.19677157319711469,  -3.7887628715412458E-2,  -0.11442028972843941
 ii= 1334 error= 0.12561063943529058,  2.37671712787800755E-2,  7.18138819762051961E-2
 ii= 1335 error= 0.13747078392182333,  -2.55589246743229311E-2,  -7.73368689840359114E-2
 ii= 1336 error= 0.20224754779609647,  3.77789632759726948E-2,  0.11431618279557729
 ii= 1337 error= 0.19180949272899855,  -3.67474687886666374E-2,  -0.11100349966490647
 ii= 1338 error= 0.13744478662184662,  2.61902851419352281E-2,  7.91563486165524494E-2
 ii= 1339 error= 0.14865932287935574,  -2.79030407241774234E-2,  -8.44091231511760187E-2
 ii= 1340 error= 0.21802765794383469,  4.09768273790571888E-2,  0.12400747769818447
 ii= 1341 error= 0.1981608944590042,  -3.82162758941240188E-2,  -0.11540485948058841
 ii= 1342 error= 0.12109850553802599,  2.27344269055724385E-2,  6.868342602691907E-2
 ii= 1343 error= 0.13233090474763298,  -2.4385132654602501E-2,  -7.37939504611366676E-2
 ii= 1344 error= 0.19189107671606073,  3.57270393332263375E-2,  0.10809721822856767
 ii= 1345 error= 0.18712383799811688,  -3.56975005195690823E-2,  -0.10785406025739351
 ii= 1346 error= 0.14902210177538383,  2.84628667135845489E-2,  8.60449962502372739E-2
 ii= 1347 error= 0.15852459037416555,  -2.99362827626261097E-2,  -9.05382574430510095E-2
 ii= 1348 error= 0.22114564543622797,  4.17693291670441849E-2,  0.12640545152461208
 ii= 1349 error= 0.19928693785120299,  -3.85287081984121843E-2,  -0.11634325750493475
 ii= 1350 error= 0.11857533971732377,  2.2110657241558241E-2,  6.67920602171448302E-2
 ii= 1351 error= 0.12942609046720968,  -2.36811879783583347E-2,  -7.1669815644996443E-2
 ii= 1352 error= 0.18621069040246707,  3.46070860019586021E-2,  0.10470289463867592
 ii= 1353 error= 0.18440532942848242,  -3.50968230977235299E-2,  -0.10605144718272601
 ii= 1354 error= 0.15610019088608845,  2.98292883027870166E-2,  9.01877766068089892E-2
 ii= 1355 error= 0.16407445713497212,  -3.10824774414054268E-2,  -9.39910269625564843E-2
 ii= 1356 error= 0.21772797964440663,  4.12487777244697623E-2,  0.12482382196050519
 ii= 1357 error= 0.19795503276881155,  -3.82731027686507713E-2,  -0.11558116958015678
 ii= 1358 error= 0.12431805756856421,  2.33770274402348467E-2,  7.06295383515605779E-2
 ii= 1359 error= 0.136126897995197,  -2.51711586626713717E-2,  -7.61690257881658672E-2
 ii= 1360 error= 0.2003371364508871,  3.74329104912778099E-2,  0.11326692649302902
 ii= 1361 error= 0.19099455838295917,  -3.65798480391080136E-2,  -0.11050191432994144
 ii= 1362 error= 0.14018565349843004,  2.67423518902240517E-2,  8.08297049371327625E-2
 ii= 1363 error= 0.1511852292850322,  -2.84336427761135158E-2,  -8.60095813057635827E-2
 ii= 1364 error= 0.22058591444615638,  4.15164553461592686E-2,  0.12564270301135558
 ii= 1365 error= 0.19919062237783111,  -3.84624100035034777E-2,  -0.11614283246278106
 ii= 1366 error= 0.11793886397381072,  2.19945658312557697E-2,  6.64406664001749026E-2
 ii= 1367 error= 0.12856491881319487,  -2.35110856464727618E-2,  -7.11555494646905068E-2
 ii= 1368 error= 0.18442125006925089,  3.42437472111232974E-2,  0.10360221064772748
 ii= 1369 error= 0.18355541780722434,  -3.49052203394462982E-2,  -0.10547616223226018
 ii= 1370 error= 0.15835124821154792,  3.02654533343610851E-2,  9.1510497976877242E-2
 ii= 1371 error= 0.16576847302791192,  -3.14365586369859257E-2,  -9.50571654752350448E-2
 ii= 1372 error= 0.21603701716507334,  4.0967598972447429E-2,  0.12397044662894048
 ii= 1373 error= 0.19729771989249362,  -3.81401735839217437E-2,  -0.11518419812902345
 ii= 1374 error= 0.12707891940739185,  2.39806553950770995E-2,  7.24590657777386266E-2
 ii= 1375 error= 0.13920816007286552,  -2.58531831967597422E-2,  -7.82278218480557952E-2
 ii= 1376 error= 0.20637195016777699,  3.86373890015704324E-2,  0.11691755464552787
 ii= 1377 error= 0.19362333289349909,  -3.7175707905614884E-2,  -0.11228864194983236
 ii= 1378 error= 0.13403089831060089,  2.55189155671894652E-2,  7.71219814418552807E-2
 ii= 1379 error= 0.14570807711750575,  -2.73065532945397441E-2,  -8.26106399574906974E-2
 ii= 1380 error= 0.21586956284778375,  4.05199351986646056E-2,  0.12262376125409112
 ii= 1381 error= 0.19744292827196841,  -3.80421252828325174E-2,  -0.11488377600847866
 ii= 1382 error= 0.12343299409775507,  2.32668379112260654E-2,  7.02970966758058591E-2
 ii= 1383 error= 0.13494965632429332,  -2.49817226146964166E-2,  -7.55950477254657E-2
 ii= 1384 error= 0.19773182599806483,  3.68893751118825539E-2,  0.11162050892143716
 ii= 1385 error= 0.18985962171846055,  -3.63127302521151496E-2,  -0.1097001381665023
 ii= 1386 error= 0.14271118293857832,  2.72440093787260848E-2,  8.23506044451157437E-2
 ii= 1387 error= 0.15334275210105955,  -2.88806747408842691E-2,  -8.73569311430536927E-2
 ii= 1388 error= 0.2215616118307395,  4.174072034016027E-2,  0.12632199411178163
 ii= 1389 error= 0.1995388080644559,  -3.85513742717107574E-2,  -0.1164094074453798
 ii= 1390 error= 0.11702469363895676,  2.17773239484823113E-2,  6.57824295707237494E-2
 ii= 1391 error= 0.12749338897420781,  -2.32589569068829341E-2,  -7.03942107150258706E-2
 ii= 1392 error= 0.18219910407214887,  3.37992469322526204E-2,  0.10225536140969448
 ii= 1393 error= 0.18243920465037633,  -3.46564806010616205E-2,  -0.10472905025593533
 ii= 1394 error= 0.16111689065800636,  3.07912691636035955E-2,  9.31051391262784633E-2
 ii= 1395 error= 0.16777279720103741,  -3.18494694192085759E-2,  -9.62999798738803647E-2
 ii= 1396 error= 0.21322622912791078,  4.04812415125365213E-2,  0.12249469872516229
 ii= 1397 error= 0.19614604052610035,  -3.79009721710686157E-2,  -0.11446885039201239
 ii= 1398 error= 0.13142164459559538,  2.49121046169133963E-2,  7.52822668157569069E-2
 ii= 1399 error= 0.14380825905122438,  -2.68581301422099843E-2,  -8.12605249320073747E-2
 ii= 1400 error= 0.21418687814602005,  4.02019417129030471E-2,  0.1216593445906672
 ii= 1401 error= 0.19685031884822105,  -3.79129340351964869E-2,  -0.11449803727367815
 ii= 1402 error= 0.12563252469161856,  2.37522369037979492E-2,  7.1767850029652247E-2
 ii= 1403 error= 0.13739179854641673,  -2.55249660108401444E-2,  -7.72352802156358598E-2
 ii= 1404 error= 0.20284746539726387,  3.79098301132780383E-2,  0.11471329043441615
 ii= 1405 error= 0.19214767100762914,  -3.6830663323682504E-2,  -0.11125374949022472
 ii= 1406 error= 0.13738355826362639,  2.6195774490181168E-2,  7.91734767570531767E-2
 ii= 1407 error= 0.14872624060616679,  -2.79342586977730234E-2,  -8.45035824577207578E-2
 ii= 1408 error= 0.21898119017431972,  4.1163213259111292E-2,  0.12457316673011348
 ii= 1409 error= 0.19862130669059427,  -3.8320003628215929E-2,  -0.11571599835198301
 ii= 1410 error= 0.11964630244718477,  2.23974862775408526E-2,  6.76622003308874898E-2
 ii= 1411 error= 0.1305759355395637,  -2.39803126438264194E-2,  -7.25719734072374778E-2
 ii= 1412 error= 0.18874609398877712,  3.51033743964130479E-2,  0.10620779279216196
 ii= 1413 error= 0.18567792084559859,  -3.5376793578594995E-2,  -0.10689173515568041
 ii= 1414 error= 0.15312868344817124,  2.92687559532052478E-2,  8.84888266395519318E-2
 ii= 1415 error= 0.16182865509907188,  -3.06279793860561207E-2,  -9.26220618216598152E-2
 ii= 1416 error= 0.22004268834315283,  4.16345375893317077E-2,  0.12599550319433359
 ii= 1417 error= 0.19890698606111182,  -3.84666169633193014E-2,  -0.11615925049515008
 ii= 1418 error= 0.12058441903862303,  2.25486386762778247E-2,  6.81193605390732898E-2
 ii= 1419 error= 0.13180069949827045,  -2.42040045663248285E-2,  -7.32488395626658129E-2
 ii= 1420 error= 0.19174383269102577,  3.57163986961043303E-2,  0.10806540382865315
 ii= 1421 error= 0.1870951426476502,  -3.57015139310037574E-2,  -0.10786665341841893
 ii= 1422 error= 0.14990570137160691,  2.86487258364811412E-2,  8.66090948936514976E-2
 ii= 1423 error= 0.15932002068068862,  -3.0113799189794347E-2,  -9.10732744275737222E-2
 ii= 1424 error= 0.22168038319380504,  4.18908755867407057E-2,  0.12677432331632441
 ii= 1425 error= 0.19957088413147905,  -3.85974511051122085E-2,  -0.11654979469878705
 ii= 1426 error= 0.11786188090432366,  2.19386063097947136E-2,  6.6270726599040819E-2
 ii= 1427 error= 0.12853638820201002,  -2.3469904628536653E-2,  -7.1032025324136619E-2
 ii= 1428 error= 0.18489483172778368,  3.43459793796913951E-2,  0.10391243058483195
 ii= 1429 error= 0.18380264294881168,  -3.4964914689569547E-2,  -0.10565547381516582
 ii= 1430 error= 0.15812453545393254,  3.02292559147727437E-2,  9.14012318995508222E-2
 ii= 1431 error= 0.16563159775980163,  -3.14146481232417535E-2,  -9.49911398324720935E-2
 ii= 1432 error= 0.21655289330015176,  4.10625846046625761E-2,  0.12425910558861367
 ii= 1433 error= 0.19754269526638518,  -3.81929956213620247E-2,  -0.11534235170793503
 ii= 1434 error= 0.12624760697796478,  2.37950646882536913E-2,  7.18968252698812399E-2
 ii= 1435 error= 0.13826955642445676,  -2.5642178322533158E-2,  -7.75908635865346918E-2
 ii= 1436 error= 0.20485442518430091,  3.83353699529350167E-2,  0.11600280289481388
 ii= 1437 error= 0.19299803570610957,  -3.70342435548385862E-2,  -0.11186449255605302
 ii= 1438 error= 0.13571381416780132,  2.58625046026676499E-2,  7.81637658444760963E-2
 ii= 1439 error= 0.14726975852947535,  -2.76349785792749623E-2,  -8.36010283747701116E-2
 ii= 1440 error= 0.2178416697866824,  4.09222821964940614E-2,  0.12384362075036194
 ii= 1441 error= 0.19822167690243239,  -3.82233660501809167E-2,  -0.11542655113291043
 ii= 1442 error= 0.12094048749417395,  2.26969858012562933E-2,  6.85701976936601565E-2
 ii= 1443 error= 0.13207281330876083,  -2.43250579964046504E-2,  -7.36126295605523395E-2
 ii= 1444 error= 0.19203747339403021,  3.57579923485446469E-2,  0.10819213675348552
 ii= 1445 error= 0.18725727145271931,  -3.57298440149235869E-2,  -0.10795126485586269
 ii= 1446 error= 0.14934426866293202,  2.85428664859223788E-2,  8.62884593531609567E-2
 ii= 1447 error= 0.15885989339119394,  -3.00211406298754868E-2,  -9.0793850724063721E-2
 ii= 1448 error= 0.22184398076049391,  4.19096558733741201E-2,  0.12683182343181704
 ii= 1449 error= 0.19963437708189644,  -3.86075048397826054E-2,  -0.11657946849637811
 ii= 1450 error= 0.11757053059750323,  2.18758875598754135E-2,  6.60809453863098334E-2
 ii= 1451 error= 0.12818829332581239,  -2.33937685666279621E-2,  -7.08018706963363803E-2
 ii= 1452 error= 0.18413531805695257,  3.41920526965208207E-2,  0.1034461882541146
 ii= 1453 error= 0.18342393268298121,  -3.48793751791785026E-2,  -0.10539844614153693
 ii= 1454 error= 0.15903001870918257,  3.04015668013620267E-2,  9.19239196606683184E-2
 ii= 1455 error= 0.16629042681757569,  -3.15502100082323475E-2,  -9.53990977084699099E-2
 ii= 1456 error= 0.21566574388102461,  4.09090559337889348E-2,  0.12379337067344404
 ii= 1457 error= 0.19718099171603332,  -3.81176254136827916E-2,  -0.11511689841151318
 ii= 1458 error= 0.12771222229057733,  2.41169235433806237E-2,  7.28725524221571774E-2
 ii= 1459 error= 0.13989140337149863,  -2.60028578762090991E-2,  -7.86793643821705607E-2
 ii= 1460 error= 0.20785222681123758,  3.89324300602301096E-2,  0.11781249180928126
 ii= 1461 error= 0.19427078597230091,  -3.73226870231256266E-2,  -0.11272908078483973
 ii= 1462 error= 0.13269708034880409,  2.525639099033751E-2,  7.63270860785360966E-2
 ii= 1463 error= 0.14451541046305336,  -2.70658920467180611E-2,  -8.18844257240518431E-2
 ii= 1464 error= 0.21468140414514345,  4.02724989242606995E-2,  0.12187470166502699
 ii= 1465 error= 0.19701690601939648,  -3.79401232613133244E-2,  -0.11457810012636033
 ii= 1466 error= 0.12489020076405503,  2.35991916632720886E-2,  7.13049960779195552E-2
 ii= 1467 error= 0.13658520791395837,  -2.53544323992224117E-2,  -7.67197226585208947E-2
 ii= 1468 error= 0.20118611712652057,  3.7572694391339867E-2,  0.11369221624506523
 ii= 1469 error= 0.19141272412680219,  -3.66610673057222239E-2,  -0.1107446019703896
 ii= 1470 error= 0.13903844987724012,  2.65240935940207721E-2,  8.01691284899032214E-2
 ii= 1471 error= 0.15017170874930558,  -2.8231652422139885E-2,  -8.53998667322550392E-2
 ii= 1472 error= 0.220037164447525,  4.13881377563879785E-2,  0.12525509483275116
 ii= 1473 error= 0.19900341161202353,  -3.84120933040104917E-2,  -0.11599149874989136
 ii= 1474 error= 0.11851587222142024,  2.21360361864577221E-2,  6.68702883350838079E-2
 ii= 1475 error= 0.12925796085775765,  -2.36769623265987925E-2,  -7.16557626166425682E-2
 ii= 1476 error= 0.18599886030516935,  3.45539474235480593E-2,  0.10454318158082984
 ii= 1477 error= 0.18433955741211386,  -3.50774151016938693E-2,  -0.10599267142527731
 ii= 1478 error= 0.15645345942564728,  2.9906330183467663E-2,  9.0422395614691467E-2
 ii= 1479 error= 0.16435677971089716,  -3.11487147885223803E-2,  -9.41899833758775701E-2
 ii= 1480 error= 0.21772922988523297,  4.12529865781916458E-2,  0.12483749744151711
 ii= 1481 error= 0.19798855435279319,  -3.8280768518698112E-2,  -0.1156039751047792
 ii= 1482 error= 0.12435683697734046,  2.33856015363969431E-2,  7.06562682364908629E-2
 ii= 1483 error= 0.13616545133149871,  -2.5179565159491768E-2,  -7.61939842047405502E-2
 ii= 1484 error= 0.20067519972221154,  3.74982225319636375E-2,  0.11346589461026552
 ii= 1485 error= 0.19116456069016038,  -3.66172548771825646E-2,  -0.11061373927605217
 ii= 1486 error= 0.13996731451202468,  2.67058600446432176E-2,  8.07200135972965527E-2
 ii= 1487 error= 0.1510193728710082,  -2.84056315711151315E-2,  -8.5924657085124645E-2
 ii= 1488 error= 0.2207491996414159,  4.15425546926706662E-2,  0.12572289483370355
 ii= 1489 error= 0.19928248646130783,  -3.84804273390759802E-2,  -0.11619642490141034
 ii= 1490 error= 0.11768594038383363,  2.19392825618357525E-2,  6.6273843525043466E-2
 ii= 1491 error= 0.12825701315249266,  -2.34426690964926118E-2,  -7.09484984640376126E-2
 ii= 1492 error= 0.18399018996472286,  3.41547254756197835E-2,  0.10333336618270547
 ii= 1493 error= 0.18335518858556468,  -3.48596294200518714E-2,  -0.10533885824501919
 ii= 1494 error= 0.15901946194131841,  3.03981479475997143E-2,  9.19137015417115927E-2
 ii= 1495 error= 0.16626823301202295,  -3.15443650838827389E-2,  -9.53812884484961515E-2
 ii= 1496 error= 0.21557245857692253,  4.08896037823418476E-2,  0.12373453113963945
 ii= 1497 error= 0.19713041355590996,  -3.81058481945221808E-2,  -0.11508139481134189
 ii= 1498 error= 0.12787261474656395,  2.41542060246613677E-2,  7.29857516884639262E-2
 ii= 1499 error= 0.140075112567805,  -2.604540129739151E-2,  -7.88075793981035805E-2
 ii= 1500 error= 0.20812358128936895,  3.8985260880645356E-2,  0.11797270598570381
 ii= 1501 error= 0.19437719021557165,  -3.73462398018499647E-2,  -0.11279950504143496
 ii= 1502 error= 0.13238150588516309,  2.5191074221952249E-2,  7.61292406652133435E-2
 ii= 1503 error= 0.14421097999623428,  -2.70013660988505065E-2,  -8.16896479984844243E-2
 ii= 1504 error= 0.21421162663449245,  4.01773249863151757E-2,  0.12158633873671895
 ii= 1505 error= 0.1968255727050128,  -3.78958496223778113E-2,  -0.11444534331265054
 ii= 1506 error= 0.12552334406753077,  2.37426784249197484E-2,  7.17400561347894539E-2
 ii= 1507 error= 0.13729843107779055,  -2.55163588496773418E-2,  -7.72083246918846278E-2
 ii= 1508 error= 0.2025415036174327,  3.78407269019480838E-2,  0.11450464971677003
 ii= 1509 error= 0.19200054629451904,  -3.67931255324949955E-2,  -0.11114045589305684
 ii= 1510 error= 0.13755997855005131,  2.62292024095640564E-2,  7.92754315612968774E-2
 ii= 1511 error= 0.14885208291946891,  -2.79583512962142157E-2,  -8.45756301559878465E-2
 ii= 1512 error= 0.21893477820739682,  4.11536211514918343E-2,  0.1245446782637135
 ii= 1513 error= 0.19858573259149229,  -3.83114232419951295E-2,  -0.11568976434469976
 ii= 1514 error= 0.11979248601460354,  2.24340281315174583E-2,  6.77736189157254476E-2
 ii= 1515 error= 0.13076563272042019,  -2.40263475011962234E-2,  -7.27104477645880154E-2
 ii= 1516 error= 0.18911025223160888,  3.51731676106749047E-2,  0.10641986991880746
 ii= 1517 error= 0.1858447336946889,  -3.54125264482564317E-2,  -0.10699853247242513
 ii= 1518 error= 0.15264305242234052,  2.91742523162583922E-2,  8.8202831080135935E-2
 ii= 1519 error= 0.16143933627851173,  -3.05472005822483052E-2,  -9.23783178014566386E-2
 ii= 1520 error= 0.22023668108415131,  4.16610311329212168E-2,  0.12607659245697375
 ii= 1521 error= 0.19897666448792942,  -3.84787124123910917E-2,  -0.11619486015020114
 ii= 1522 error= 0.12027840270881676,  2.2483116189068314E-2,  6.79213289542568016E-2
 ii= 1523 error= 0.13144513194740257,  -2.41268247233902972E-2,  -7.3015366884823088E-2
 ii= 1524 error= 0.19098213850261647,  3.55621773565426291E-2,  0.1075985023164381
 ii= 1525 error= 0.1867317209429861,  -3.56190496246397217E-2,  -0.1076187997644928
 ii= 1526 error= 0.15076602093335112,  2.88145923542638092E-2,  8.71123946719000591E-2
 ii= 1527 error= 0.1599957694836367,  -3.02526769536991882E-2,  -9.14913242089790274E-2
 ii= 1528 error= 0.22133242143328966,  4.18387741093050602E-2,  0.12661640247385533
 ii= 1529 error= 0.19942959696960333,  -3.85702623630352001E-2,  -0.11646842197926886
 ii= 1530 error= 0.11847120912892167,  2.20757252102302855E-2,  6.6686646561460991E-2
 ii= 1531 error= 0.1292745294999145,  -2.36366190523664872E-2,  -7.1535200932275167E-2
 ii= 1532 error= 0.18649432677803293,  3.46655765166012583E-2,  0.10488137561478338
 ii= 1533 error= 0.18458631921695332,  -3.51397664133646995E-2,  -0.10618019113641285
 ii= 1534 error= 0.15618943052482984,  2.98597731433899102E-2,  9.02813097149188504E-2
 ii= 1535 error= 0.16418972257103187,  -3.11181827878760364E-2,  -9.4098222824884642E-2
 ii= 1536 error= 0.21821126011351394,  4.13427840441902214E-2,  0.12511001505409194
 ii= 1537 error= 0.19820752052749341,  -3.8329164566006893E-2,  -0.11574899686475858
 ii= 1538 error= 0.12356793968868192,  2.32056528904405444E-2,  7.01108056640350336E-2
 ii= 1539 error= 0.13524518616865208,  -2.4969993887283725E-2,  -7.55614563498868685E-2
 ii= 1540 error= 0.1990067018710803,  3.7168042805786769E-2,  0.11246539112692171
 ii= 1541 error= 0.19043830432976921,  -3.6455118511048594E-2,  -0.11012756391804093
 ii= 1542 error= 0.14189169858910444,  2.70890942075772238E-2,  8.18817699086672596E-2
 ii= 1543 error= 0.152707666706935,  -2.8757066446667541E-2,  -8.69842155534366196E-2
 ii= 1544 error= 0.22182347124456858,  4.17803437174622191E-2,  0.12644327297288427
 ii= 1545 error= 0.19969433616830176,  -3.85827391808498885E-2,  -0.11650317490179052
 ii= 1546 error= 0.11650529805171546,  2.16576520132261384E-2,  6.54202254356501534E-2
 ii= 1547 error= 0.1268296160710114,  -2.31067763561830369E-2,  -6.99344073372964725E-2
 ii= 1548 error= 0.18110521116903372,  3.35796255741413405E-2,  0.10159068505467543
 ii= 1549 error= 0.18191073637815053,  -3.45399702546675749E-2,  -0.10437892049922522
 ii= 1550 error= 0.16273291663351663,  3.11055792156415163E-2,  9.40590124924324672E-2
 ii= 1551 error= 0.16894387771407315,  -3.20979114026571782E-2,  -9.70474632289121675E-2
 ii= 1552 error= 0.21171404615056977,  4.02218888810586261E-2,  0.12170839755134585
 ii= 1553 error= 0.19554921206821752,  -3.77786471340717592E-2,  -0.11410299754093021
 ii= 1554 error= 0.13352631898974446,  2.53420633217010874E-2,  7.65857446177062723E-2
 ii= 1555 error= 0.14585908365436023,  -2.72902519730062465E-2,  -8.25641280141063416E-2
 ii= 1556 error= 0.21722628926572202,  4.08201088903147949E-2,  0.12353343734252786
 ii= 1557 error= 0.19807494881222865,  -3.81977416850763085E-2,  -0.11535124294449652
 ii= 1558 error= 0.12162250898414423,  2.28373343553968586E-2,  6.8994976328482796E-2
 ii= 1559 error= 0.13280229531828586,  -2.44785643577156223E-2,  -7.40766909441479271E-2
 ii= 1560 error= 0.19395750544515206,  3.61471771249956692E-2,  0.10937180850765157
 ii= 1561 error= 0.1881861400362132,  -3.59425967397971266E-2,  -0.10859008364674759
 ii= 1562 error= 0.14744311336337473,  2.81819715608114529E-2,  8.51945804124173978E-2
 ii= 1563 error= 0.15736922124657698,  -2.97219205079192854E-2,  -8.98924551175588199E-2
 ii= 1564 error= 0.22266323767416404,  4.20347671611948845E-2,  0.1272123030541043
 ii= 1565 error= 0.19999496929019919,  -3.86785328538194195E-2,  -0.11679168006319561
 ii= 1566 error= 0.11613671300635658,  2.15493888235430316E-2,  6.50915837487050092E-2
 ii= 1567 error= 0.12641072210707688,  -2.29892921590244478E-2,  -6.9580353534008238E-2
 ii= 1568 error= 0.18049595044392236,  3.34623177225147131E-2,  0.10123510856629908
 ii= 1569 error= 0.18160575562591819,  -3.44751124212085147E-2,  -0.1041843616643557
 ii= 1570 error= 0.1636851957712577,  3.12889457381098426E-2,  9.46150451872227183E-2
 ii= 1571 error= 0.16962613109852026,  -3.22411784811294372E-2,  -9.74787778476088329E-2
 ii= 1572 error= 0.21071531295152149,  4.00493072995556851E-2,  0.12118469817255823
 ii= 1573 error= 0.19514513703692099,  -3.76953884468392356E-2,  -0.11385417170612916
 ii= 1574 error= 0.13489854052371716,  2.56198550224680834E-2,  7.74275044388851169E-2
 ii= 1575 error= 0.14716726530635529,  -2.75640976860967897E-2,  -8.33904393899540797E-2
 ii= 1576 error= 0.21889807023462404,  4.11642448226469879E-2,  0.12457627275021979
 ii= 1577 error= 0.19873724409923618,  -3.83532908644446807E-2,  -0.1158174575125516
 ii= 1578 error= 0.11949601861543054,  2.23456992544566919E-2,  6.75046386479424831E-2
 ii= 1579 error= 0.13030183297580752,  -2.39028359398803895E-2,  -7.2338824050274364E-2
 ii= 1580 error= 0.18892206807635575,  3.51462710970405351E-2,  0.10633842010087352
 ii= 1581 error= 0.18582512110511376,  -3.54159041907802369E-2,  -0.10700966748944749
 ii= 1582 error= 0.15350387602568089,  2.93575191477965756E-2,  8.87585053268237362E-2
 ii= 1583 error= 0.16219657443619126,  -3.07183935289731293E-2,  -9.28946489551708693E-2
 ii= 1584 error= 0.22060195149162487,  4.17510014161891901E-2,  0.12634915377195255
 ii= 1585 error= 0.19920136974697969,  -3.8534900282444072E-2,  -0.11636430602157187
 ii= 1586 error= 0.11972990495931331,  2.23466739838881802E-2,  6.75073382432102992E-2
 ii= 1587 error= 0.13075046210109559,  -2.3958473324772394E-2,  -7.25077135955679852E-2
 ii= 1588 error= 0.19005867755845382,  3.53822121749905599E-2,  0.10705338841120325
 ii= 1589 error= 0.18633759268145306,  -3.553424908689444E-2,  -0.10736478860988441
 ii= 1590 error= 0.15224866622784816,  2.91126818178251839E-2,  8.80163639514199847E-2
 ii= 1591 error= 0.1612160903721864,  -3.05143659731159714E-2,  -9.2279958218895744E-2
 ii= 1592 error= 0.22121043818840036,  4.18441263177841208E-2,  0.12663225620420673
 ii= 1593 error= 0.19943487331754528,  -3.85796946834598142E-2,  -0.11649774688927217
 ii= 1594 error= 0.11875493409009484,  2.21311379214561496E-2,  6.68543812171249335E-2
 ii= 1595 error= 0.12959317601223538,  -2.37006525384758047E-2,  -7.17289772410737159E-2
 ii= 1596 error= 0.18758976294694296,  3.48867568858170357E-2,  0.10555203628320967
 ii= 1597 error= 0.18515028364941172,  -3.52676963106299465E-2,  -0.10656452602719567
 ii= 1598 error= 0.15516813354304754,  2.96736106989303992E-2,  8.97171688336354661E-2
 ii= 1599 error= 0.16345547318487277,  -3.09751343175862677E-2,  -9.3667611064231715E-2
 ii= 1600 error= 0.21937426166509039,  4.15465027931770717E-2,  0.12572857347260119
 ii= 1601 error= 0.19871131434088624,  -3.84348822598669718E-2,  -0.11606537564140702
 ii= 1602 error= 0.12171625476653633,  2.27915282663270664E-2,  6.88557736242739332E-2
 ii= 1603 error= 0.13309189979246819,  -2.44854896735012643E-2,  -7.40988277733432565E-2
 ii= 1604 error= 0.1949368473349265,  3.63561064350280128E-2,  0.11000510808296905
 ii= 1605 error= 0.1886189791207761,  -3.60458416398261872E-2,  -0.10889990136810782
 ii= 1606 error= 0.14660196332976044,  2.80188732062846176E-2,  8.47005460382214831E-2
 ii= 1607 error= 0.1566949291595664,  -2.95844758088985929E-2,  -8.94781485606791077E-2
 ii= 1608 error= 0.22285783949545263,  4.20576190716769466E-2,  0.12728237474216467
 ii= 1609 error= 0.20008916262826568,  -3.86947700669885569E-2,  -0.11683997723936647
 ii= 1610 error= 0.11577267616693956,  2.14694322756546693E-2,  6.48496049718562118E-2
 ii= 1611 error= 0.12595851019633073,  -2.28888505556294405E-2,  -6.92768142390575853E-2
 ii= 1612 error= 0.17964545528741352,  3.32897291716698837E-2,  0.10071251534186093
 ii= 1613 error= 0.18117930655928202,  -3.43797108346118596E-2,  -0.10389767384178858
 ii= 1614 error= 0.16483885016673042,  3.15102216242028402E-2,  9.52864191850824327E-2
 ii= 1615 error= 0.17043165443948133,  -3.24102544932223929E-2,  -9.79874096499562808E-2
 ii= 1616 error= 0.20938404526582391,  3.9815174601414316E-2,  0.12047463491495658
 ii= 1617 error= 0.19459161623550644,  -3.75799580228909288E-2,  -0.11350875045790634
 ii= 1618 error= 0.13670599964600524,  2.59833634628314318E-2,  7.85293426750138662E-2
 ii= 1619 error= 0.1488495607325537,  -2.79151225003549733E-2,  -8.44492402820744698E-2
 ii= 1620 error= 0.22073675456574407,  4.15469459026417409E-2,  0.12573613301248843
 ii= 1621 error= 0.19945529668381262,  -3.85234189015770945E-2,  -0.1163272171073753
 ii= 1622 error= 0.11725517026023229,  2.18226757064910529E-2,  6.59194102122934583E-2
 ii= 1623 error= 0.12761870600680481,  -2.32807894217984708E-2,  -7.04607807380259049E-2
 ii= 1624 error= 0.18345890027307382,  3.40563425704913866E-2,  0.10303557192303692
 ii= 1625 error= 0.18316028237643517,  -3.48231435524647831E-2,  -0.10523009616802463
 ii= 1626 error= 0.16034272384015727,  3.06686491688322113E-2,  9.27341913941184537E-2
 ii= 1627 error= 0.16730684378927416,  -3.17738442726690704E-2,  -9.60726596254317389E-2
 ii= 1628 error= 0.21503970743782483,  4.08154281095719079E-2,  0.12350942652162346
 ii= 1629 error= 0.19699764171950912,  -3.80850428653762216E-2,  -0.11502042912299267
 ii= 1630 error= 0.1287195201032551,  2.43264534344952918E-2,  7.35076357655584933E-2
 ii= 1631 error= 0.14094543464539597,  -2.6228096482128968E-2,  -7.93594452185690385E-2
 ii= 1632 error= 0.21010288741502878,  3.93855172824083277E-2,  0.11918626652294859
 ii= 1633 error= 0.19524947320119326,  -3.75473412964682646E-2,  -0.11340274201351515
 ii= 1634 error= 0.13076787799476658,  2.48754225989177256E-2,  7.51731862669891698E-2
 ii= 1635 error= 0.14279112315862971,  -2.67186069446151871E-2,  -8.08368088145948044E-2
 ii= 1636 error= 0.21281651660335246,  3.98890216391759519E-2,  0.12071324310611201
 ii= 1637 error= 0.19634422840314442,  -3.77811082112999921E-2,  -0.1141020136784337
 ii= 1638 error= 0.12722202605515401,  2.41243234950277337E-2,  7.28970607815064703E-2
 ii= 1639 error= 0.13914796878864208,  -2.59334576442590697E-2,  -7.84672078974331944E-2
 ii= 1640 error= 0.20642176368185322,  3.86094531392563098E-2,  0.11683512755654768
 ii= 1641 error= 0.19370055350285542,  -3.71766474241876574E-2,  -0.1122903868800781
 ii= 1642 error= 0.13373360686331132,  2.54725412055423518E-2,  7.69827644833521452E-2
 ii= 1643 error= 0.14543028587101742,  -2.72599084621872566E-2,  -8.24690889960096318E-2
 ii= 1644 error= 0.21576179754589947,  4.04880503404390149E-2,  0.12252860445390892
 ii= 1645 error= 0.1974252372745712,  -3.80329450089992374E-2,  -0.11485568094998892
 ii= 1646 error= 0.12355894075840948,  2.33019244516385164E-2,  7.04045654274111504E-2
 ii= 1647 error= 0.13509837070490305,  -2.50204665095521799E-2,  -7.57112963172878184E-2
 ii= 1648 error= 0.19824417832806981,  3.69854123112063754E-2,  0.11191286462184968
 ii= 1649 error= 0.19010179512456357,  -3.63641229456988305E-2,  -0.10985371163881458
 ii= 1650 error= 0.14222332370460733,  2.71536795516093242E-2,  8.20779379902341344E-2
 ii= 1651 error= 0.15293182575031836,  -2.88009471472766981E-2,  -8.71159405716331464E-2
 ii= 1652 error= 0.22156991435700951,  4.17306102372590679E-2,  0.12629276609741899
 ii= 1653 error= 0.19956308453301413,  -3.8551863241358772E-2,  -0.11641027564376129
 ii= 1654 error= 0.11697439449845887,  2.1772168540481987E-2,  6.57678185838023038E-2
 ii= 1655 error= 0.1274365766111823,  -2.32510453619799683E-2,  -7.03696540464851111E-2
 ii= 1656 error= 0.18226681106875767,  3.38077495306441378E-2,  0.10228228382135686
 ii= 1657 error= 0.1824804592173811,  -3.4663364684227746E-2,  -0.10474916176878091
 ii= 1658 error= 0.16112633601027995,  3.07974720278963859E-2,  9.31250085408002609E-2
 ii= 1659 error= 0.16777839506212422,  -3.18547851571971338E-2,  -9.63153991629263073E-2
 ii= 1660 error= 0.21331367193906958,  4.04951572071560809E-2,  0.12253799423956493
 ii= 1661 error= 0.1961962756571651,  -3.79103479583414796E-2,  -0.11449649455944544
 ii= 1662 error= 0.1314003332144032,  2.4912674665257456E-2,  7.52849632682617287E-2
 ii= 1663 error= 0.14380353066228113,  -2.68617023174930643E-2,  -8.12707484789957357E-2
 ii= 1664 error= 0.21436215024327099,  4.0232813688346053E-2,  0.12175399735492519
 ii= 1665 error= 0.19693495801420455,  -3.79301923933162144E-2,  -0.11454930203216294
 ii= 1666 error= 0.12540393206490888,  2.37033661994339416E-2,  7.16205721445239279E-2
 ii= 1667 error= 0.13713348767789471,  -2.5468858086484629E-2,  -7.70654048846899919E-2
 ii= 1668 error= 0.20250100440027435,  3.7838162303009383E-2,  0.11449709422075505
 ii= 1669 error= 0.19200590513066793,  -3.67973469540149242E-2,  -0.11115341312950047
 ii= 1670 error= 0.13782023564206172,  2.62866187518249472E-2,  7.94497067377888527E-2
 ii= 1671 error= 0.14912399337805382,  -2.8020080289403726E-2,  -8.47618717089115431E-2
 ii= 1672 error= 0.21946834656663955,  4.12610659867505003E-2,  0.12487066064117248
 ii= 1673 error= 0.19881758279616601,  -3.83647113808278442E-2,  -0.11584951422911099
 ii= 1674 error= 0.11906976093068752,  2.22661267485867141E-2,  6.72648328007509344E-2
 ii= 1675 error= 0.12989474813633933,  -2.38252872323158373E-2,  -7.21034446148010738E-2
 ii= 1676 error= 0.18746494854028758,  3.48455011679104365E-2,  0.10542719183463527
 ii= 1677 error= 0.18506450109558878,  -3.52390241273084284E-2,  -0.10647774864383833
 ii= 1678 error= 0.15475578105166155,  2.9584385229228273E-2,  8.94466308426165174E-2
 ii= 1679 error= 0.16308128173738179,  -3.08889644012778387E-2,  -9.34076403226910684E-2
 ii= 1680 error= 0.21911957634708645,  4.14864844112018682E-2,  0.12554671353271973
 ii= 1681 error= 0.19855307639358286,  -3.83961148351820922E-2,  -0.1159485187609965
 ii= 1682 error= 0.12212016615824657,  2.2890357655592438E-2,  6.9155640867759452E-2
 ii= 1683 error= 0.13359326380228773,  -2.4605473159176619E-2,  -7.44606222802666889E-2
 ii= 1684 error= 0.19559994424213448,  3.64848296189874688E-2,  0.11039506542942394
 ii= 1685 error= 0.18888931129525879,  -3.61041181114642104E-2,  -0.10907436454689524
 ii= 1686 error= 0.14558235193291191,  2.78113725033290911E-2,  8.40714064119216647E-2
 ii= 1687 error= 0.15580623955642925,  -2.93936779878719127E-2,  -8.89029007971685742E-2
 ii= 1688 error= 0.22243996110217207,  4.19584501624655215E-2,  0.12698198446805178
 ii= 1689 error= 0.19989321389617604,  -3.86453861411219166E-2,  -0.11669146423572521
 ii= 1690 error= 0.11625039430663686,  2.15863411544663757E-2,  6.52041271870943545E-2
 ii= 1691 error= 0.12655533896272264,  -2.30323661181873994E-2,  -6.9709878425404645E-2
 ii= 1692 error= 0.18061490494424592,  3.34827474233797898E-2,  0.10129726132975291
 ii= 1693 error= 0.18165368004224947,  -3.44835264376556344E-2,  -0.10420929905113271
 ii= 1694 error= 0.16338681049543638,  3.12289717364331136E-2,  9.44334042153251452E-2
 ii= 1695 error= 0.16939981264460111,  -3.21918472227518057E-2,  -9.73300360657999158E-2
 ii= 1696 error= 0.21092367010329549,  4.00823622208201363E-2,  0.12128526263870076
 ii= 1697 error= 0.19521520172258361,  -3.77085991624017541E-2,  -0.11389331785933679
 ii= 1698 error= 0.13453929813518717,  2.55451206647106278E-2,  7.72012319107473755E-2
 ii= 1699 error= 0.1468062195252535,  -2.74865200895587081E-2,  -8.31561519083576506E-2
 ii= 1700 error= 0.21834839765805458,  4.10514396626915565E-2,  0.12423460405259425
 ii= 1701 error= 0.19850879744461533,  -3.82998684922863028E-2,  -0.1156571534152856
 ii= 1702 error= 0.12022856845248754,  2.25160734598365206E-2,  6.80213230771096744E-2
 ii= 1703 error= 0.13117405556515283,  -2.41046734663252805E-2,  -7.29479365924277229E-2
 ii= 1704 error= 0.19065184179579034,  3.54896823253472923E-2,  0.10737933130955983
 ii= 1705 error= 0.18664043910075659,  -3.55972221524633176E-2,  -0.10755365542830238
 ii= 1706 error= 0.15136202514166164,  2.89425234031078817E-2,  8.75004661024505609E-2
 ii= 1707 error= 0.16051598398844563,  -3.03706684378867546E-2,  -9.18470454215917359E-2
 ii= 1708 error= 0.221617054499924,  4.19050064371202791E-2,  0.1268172620567265
 ii= 1709 error= 0.19958657680222092,  -3.86086840558859043E-2,  -0.11658407005048928
 ii= 1710 error= 0.11806990503387149,  2.19776491731549541E-2,  6.63892952173854856E-2
 ii= 1711 error= 0.12876779094635876,  -2.35151491361208706E-2,  -7.11686932846933157E-2
 ii= 1712 error= 0.18574262415028195,  3.45167533860188391E-2,  0.10443070729731692
 ii= 1713 error= 0.18424111388213188,  -3.50643445832545739E-2,  -0.10595393074187941
 ii= 1714 error= 0.15733941145006689,  3.00866317451778144E-2,  9.09694610219706767E-2
 ii= 1715 error= 0.16507422118085291,  -3.13063480722996779E-2,  -9.46648940796837729E-2
 ii= 1716 error= 0.21754811307992053,  4.12377587183875779E-2,  0.12479138527715262
 ii= 1717 error= 0.19797339296562411,  -3.82835679421651767E-2,  -0.11561317211196183
 ii= 1718 error= 0.12464981739789385,  2.34409963543492361E-2,  7.08241655700399403E-2
 ii= 1719 error= 0.13645979303213418,  -2.5237715674658167E-2,  -7.63697628968924153E-2
 ii= 1720 error= 0.20161121937788995,  3.76882564497701966E-2,  0.11404237492214231
 ii= 1721 error= 0.19160834788922151,  -3.67198368210994511E-2,  -0.11092158082941335
 ii= 1722 error= 0.13923033196850734,  2.65682278276279833E-2,  8.03033509562557507E-2
 ii= 1723 error= 0.1504227839237037,  -2.82908338631504622E-2,  -8.55785278477408651E-2
 ii= 1724 error= 0.2207794150553947,  4.15377384614686873E-2,  0.12570913103999135
 ii= 1725 error= 0.1993407215709917,  -3.84898392961397495E-2,  -0.11622462821829097
 ii= 1726 error= 0.11748505150320641,  2.18940721724434455E-2,  6.61370962287764486E-2
 ii= 1727 error= 0.12798816139439231,  -2.33818726011687482E-2,  -7.07648257345733223E-2
 ii= 1728 error= 0.18367494863852726,  3.40909677162430438E-2,  0.10314073685424127
 ii= 1729 error= 0.18321831324464577,  -3.48296432629271388E-2,  -0.1052487696193007
 ii= 1730 error= 0.15960030601780209,  3.05151621821996601E-2,  9.2269020270936794E-2
 ii= 1731 error= 0.16671004521213736,  -3.16410346397367481E-2,  -9.56722090086001703E-2
 ii= 1732 error= 0.21524889696867719,  4.08382116034920334E-2,  0.12357899245093489
 ii= 1733 error= 0.19702546797137266,  -3.80856395541461917E-2,  -0.11502114836724472
 ii= 1734 error= 0.12841709741365678,  2.42703646981060062E-2,  7.333813458644102E-2
 ii= 1735 error= 0.1406541361728236,  -2.61716411789154023E-2,  -7.91884945928310741E-2
 ii= 1736 error= 0.20933453424179224,  3.92272041850502129E-2,  0.11870651777321996
 ii= 1737 error= 0.19489987095593966,  -3.74653942602059253E-2,  -0.11315660761459441
 ii= 1738 error= 0.1313111706623212,  2.49790772755461056E-2,  7.54873104589896537E-2
 ii= 1739 error= 0.14324405546300767,  -2.68058755766847519E-2,  -8.10997590036451749E-2
 ii= 1740 error= 0.21312682413020259,  3.99540937772380547E-2,  0.12091038416078033
 ii= 1741 error= 0.19642660670897658,  -3.78016448297215923E-2,  -0.11416311846363976
 ii= 1742 error= 0.12690281247200641,  2.40537294998601874E-2,  7.26832638436320788E-2
 ii= 1743 error= 0.13881608915445789,  -2.5859716789769796E-2,  -7.82444144381413131E-2
 ii= 1744 error= 0.20560894727278969,  3.84474441637438491E-2,  0.11634404075281131
 ii= 1745 error= 0.19333451380278677,  -3.70935980578574465E-2,  -0.11204116119224035
 ii= 1746 error= 0.13444543540153586,  2.56104977138220495E-2,  7.74008026169381025E-2
 ii= 1747 error= 0.14605294513739761,  -2.7383976016309132E-2,  -8.28431524633341243E-2
 ii= 1748 error= 0.21627671293966871,  4.05967341934685907E-2,  0.12285782749083185
 ii= 1749 error= 0.19759669491910781,  -3.80749396862690784E-2,  -0.11498124690142829
 ii= 1750 error= 0.12297086118691598,  2.31671488516414364E-2,  6.99961110787937768E-2
 ii= 1751 error= 0.13443771950392758,  -2.48697340634757708E-2,  -7.52561877561212927E-2
 ii= 1752 error= 0.19677392725348614,  3.66940810016326419E-2,  0.11102980731255467
 ii= 1753 error= 0.18942505566798601,  -3.62125079276355358E-2,  -0.10939879190578994
 ii= 1754 error= 0.14378201557800735,  2.74560052269050593E-2,  8.29942844186463968E-2
 ii= 1755 error= 0.15424448102354865,  -2.90681964865680091E-2,  -8.79214698565455727E-2
 ii= 1756 error= 0.22185002434557144,  4.18105750124361103E-2,  0.12653448138326626
 ii= 1757 error= 0.19964379168232821,  -3.85785830754238127E-2,  -0.11649051776805947
 ii= 1758 error= 0.11683882219237128,  2.17339659371063518E-2,  6.56519421016226179E-2
 ii= 1759 error= 0.12728452401611684,  -2.32103805909102158E-2,  -7.02469428177689009E-2
 ii= 1760 error= 0.1818908322286705,  3.37346008860520061E-2,  0.10206048644316647
 ii= 1761 error= 0.1822824676758438,  -3.46204219076958405E-2,  -0.10462016344265004
 ii= 1762 error= 0.16156267477669906,  3.08778597036319102E-2,  9.33686979994505645E-2
 ii= 1763 error= 0.16808635640574873,  -3.19163976505262223E-2,  -9.65008180098120838E-2
 ii= 1764 error= 0.21277817562695908,  4.04016014844897769E-2,  0.12225403351147233
 ii= 1765 error= 0.1959653397377335,  -3.78625470428455152E-2,  -0.11435343236174732
 ii= 1766 error= 0.13203116595342004,  2.50374565618243609E-2,  7.56629741311319326E-2
 ii= 1767 error= 0.14439684592407812,  -2.69827380430334822E-2,  -8.16359525668528679E-2
 ii= 1768 error= 0.21510351084820672,  4.03857473327263045E-2,  0.12221733588368773
 ii= 1769 error= 0.19721861577412711,  -3.79974099460089962E-2,  -0.11475066559579629
 ii= 1770 error= 0.12443925954701515,  2.34833477648137556E-2,  7.09535692780211003E-2
 ii= 1771 error= 0.13604710007207979,  -2.52213229934798548E-2,  -7.63183244995408738E-2
 ii= 1772 error= 0.20033248442778995,  3.74095186846362601E-2,  0.11319785370425459
 ii= 1773 error= 0.19105098356592429,  -3.6583282742982566E-2,  -0.11051152808416081
 ii= 1774 error= 0.1401430580052595,  2.67461272191844603E-2,  8.08423551106273591E-2
 ii= 1775 error= 0.15117023429491264,  -2.84412115052439622E-2,  -8.60317444536459891E-2
 ii= 1776 error= 0.2209268945674189,  4.15776108179974208E-2,  0.12582944754868475
 ii= 1777 error= 0.19935382425754938,  -3.84967011957337082E-2,  -0.11624504047260076
 ii= 1778 error= 0.11745111174403167,  2.18845035710972073E-2,  6.61080432166407939E-2
 ii= 1779 error= 0.12797029089122269,  -2.33763624961007312E-2,  -7.0748143093872895E-2
 ii= 1780 error= 0.18340821234109148,  3.40379151415645675E-2,  0.10297964913292967
 ii= 1781 error= 0.18306346680119698,  -3.47946111281818987E-2,  -0.10514347318953381
 ii= 1782 error= 0.15975334245993936,  3.05379171011610703E-2,  9.23377882039930487E-2
 ii= 1783 error= 0.16680026741027801,  -3.1654237737538421E-2,  -9.57118893753334671E-2
 ii= 1784 error= 0.21484960689457977,  4.07646081219202455E-2,  0.12335547978772277
 ii= 1785 error= 0.19683474655686883,  -3.80444733864490278E-2,  -0.11489775937300514
 ii= 1786 error= 0.12907615840184553,  2.44167608743262633E-2,  7.37818151411966522E-2
 ii= 1787 error= 0.1413835212990725,  -2.63351677440109358E-2,  -7.96819335495214665E-2
 ii= 1788 error= 0.21045346743520613,  3.94497477381637457E-2,  0.11938070588114626
 ii= 1789 error= 0.19534737347068007,  -3.75669747801669271E-2,  -0.11346095076394458
 ii= 1790 error= 0.13013066839689297,  2.47349010055156575E-2,  7.47471720902509323E-2
 ii= 1791 error= 0.14211489546248599,  -2.65677676233893774E-2,  -8.0381423197483079E-2
 ii= 1792 error= 0.21132226082269859,  3.95916675782816904E-2,  0.1198116621888151
 ii= 1793 error= 0.1956962345452363,  -3.76339792186714747E-2,  -0.11366081096900509
 ii= 1794 error= 0.12890325422884896,  2.44843690891057529E-2,  7.39881986171248285E-2
 ii= 1795 error= 0.14088296821559385,  -2.63101472231753418E-2,  -7.96037138551778101E-2
 ii= 1796 error= 0.20915325489343797,  3.91537393314718291E-2,  0.11848443223030104
 ii= 1797 error= 0.19479926042944917,  -3.74269325146341855E-2,  -0.11304015130071304
 ii= 1798 error= 0.13085476318257086,  2.4880345543563092E-2,  7.51879959970900985E-2
 ii= 1799 error= 0.14270106941223276,  -2.66853033844034505E-2,  -8.07355087822696216E-2
 ii= 1800 error= 0.21175333466426211,  3.96781099173460217E-2,  0.12007361362829293
 ii= 1801 error= 0.19581860203174797,  -3.76620629409329527E-2,  -0.1137444191646983
 ii= 1802 error= 0.12834694111690378,  2.43611403041109481E-2,  7.36148421486089444E-2
 ii= 1803 error= 0.14028537975618796,  -2.61760790095172009E-2,  -7.91988556954412309E-2
 ii= 1804 error= 0.20782416190117808,  3.88879153342976264E-2,  0.11767868598325079
 ii= 1805 error= 0.19421584853359974,  -3.72933786746725005E-2,  -0.11263955536352815
 ii= 1806 error= 0.13202012504479527,  2.51107368443784645E-2,  7.58860872872552661E-2
 ii= 1807 error= 0.14374785226375342,  -2.68962240770490267E-2,  -8.13716386937437947E-2
 ii= 1808 error= 0.21294239012316724,  3.99207967158674848E-2,  0.12080898671118089
 ii= 1809 error= 0.19625443924476912,  -3.77638964096640786E-2,  -0.11404920792106094
 ii= 1810 error= 0.12718354006396018,  2.41143369376551654E-2,  7.2867052467256041E-2
 ii= 1811 error= 0.13912480380379535,  -2.59265972383808073E-2,  -7.8445832555353423E-2
 ii= 1812 error= 0.20564699896039274,  3.84524746187876049E-2,  0.11635884498874652
 ii= 1813 error= 0.19329205522022311,  -3.70823864275529533E-2,  -0.11200700479893787
 ii= 1814 error= 0.13409482734273581,  2.55268420727515349E-2,  7.71469401390105225E-2
 ii= 1815 error= 0.14564984786406618,  -2.72877075507870388E-2,  -8.25525292961750423E-2
 ii= 1816 error= 0.21521484210107367,  4.03859893234068471E-2,  0.12221860077463419
 ii= 1817 error= 0.19712135265559211,  -3.79669951684425896E-2,  -0.11465750327171681
 ii= 1818 error= 0.1244889771021183,  2.35134712518378121E-2,  7.1045841457957129E-2
 ii= 1819 error= 0.13619525729808571,  -2.52703732470700992E-2,  -7.64652924135982709E-2
 ii= 1820 error= 0.19994546081488243,  3.73219115026296663E-2,  0.11293217216271438
 ii= 1821 error= 0.1908134693421768,  -3.6523313393321627E-2,  -0.11033074282506354
 ii= 1822 error= 0.14003732951889367,  2.67096465131272838E-2,  8.07316030073457758E-2
 ii= 1823 error= 0.15097585402772276,  -2.83860976427453594E-2,  -8.5865038660510179E-2
 ii= 1824 error= 0.22000082457191517,  4.13944372818202955E-2,  0.12527385543372827
 ii= 1825 error= 0.19892098995044388,  -3.83983455931383166E-2,  -0.115949828495053
 ii= 1826 error= 0.1188070843440811,  2.2202105268868403E-2,  6.70708783913028656E-2
 ii= 1827 error= 0.12963957751643215,  -2.37641662925236682E-2,  -7.19186672995295317E-2
 ii= 1828 error= 0.18648171749591938,  3.46497004910191128E-2,  0.10483332457475635
 ii= 1829 error= 0.18454308428402705,  -3.51218459900557514E-2,  -0.10612563707274569
 ii= 1830 error= 0.15562040287512055,  2.97379928850528483E-2,  8.99120286221186948E-2
 ii= 1831 error= 0.1636950168020441,  -3.10050879408281486E-2,  -9.37571285958987838E-2
 ii= 1832 error= 0.21802458224641946,  4.12931741248528453E-2,  0.124959742773522
 ii= 1833 error= 0.19806674596283314,  -3.82936820583327647E-2,  -0.11564179866086108
 ii= 1834 error= 0.12386609282889391,  2.32811793734366765E-2,  7.03400794710344751E-2
 ii= 1835 error= 0.13562119053870589,  -2.5062061371515152E-2,  -7.58388650152395233E-2
 ii= 1836 error= 0.19934733434406743,  3.72320811521849107E-2,  0.11265927685842747
 ii= 1837 error= 0.19055128714457059,  -3.64781877326607121E-2,  -0.1101962831047363
 ii= 1838 error= 0.14122809655510191,  2.69484207302439875E-2,  8.1455223389928777E-2
 ii= 1839 error= 0.15208003494736611,  -2.86185199641971477E-2,  -8.6566251463109159E-2
 ii= 1840 error= 0.22105635046529393,  4.16211513937834315E-2,  0.12596068177786654
 ii= 1841 error= 0.19935841356082104,  -3.85043007413240282E-2,  -0.11626778278337181
 ii= 1842 error= 0.11749402027438918,  2.18901726150676733E-2,  6.61251010830570529E-2
 ii= 1843 error= 0.12804242443801464,  -2.33897653912712583E-2,  -7.07886174114333994E-2
 ii= 1844 error= 0.1833660913251226,  3.40313984818142942E-2,  0.1029595530317597
 ii= 1845 error= 0.18302606159600007,  -3.47869229787024642E-2,  -0.1051203229344578
 ii= 1846 error= 0.15967391083727939,  3.05174947088323323E-2,  9.22755873966189383E-2
 ii= 1847 error= 0.16673037928346199,  -3.16354446520874175E-2,  -9.56552910699094844E-2
 ii= 1848 error= 0.21476154951136744,  4.07472161371971869E-2,  0.12330246430993548
 ii= 1849 error= 0.19677794202164917,  -3.80323469448343512E-2,  -0.11486128991559448
 ii= 1850 error= 0.12920416102653429,  2.44451599470788955E-2,  7.3867746738116552E-2
 ii= 1851 error= 0.14152905137429611,  -2.63678911695061531E-2,  -7.9780663213378053E-2
 ii= 1852 error= 0.21056653980182397,  3.94730055591509879E-2,  0.11945086377812413
 ii= 1853 error= 0.19538064832766791,  -3.75751417900098486E-2,  -0.11348536595498165
 ii= 1854 error= 0.12994763975738985,  2.46935532821255556E-2,  7.46216109403389921E-2
 ii= 1855 error= 0.14192380326571558,  -2.65245041927800879E-2,  -8.02509306229718111E-2
 ii= 1856 error= 0.21087833128699862,  3.95048011902858071E-2,  0.11954804309419503
 ii= 1857 error= 0.19550333856959828,  -3.75910528555457243E-2,  -0.11353217711167697
 ii= 1858 error= 0.12927143046941664,  2.45559429990813739E-2,  7.42047921941101224E-2
 ii= 1859 error= 0.14121719969395674,  -2.63763112223649142E-2,  -7.98034114785655946E-2
 ii= 1860 error= 0.20954073246952606,  3.92340903124736226E-2,  0.11872762678835505
 ii= 1861 error= 0.19494080795586305,  -3.74608936204890303E-2,  -0.11314188833315204
 ii= 1862 error= 0.13044074483132637,  2.47917339120918429E-2,  7.49192501534347161E-2
 ii= 1863 error= 0.1422937885976964,  -2.65967831925029673E-2,  -8.04684741060420344E-2
 ii= 1864 error= 0.21101189508752696,  3.95308598815470452E-2,  0.11962702757423173
 ii= 1865 error= 0.19550908661583971,  -3.75919318415890089E-2,  -0.11353428770545161
 ii= 1866 error= 0.12899580634890756,  2.44913099975038739E-2,  7.40089958815268734E-2
 ii= 1867 error= 0.14089166130926006,  -2.62997707555450398E-2,  -7.95721501748687804E-2
 ii= 1868 error= 0.20868368203520543,  3.9062627269516273E-2,  0.11820790631371036
 ii= 1869 error= 0.19455339616484651,  -3.73720394916104079E-2,  -0.11287525664483772
 ii= 1870 error= 0.13115087672265632,  2.49302264287692664E-2,  7.53388964081096735E-2
 ii= 1871 error= 0.14291738136877968,  -2.67200541335917766E-2,  -8.08401740657435641E-2
 ii= 1872 error= 0.21165336226910816,  3.96618328011992816E-2,  0.12002388645248989
 ii= 1873 error= 0.19573243714175112,  -3.76440983961059614E-2,  -0.11369028850233907
 ii= 1874 error= 0.12832459075917854,  2.43474376618234116E-2,  7.35730779831577503E-2
 ii= 1875 error= 0.14021036375720594,  -2.61514945066988122E-2,  -7.9124547967088163E-2
 ii= 1876 error= 0.20736581121355863,  3.87988023906577356E-2,  0.11740824594427207
 ii= 1877 error= 0.19399041481894833,  -3.72432091023563866E-2,  -0.11248896717391406
 ii= 1878 error= 0.13236018613748601,  2.51722944404731939E-2,  7.60723746072893697E-2
 ii= 1879 error= 0.14402533936458084,  -2.69468190297299549E-2,  -8.15241939392653131E-2
 ii= 1880 error= 0.21302870179766425,  3.99420002764376489E-2,  0.12087287259493915
 ii= 1881 error= 0.19625654238178339,  -3.77662910703202015E-2,  -0.11405620860410347
 ii= 1882 error= 0.12703271593729501,  2.40763907682081911E-2,  7.27518415487215103E-2
 ii= 1883 error= 0.13894288124035337,  -2.58820530479003073E-2,  -7.83113651653073589E-2
 ii= 1884 error= 0.20509985171423126,  3.8345291092232503E-2,  0.11603366289726257
 ii= 1885 error= 0.19303881341818807,  -3.7025832955673077E-2,  -0.11183736855390455
 ii= 1886 error= 0.13456509716598403,  2.56163116823531628E-2,  7.74178257819169297E-2
 ii= 1887 error= 0.14605747321095999,  -2.73673847776925473E-2,  -8.27928531957285718E-2
 ii= 1888 error= 0.21548950645555412,  4.04459449024050441E-2,  0.12239992768687871
 ii= 1889 error= 0.19720536936515581,  -3.79885550190514898E-2,  -0.11472201179488813
 ii= 1890 error= 0.12418777747709067,  2.34440374077117784E-2,  7.08352248135652035E-2
 ii= 1891 error= 0.13586437945515636,  -2.51945033491296488E-2,  -7.62363128156112874E-2
 ii= 1892 error= 0.19915675129603655,  3.71665186448293383E-2,  0.11246090040551074
 ii= 1893 error= 0.19045248946647542,  -3.64426242451895768E-2,  -0.11008873315453971
 ii= 1894 error= 0.14082376734708438,  2.68616401715352816E-2,  8.11920428095590924E-2
 ii= 1895 error= 0.15165037714444246,  -2.85221579395650085E-2,  -8.62753075484486154E-2
 ii= 1896 error= 0.22026677264915132,  4.14587812342428197E-2,  0.12546834139361998
 ii= 1897 error= 0.19900383042929629,  -3.84215238403457088E-2,  -0.11601934509381098
 ii= 1898 error= 0.11856962569315924,  2.21437944967132483E-2,  6.68939357150680619E-2
 ii= 1899 error= 0.12936465562798505,  -2.36981598151235276E-2,  -7.17194824330326108E-2
 ii= 1900 error= 0.18581420316442693,  3.45182768482238181E-2,  0.10443474054942099
 ii= 1901 error= 0.18420980764864955,  -3.50483190890525861E-2,  -0.10590493592023817
 ii= 1902 error= 0.15638247693382959,  2.98813622033601428E-2,  9.03464842969453341E-2
 ii= 1903 error= 0.16426597792925474,  -3.11205357237280163E-2,  -9.41048394065508859E-2
 ii= 1904 error= 0.21736379528842453,  4.11819977665600079E-2,  0.12462201062857634
 ii= 1905 error= 0.19779389198407904,  -3.82381104272827357E-2,  -0.11547573968968494
 ii= 1906 error= 0.12492630975494404,  2.3514522913860858E-2,  7.10471008121874581E-2
 ii= 1907 error= 0.13682634419660464,  -2.53299882726240495E-2,  -7.66477503197143806E-2
 ii= 1908 error= 0.20164611981805419,  3.76914623036940233E-2,  0.11405124729612967
 ii= 1909 error= 0.19156203254551762,  -3.67069993498062019E-2,  -0.11088255182443801
 ii= 1910 error= 0.13873540946985716,  2.64533729354932967E-2,  7.99545168443677179E-2
 ii= 1911 error= 0.14989844641870151,  -2.81669909191364885E-2,  -8.52049285162485848E-2
 ii= 1912 error= 0.2196333148783402,  4.1309786257534245E-2,  0.12501734901014927
 ii= 1913 error= 0.19882834558872312,  -3.83738919575014256E-2,  -0.11587695184897578
 ii= 1914 error= 0.11902668531080142,  2.22508646630058156E-2,  6.72182292266979564E-2
 ii= 1915 error= 0.12985986569489008,  -2.38135025325557498E-2,  -7.20679349378452044E-2
 ii= 1916 error= 0.18709734116888216,  3.4775688872933419E-2,  0.10521496104512655
 ii= 1917 error= 0.18486496620332976,  -3.51960473474840704E-2,  -0.10634872143509644
 ii= 1918 error= 0.15502532129794655,  2.96285202483489302E-2,  8.95798995339223691E-2
 ii= 1919 error= 0.16327060318874748,  -3.09215273701968427E-2,  -9.35057655114678588E-2
 ii= 1920 error= 0.21869336435242176,  4.14120689510428797E-2,  0.12532033140485152
 ii= 1921 error= 0.19835558579943369,  -3.83555544771996618E-2,  -0.11582709869346527
 ii= 1922 error= 0.122762263021194,  2.30320008545374932E-2,  6.95845690457719129E-2
 ii= 1923 error= 0.13433936122177603,  -2.47720225446475296E-2,  -7.49635038928108399E-2
 ii= 1924 error= 0.19687374042518571,  3.67414810699848438E-2,  0.11117227408536284
 ii= 1925 error= 0.18945260602188099,  -3.62321653964025187E-2,  -0.10945852625726599
 ii= 1926 error= 0.14402777783852433,  2.75012067732964272E-2,  8.31306743634658146E-2
 ii= 1927 error= 0.15448893821920054,  -2.91170966276953977E-2,  -8.80693827348676822E-2
 ii= 1928 error= 0.22204989674272751,  4.18591195950390668E-2,  0.12668089355908643
 ii= 1929 error= 0.19973094694114832,  -3.86025658530140328E-2,  -0.11656280061597366
 ii= 1930 error= 0.11654553821813667,  2.16584685062258288E-2,  6.54224829085594956E-2
 ii= 1931 error= 0.12690517433989876,  -2.3117031372631127E-2,  -6.99654840304438086E-2
 ii= 1932 error= 0.18109315497869119,  3.35800627575984917E-2,  0.10159162971892968
 ii= 1933 error= 0.18188702426155812,  -3.4535712378992639E-2,  -0.10436608041228006
 ii= 1934 error= 0.16262157628361523,  3.10789231659778752E-2,  9.39778992618799242E-2
 ii= 1935 error= 0.1688542680552475,  -3.20748116276687173E-2,  -9.69779081325719411E-2
 ii= 1936 error= 0.21167107317521416,  4.02126169524841745E-2,  0.12168001711265933
 ii= 1937 error= 0.19550986961765474,  -3.7770132380488361E-2,  -0.1140773083010143
 ii= 1938 error= 0.13346179539904832,  2.53240538553415571E-2,  7.65309272683573905E-2
 ii= 1939 error= 0.14577005091755454,  -2.7267028544083631E-2,  -8.24940249173730794E-2
 ii= 1940 error= 0.21690324476312448,  4.07574171511413466E-2,  0.1233431088238752
 ii= 1941 error= 0.19792771182491178,  -3.81651422879226015E-2,  -0.11525347801908299
 ii= 1942 error= 0.12207205705622352,  2.29391389697316747E-2,  6.93034333655029866E-2
 ii= 1943 error= 0.13332993433632287,  -2.45984431200251957E-2,  -7.44385429308424967E-2
 ii= 1944 error= 0.19488319344056648,  3.63321789210285656E-2,  0.10993220834301429
 ii= 1945 error= 0.18860142041544437,  -3.60359993088575775E-2,  -0.1088702517790434
 ii= 1946 error= 0.14628392595442158,  2.79522666407909168E-2,  8.44980046074378793E-2
 ii= 1947 error= 0.15640449090784939,  -2.9519875459228722E-2,  -8.92835670315500624E-2
 ii= 1948 error= 0.22258785790074692,  4.20007538751559634E-2,  0.12710941680637797
 ii= 1949 error= 0.19995537957929807,  -3.86642519802249396E-2,  -0.1167484439766482
 ii= 1950 error= 0.11608412963647274,  2.1541146111850689E-2,  6.50665787742360224E-2
 ii= 1951 error= 0.12634266308933861,  -2.29775314574919669E-2,  -6.95446896714487228E-2
 ii= 1952 error= 0.18016306440265833,  3.33958114308726059E-2,  0.10103331753101412
 ii= 1953 error= 0.18142710162191489,  -3.44351492598614639E-2,  -0.1040642680453837
 ii= 1954 error= 0.16398057086275913,  3.13410262215969015E-2,  9.4772758773364385E-2
 ii= 1955 error= 0.16982394722194477,  -3.22787857472702569E-2,  -9.75919118956738996E-2
 ii= 1956 error= 0.21023036928337158,  3.99626370895206015E-2,  0.12092152235319574
 ii= 1957 error= 0.19492434043162349,  -3.76490209699149384E-2,  -0.11371527545945952
 ii= 1958 error= 0.13543310470621037,  2.57228971820057904E-2,  7.77395436357646991E-2
 ii= 1959 error= 0.14764332796859861,  -2.76590542102861034E-2,  -8.36768778279357167E-2
 ii= 1960 error= 0.21924860999044674,  4.12406903949998488E-2,  0.12480758659934554
 ii= 1961 error= 0.19885640222238848,  -3.83832941850294554E-2,  -0.11590731613404874
 ii= 1962 error= 0.11910230887523539,  2.22527331637273201E-2,  6.72226998142416571E-2
 ii= 1963 error= 0.12984056112016348,  -2.3795137174920971E-2,  -7.20137127187098214E-2
 ii= 1964 error= 0.18786531319178412,  3.49369846798250755E-2,  0.10570390326958889
 ii= 1965 error= 0.18531006814797246,  -3.53016031015092532E-2,  -0.1066665734059561
 ii= 1966 error= 0.15472876878664807,  2.9590476789500119E-2,  8.94646079095135355E-2
 ii= 1967 error= 0.163131262430187,  -3.09087231248440127E-2,  -9.34679035882883397E-2
 ii= 1968 error= 0.21973443707736934,  4.16086920412720787E-2,  0.12591684784949697
 ii= 1969 error= 0.19885259399537347,  -3.84648117335171999E-2,  -0.11615498359049514
 ii= 1970 error= 0.12110376363640146,  2.2652369664136137E-2,  6.8433609604290388E-2
 ii= 1971 error= 0.13237115169859881,  -2.4321549752318445E-2,  -7.36040784731982617E-2
 ii= 1972 error= 0.19337408854024965,  3.60462614078854299E-2,  0.10906562905408662
 ii= 1973 error= 0.18789336037339963,  -3.58838509018084423E-2,  -0.10841400881721582
 ii= 1974 error= 0.14835184992819511,  2.83572382328112424E-2,  8.57259136086217649E-2
 ii= 1975 error= 0.15812039846957077,  -2.98758635385296539E-2,  -9.03563850367107707E-2
 ii= 1976 error= 0.22256534012674908,  4.20336487331235201E-2,  0.1272085002525595
 ii= 1977 error= 0.19996279467490413,  -3.86766248280662889E-2,  -0.11678636661973892
 ii= 1978 error= 0.11639141115960415,  2.16040014235586234E-2,  6.52569959670087629E-2
 ii= 1979 error= 0.12672439964123444,  -2.30575606602392881E-2,  -6.97866441468417836E-2
 ii= 1980 error= 0.18127567115928672,  3.36198435213725805E-2,  0.10171251956421336
 ii= 1981 error= 0.18201115667741469,  -3.4566148341470572E-2,  -0.10445783850931577
 ii= 1982 error= 0.16279147615535389,  3.11223370142448344E-2,  9.4109845468639805E-2
 ii= 1983 error= 0.16901059850862379,  -3.21162857509504351E-2,  -9.71029674154193501E-2
 ii= 1984 error= 0.21188449629598585,  4.02568196733395361E-2,  0.12181434595390679
 ii= 1985 error= 0.195649958353002,  -3.78015300893968439E-2,  -0.11417184072456998
 ii= 1986 error= 0.1334656304048881,  2.53353144129584776E-2,  7.65653525153808662E-2
 ii= 1987 error= 0.14584463002331291,  -2.72926567608515816E-2,  -8.25715291949512681E-2
 ii= 1988 error= 0.21746585946888577,  4.08665053347287976E-2,  0.12367419757520265
 ii= 1989 error= 0.19819607514369272,  -3.8224739527362786E-2,  -0.11543229238575185
 ii= 1990 error= 0.12124146183731283,  2.27495829371097379E-2,  6.87289352231250511E-2
 ii= 1991 error= 0.13234687405017159,  -2.43738164457299525E-2,  -7.37605719878036276E-2
 ii= 1992 error= 0.19316545842448968,  3.59901577037020637E-2,  0.1088960503786931
 ii= 1993 error= 0.18783294741098433,  -3.58639504904206263E-2,  -0.10835420542111125
 ii= 1994 error= 0.14846292759113766,  2.83839295450726836E-2,  8.58069208110615461E-2
 ii= 1995 error= 0.15821546964055674,  -2.98993328583415374E-2,  -9.04270959015894688E-2
 ii= 1996 error= 0.22265837518065912,  4.20521326680972016E-2,  0.12726461356103366
 ii= 1997 error= 0.20000682575390666,  -3.86864029359479042E-2,  -0.11681570464891453
 ii= 1998 error= 0.11626016773292912,  2.15735266405682191E-2,  6.51646561213203857E-2
 ii= 1999 error= 0.12656278767139592,  -2.30199698071550315E-2,  -6.96731517185903565E-2
 ii= 2000 error= 0.1809826942745649,  3.35605972142902081E-2,  0.10153306481352063
 ii= 2001 error= 0.18186435836779816,  -3.45332659739906248E-2,  -0.10435908477409227
 ii= 2002 error= 0.16318686267057461,  3.11981516589747432E-2,  9.43398269699214365E-2
 ii= 2003 error= 0.16928904965867,  -3.21744747443470994E-2,  -9.72780768138745977E-2
 ii= 2004 error= 0.21143567141659941,  4.01778717125001322E-2,  0.12157487655378044
 ii= 2005 error= 0.19546480082371745,  -3.77626641459548815E-2,  -0.11405558942708705
 ii= 2006 error= 0.13405489477007648,  2.54543624558807371E-2,  7.69261516331252726E-2
 ii= 2007 error= 0.14640156636726248,  -2.74087312200481208E-2,  -8.29217248721968586E-2
 ii= 2008 error= 0.21816891519932849,  4.10106745087616964E-2,  0.12411114456973404
 ii= 2009 error= 0.19847155393313945,  -3.82891341609271005E-2,  -0.11562524007093963
 ii= 2010 error= 0.12035944916213731,  2.25467055238035043E-2,  6.81140122320073038E-2
 ii= 2011 error= 0.13131574221634823,  -2.41372005540514724E-2,  -7.30462934348389964E-2
 ii= 2012 error= 0.19108859149656324,  3.55768102205089379E-2,  0.10764339901596688
 ii= 2013 error= 0.18686251405441753,  -3.56469823985099757E-2,  -0.10770315563051497
 ii= 2014 error= 0.15094099603711955,  2.88651598876950854E-2,  8.72659069241418645E-2
 ii= 2015 error= 0.16020072922507586,  -3.03089998530290151E-2,  -9.16613858054658032E-2
 ii= 2016 error= 0.22194618050860257,  4.19604434408800409E-2,  0.12698554746194865
 ii= 2017 error= 0.19973250611612328,  -3.86385011220658631E-2,  -0.11667332401297423
 ii= 2018 error= 0.11754575064689032,  2.18592853483560653E-2,  6.60305113198816906E-2
 ii= 2019 error= 0.1281328819218541,  -2.33710033895970885E-2,  -7.07334915625379007E-2
 ii= 2020 error= 0.184490293519117,  3.42654737231534168E-2,  0.10366923153725488
 ii= 2021 error= 0.18363285390510059,  -3.49283807139104674E-2,  -0.10554576731206326
 ii= 2022 error= 0.15893726909983397,  3.03941153451545085E-2,  9.19018041687901521E-2
 ii= 2023 error= 0.16625931821526457,  -3.15524940864364001E-2,  -9.54060299142810014E-2
 ii= 2024 error= 0.21616244468663359,  4.10026188889988305E-2,  0.12407767208813401
 ii= 2025 error= 0.1974278069675941,  -3.8171437798863124E-2,  -0.11527821339567706
 ii= 2026 error= 0.12690416999316251,  2.39356305917767034E-2,  7.23232718906273025E-2
 ii= 2027 error= 0.1389789136160817,  -2.57968705805922197E-2,  -7.80576780924086694E-2
 ii= 2028 error= 0.20646050064179725,  3.86557473533934715E-2,  0.11697455482591614
 ii= 2029 error= 0.19370930821014726,  -3.71956225606748792E-2,  -0.11234823806158453
 ii= 2030 error= 0.13425867036801242,  2.55780836784047921E-2,  7.73024992887185874E-2
 ii= 2031 error= 0.14598726779661036,  -2.73770386402359817E-2,  -8.28228305063561654E-2
 ii= 2032 error= 0.21677755101641036,  4.0696382078477783E-2,  0.12315995749651747
 ii= 2033 error= 0.19785497343880457,  -3.8133643673649277E-2,  -0.11515770738295814
 ii= 2034 error= 0.12217231835603751,  2.29820286958766495E-2,  6.94346803970360832E-2
 ii= 2035 error= 0.13348411157579787,  -2.4649809522996266E-2,  -7.45927048223161554E-2
 ii= 2036 error= 0.19517536294316432,  3.63794412548216761E-2,  0.1100763409632385
 ii= 2037 error= 0.18873136942689045,  -3.60589293049493054E-2,  -0.10893847408633794
 ii= 2038 error= 0.1458464321326173,  2.78686586450868946E-2,  8.42452586356114697E-2
 ii= 2039 error= 0.15602132409739142,  -2.94421419083623695E-2,  -8.90488163049246578E-2
 ii= 2040 error= 0.22251348795321094,  4.19743822350548829E-2,  0.12703038048606125
 ii= 2041 error= 0.19992806802546734,  -3.86530427777955349E-2,  -0.11671439913881229
 ii= 2042 error= 0.1161849426084476,  2.15725764841416708E-2,  6.51625105854608117E-2
 ii= 2043 error= 0.1264847329549659,  -2.3016697263808724E-2,  -6.96625254372921499E-2
 ii= 2044 error= 0.18053319356739847,  3.34648976643197593E-2,  0.10124330874927322
 ii= 2045 error= 0.18161568894071511,  -3.44741600708345503E-2,  -0.10418112213047843
 ii= 2046 error= 0.16351923591017165,  3.12556885930529924E-2,  9.45145419889959343E-2
 ii= 2047 error= 0.16949361596198648,  -3.22124941331429424E-2,  -9.73921199194418136E-2
 ii= 2048 error= 0.21078596692723511,  4.0057641023990509E-2,  0.12121036689693276
 ii= 2049 error= 0.19516355285953796,  -3.76972418639150639E-2,  -0.11385934059632416
 ii= 2050 error= 0.13474246699807477,  2.55876490753282025E-2,  7.73302019721532202E-2
 ii= 2051 error= 0.14700277394891281,  -2.75286758376179705E-2,  -8.32832971154551099E-2
 ii= 2052 error= 0.21862660152246779,  4.11075346534472003E-2,  0.1244047012198452
 ii= 2053 error= 0.19862353645070743,  -3.83259456058326481E-2,  -0.11573528033395314
 ii= 2054 error= 0.11988091127850549,  2.24370170606932734E-2,  6.77817527375451367E-2
 ii= 2055 error= 0.130768056679019,  -2.40119965654304428E-2,  -7.26681372429039962E-2
 ii= 2056 error= 0.18987151275153519,  3.53334967536450967E-2,  0.10690608976130378
 ii= 2057 error= 0.18627478814215562,  -3.55150766097439424E-2,  -0.10730711304117564
 ii= 2058 error= 0.15232704193294908,  2.91304001223419047E-2,  8.80701522153253952E-2
 ii= 2059 error= 0.16127655851716588,  -3.05285932436006567E-2,  -9.2322755048368052E-2
 ii= 2060 error= 0.22120592392968627,  4.18436527918138457E-2,  0.12663087265748185
 ii= 2061 error= 0.19943333443103498,  -3.85793761804301902E-2,  -0.1164967616700778
 ii= 2062 error= 0.11876066059973435,  2.21323737846202614E-2,  6.68581854604577003E-2
 ii= 2063 error= 0.12960059100723711,  -2.37021674396911339E-2,  -7.17335066295212986E-2
 ii= 2064 error= 0.18759762628625168,  3.48880068014643455E-2,  0.10555588722542047
 ii= 2065 error= 0.18515187349087042,  -3.52678036280271584E-2,  -0.10656479154303877
 ii= 2066 error= 0.15514559374457973,  2.96688306709016886E-2,  8.97027441857075752E-2
 ii= 2067 error= 0.16343524229331774,  -3.09705568884080414E-2,  -9.36537658874173479E-2
 ii= 2068 error= 0.21936127750009077,  4.15432210633101887E-2,  0.1257187068227327
 ii= 2069 error= 0.19870338615996688,  -3.84327563570938599E-2,  -0.11605893467709157
 ii= 2070 error= 0.12174095624756384,  2.2797840088311639E-2,  6.88749933790126362E-2
 ii= 2071 error= 0.13312312166737081,  -2.44931324253373738E-2,  -7.41218320489183818E-2
 ii= 2072 error= 0.19498824884599503,  3.63658043219209567E-2,  0.11003457240615604
 ii= 2073 error= 0.18864057831919223,  -3.60503499773646013E-2,  -0.10891336240974747
 ii= 2074 error= 0.14652914191300037,  2.80043345245345361E-2,  8.46565440665558305E-2
 ii= 2075 error= 0.15663172290665531,  -2.95711389412662909E-2,  -8.94378936896188942E-2
 ii= 2076 error= 0.2228369123629497,  4.20519802804921253E-2,  0.12726538740882745
 ii= 2077 error= 0.20007918209335776,  -3.86919663321438068E-2,  -0.1168314957463966
 ii= 2078 error= 0.11579790316349943,  2.14760649055685537E-2,  6.48697975452937614E-2
 ii= 2079 error= 0.12599106793317819,  -2.28970394466881805E-2,  -6.93014695799486213E-2
 ii= 2080 error= 0.1797034329830306,  3.330090637881572E-2,  0.10074646029228783
 ii= 2081 error= 0.18120743332390321,  -3.43856704072447519E-2,  -0.10391551275038576
 ii= 2082 error= 0.16475263657574382,  3.14936222868376706E-2,  9.52361559078933467E-2
 ii= 2083 error= 0.17036982762519873,  -3.23972816734591842E-2,  -9.79483132606241147E-2
 ii= 2084 error= 0.20947596320160725,  3.98308885691083872E-2,  0.12052239549482875
 ii= 2085 error= 0.1946289487107169,  -3.75875136668687507E-2,  -0.11353129143316935
 ii= 2086 error= 0.13657626720923546,  2.59573176102319315E-2,  7.84504854850970601E-2
 ii= 2087 error= 0.14872783042317897,  -2.78897140345914403E-2,  -8.43725363125094191E-2
 ii= 2088 error= 0.22060851304318804,  4.1519844768920823E-2,  0.12565409882356257
 ii= 2089 error= 0.19940456575939572,  -3.85112218923842065E-2,  -0.11629060742648263
 ii= 2090 error= 0.11741474922592735,  2.186043337686654E-2,  6.60339422606520121E-2
 ii= 2091 error= 0.12781256520941117,  -2.3326189991809361E-2,  -7.05977909442149498E-2
 ii= 2092 error= 0.1838584015441852,  3.4135833736468113E-2,  0.10327654632425261
 ii= 2093 error= 0.18335824910204426,  -3.48669486293998535E-2,  -0.10536157241892026
 ii= 2094 error= 0.15983370004019154,  3.05715818149555167E-2,  9.24399307498853795E-2
 ii= 2095 error= 0.16693720267539025,  -3.16975274590639428E-2,  -9.58428698114712208E-2
 ii= 2096 error= 0.21555235222289101,  4.09036777662346793E-2,  0.12377732190647769
 ii= 2097 error= 0.19720475742957139,  -3.81278003353288444E-2,  -0.11514819389175872
 ii= 2098 error= 0.12787964456575082,  2.4143823939760875E-2,  7.2954164123811352E-2
 ii= 2099 error= 0.14003172401359137,  -2.6026249400623435E-2,  -7.87501971204599832E-2
 ii= 2100 error= 0.20848384484891702,  3.90617900128462994E-2,  0.11820522771159195
 ii= 2101 error= 0.19457339237736379,  -3.73932287888871506E-2,  -0.11294076564008919
 ii= 2102 error= 0.13233642767833359,  2.51931115985629533E-2,  7.61359455294974563E-2
 ii= 2103 error= 0.14424354559307137,  -2.70190708526686328E-2,  -8.17431525919174035E-2
 ii= 2104 error= 0.21478313685252934,  4.02874999288279703E-2,  0.12192098388007667
 ii= 2105 error= 0.19710597770827415,  -3.79578581703717277E-2,  -0.1146313429347208
 ii= 2106 error= 0.1246551702192889,  2.35465079466197907E-2,  7.1145680374417139E-2
 ii= 2107 error= 0.13629692049216011,  -2.52894396990007743E-2,  -7.65234592781458833E-2
 ii= 2108 error= 0.20091169444112159,  3.7517564972674354E-2,  0.11352587269159665
 ii= 2109 error= 0.1913171330112543,  -3.66394182236907742E-2,  -0.11067966301510593
 ii= 2110 error= 0.13951254844997585,  2.66255571873315611E-2,  8.04773019467402567E-2
 ii= 2111 error= 0.15062084994566224,  -2.8331272198220743E-2,  -8.57000757297244758E-2
 ii= 2112 error= 0.22067032512157544,  4.1516014178855927E-2,  0.12564335086098027
 ii= 2113 error= 0.19927347194827294,  -3.84738103022977812E-2,  -0.1161763248561446
 ii= 2114 error= 0.11771920928231533,  2.19520246064702253E-2,  6.63130095837148603E-2
 ii= 2115 error= 0.12829700622404136,  -2.34557372809135155E-2,  -7.0987633809729167E-2
 ii= 2116 error= 0.18421611926400816,  3.4196311135491278E-2,  0.10346005564136058
 ii= 2117 error= 0.18347428558604489,  -3.48844035318105275E-2,  -0.10541299812916942
 ii= 2118 error= 0.1588097419114709,  3.03617107599815708E-2,  9.18038104089605178E-2
 ii= 2119 error= 0.16611563281764777,  -3.15160393671713029E-2,  -9.52957410609221456E-2
 ii= 2120 error= 0.2158530986316313,  4.09372713397363891E-2,  0.1238797960218513
 ii= 2121 error= 0.19725593959008089,  -3.81310338193856374E-2,  -0.11515655222940531
 ii= 2122 error= 0.12744498600842935,  2.4062454835416365E-2,  7.27081513633032334E-2
 ii= 2123 error= 0.13960546683615357,  -2.59427003129806336E-2,  -7.84973522983531125E-2
 ii= 2124 error= 0.20739057600975375,  3.88367075638717044E-2,  0.11752310765257284
 ii= 2125 error= 0.19407692422038561,  -3.7276711029061646E-2,  -0.11259088864143145
 ii= 2126 error= 0.13315414134862652,  2.53503479198966021E-2,  7.66124375021187548E-2
 ii= 2127 error= 0.14493188834197662,  -2.71534497053111772E-2,  -8.21481394919311436E-2
 ii= 2128 error= 0.21524510904929575,  4.03846896626405341E-2,  0.12221538757394353
 ii= 2129 error= 0.19723544298837467,  -3.79896774986669683E-2,  -0.11472618545232434
 ii= 2130 error= 0.12419612286873068,  2.3444325959061707E-2,  7.08361748738085828E-2
 ii= 2131 error= 0.13580758318935721,  -2.51800663577185849E-2,  -7.61930579125031926E-2
 ii= 2132 error= 0.19971036226109393,  3.7277705305704352E-2,  0.11279880785058892
 ii= 2133 error= 0.19076153224705511,  -3.65134571302032848E-2,  -0.11030161961990592
 ii= 2134 error= 0.14065769622086413,  2.68460276765498558E-2,  8.1145478486795139E-2
 ii= 2135 error= 0.15158815003864748,  -2.85252017555870201E-2,  -8.6284615690211286E-2
 ii= 2136 error= 0.22099317155556014,  4.15953799879376918E-2,  0.12588344365446821
 ii= 2137 error= 0.19935974182690047,  -3.84989886496212783E-2,  -0.11625165507140799
 ii= 2138 error= 0.1174946835058122,  2.18967493335300335E-2,  6.61455011538860799E-2
 ii= 2139 error= 0.1280458303050889,  -2.33953320742003347E-2,  -7.08051851369382729E-2
 ii= 2140 error= 0.18353885971451653,  3.40617479695604838E-2,  0.10305211169928261
 ii= 2141 error= 0.1831216685155225,  -3.48060263883973389E-2,  -0.10517753320771478
 ii= 2142 error= 0.15954148152851319,  3.04966558372657404E-2,  9.22129017505444182E-2
 ii= 2143 error= 0.16663637607946546,  -3.1619779779484436E-2,  -9.56079612840869814E-2
 ii= 2144 error= 0.21498767516564307,  4.07856954040412972E-2,  0.1234197361073662
 ii= 2145 error= 0.19688546029850423,  -3.80536698066994625E-2,  -0.11492503434937996
 ii= 2146 error= 0.12886751317635109,  2.43738663578101089E-2,  7.36520386705374758E-2
 ii= 2147 error= 0.14116482666180885,  -2.62888192127336655E-2,  -7.95418860451953119E-2
 ii= 2148 error= 0.21006908989244119,  3.93711912963164365E-2,  0.11914282285918126
 ii= 2149 error= 0.1951862048622893,  -3.75292616336528814E-2,  -0.11334778141383116
 ii= 2150 error= 0.1304782911920794,  2.48057276565885332E-2,  7.49619482924894637E-2
 ii= 2151 error= 0.14243439765817156,  -2.66338766380327489E-2,  -8.05807433542932577E-2
 ii= 2152 error= 0.21177395545478875,  3.96820337759840394E-2,  0.12008570914245706
 ii= 2153 error= 0.1958716447687725,  -3.7674046107750804E-2,  -0.11378071802407512
 ii= 2154 error= 0.12847490686352786,  2.43958594106826535E-2,  7.37201810845776462E-2
 ii= 2155 error= 0.14046714342603342,  -2.62227694694397127E-2,  -7.93399310839597444E-2
 ii= 2156 error= 0.20846445027982122,  3.90147517416851441E-2,  0.11806334469235749
 ii= 2157 error= 0.19451685257983967,  -3.73617164153704148E-2,  -0.11284463014594065
 ii= 2158 error= 0.13151354069972998,  2.50148462495069779E-2,  7.55956775494026068E-2
 ii= 2159 error= 0.1433178875440459,  -2.68138836084591721E-2,  -8.11233512828922754E-2
 ii= 2160 error= 0.21263828948781008,  3.98565230760830197E-2,  0.12061446078988909
 ii= 2161 error= 0.19616769520977431,  -3.77425661709836213E-2,  -0.11398551916431729
 ii= 2162 error= 0.12753671473090455,  2.41937566661979651E-2,  7.31078290836628675E-2
 ii= 2163 error= 0.13950441475770151,  -2.60124721603108566E-2,  -7.87050672205429624E-2
 ii= 2164 error= 0.20652369199313397,  3.86265795021476302E-2,  0.11688675011925341
 ii= 2165 error= 0.19368130239889014,  -3.71706515568606191E-2,  -0.11227170586047537
 ii= 2166 error= 0.13329950443149063,  2.53709256707956264E-2,  7.66746186895698179E-2
 ii= 2167 error= 0.1449412129823329,  -2.71451051012026184E-2,  -8.2122410075778321E-2
 ii= 2168 error= 0.2145365862868357,  4.02446497142006365E-2,  0.12179053625888059
 ii= 2169 error= 0.19687963415974594,  -3.79091863206158716E-2,  -0.11448442780239985
 ii= 2170 error= 0.12530593022285666,  2.36987841824874458E-2,  7.16076317430920789E-2
 ii= 2171 error= 0.13710196650110246,  -2.54761425262895504E-2,  -7.70863523112106652E-2
 ii= 2172 error= 0.20184242920787879,  3.76974787820435614E-2,  0.1140706606576123
 ii= 2173 error= 0.1916585933437972,  -3.67133537014682279E-2,  -0.11090065529566707
 ii= 2174 error= 0.13806189407844693,  2.63208643229315073E-2,  7.95534137072125003E-2
 ii= 2175 error= 0.14924383672781247,  -2.80313917049723402E-2,  -8.47954602218832926E-2
 ii= 2176 error= 0.21886310867951608,  4.11450217570336133E-2,  0.1245185914233861
 ii= 2177 error= 0.19851102923784769,  -3.82964957312792037E-2,  -0.11564460354836867
 ii= 2178 error= 0.12004078214927429,  2.24919872733732526E-2,  6.79496600285895563E-2
 ii= 2179 error= 0.13108358634408768,  -2.41002106414321231E-2,  -7.29330896372527848E-2
 ii= 2180 error= 0.18955980069940545,  3.5261182297725728E-2,  0.10668670821543026
 ii= 2181 error= 0.18603619452927855,  -3.54541099495239223E-2,  -0.10712298135509772
 ii= 2182 error= 0.15193838771536597,  2.9032574157180694E-2,  8.77734237532433598E-2
 ii= 2183 error= 0.16086108561040524,  -3.04231975241770793E-2,  -9.20044886314239779E-2
 ii= 2184 error= 0.22033599927124584,  4.16659810559837154E-2,  0.12609204955649747
 ii= 2185 error= 0.19898873459372923,  -3.84774024275985685E-2,  -0.11619027122686167
 ii= 2186 error= 0.12008839356610276,  2.24445145958945581E-2,  6.78046716136709027E-2
 ii= 2187 error= 0.13122912021963265,  -2.40820935184874498E-2,  -7.28799418245670572E-2
 ii= 2188 error= 0.19034217479871471,  3.54328344473827037E-2,  0.10720660583354745
 ii= 2189 error= 0.1864115362387887,  -3.55463778838386729E-2,  -0.10740039775881545
 ii= 2190 error= 0.15138111369380133,  2.89288019734334247E-2,  8.74587520185561018E-2
 ii= 2191 error= 0.16045976387508193,  -3.03443661780605604E-2,  -9.17673057106213053E-2
 ii= 2192 error= 0.22088101720067219,  4.17630068318392139E-2,  0.12638647359956692
 ii= 2193 error= 0.19923094674189326,  -3.85295370454344227E-2,  -0.11634645687897548
 ii= 2194 error= 0.11920384412324979,  2.22413051873573131E-2,  6.7188637123818451E-2
 ii= 2195 error= 0.13015769684437314,  -2.3836916813680345E-2,  -7.21398319002915372E-2
 ii= 2196 error= 0.18824569002439703,  3.50158732727137226E-2,  0.10594302103797526
 ii= 2197 error= 0.18542394165597922,  -3.53269165428240078E-2,  -0.10674183505502041
 ii= 2198 error= 0.15399852365482875,  2.94365014405737827E-2,  8.89980402661655345E-2
 ii= 2199 error= 0.16251402081359692,  -3.07706101911596683E-2,  -9.30513354408798316E-2
 ii= 2200 error= 0.21965909389384355,  4.15786298510244789E-2,  0.12582623735209872
 ii= 2201 error= 0.19876698560927178,  -3.84413474222715726E-2,  -0.11608370606646529
 ii= 2202 error= 0.1212236166092947,  2.2687138689092775E-2,  6.8539567885819927E-2
 ii= 2203 error= 0.13253552594401052,  -2.43660375854613497E-2,  -7.37377796077000602E-2
 ii= 2204 error= 0.19338813305447039,  3.60459317786921488E-2,  0.10906474399041871
 ii= 2205 error= 0.18786941670571447,  -3.5876662116905815E-2,  -0.10839194767187549
 ii= 2206 error= 0.14810182939944877,  2.83009434254580146E-2,  8.55553706785206619E-2
 ii= 2207 error= 0.15787802422163721,  -2.98194557054024742E-2,  -9.01860594561045836E-2
 ii= 2208 error= 0.22226743591219367,  4.19710373215112509E-2,  0.12701885351866848
 ii= 2209 error= 0.19981237913072331,  -3.86419948529243204E-2,  -0.11668217334539978
 ii= 2210 error= 0.11680763638268521,  2.17020232508533042E-2,  6.55543685952505312E-2
 ii= 2211 error= 0.12723968449189729,  -2.31785735940615439E-2,  -7.01517338559976972E-2
 ii= 2212 error= 0.18213838904636617,  3.37923891731451639E-2,  0.10223542072978384
 ii= 2213 error= 0.18242756459131981,  -3.46582994519292961E-2,  -0.10473433438521546
 ii= 2214 error= 0.1615441058477052,  3.0880059585328027E-2,  9.33752135813738227E-2
 ii= 2215 error= 0.1681077091551709,  -3.19256198064566329E-2,  -9.65289134737787602E-2
 ii= 2216 error= 0.21311561620448211,  4.04688407447764478E-2,  0.12245780447342701
 ii= 2217 error= 0.19613670125778399,  -3.79020517836513235E-2,  -0.11447213123223832
 ii= 2218 error= 0.13178807429702799,  2.49930019858272331E-2,  7.55281824615022246E-2
 ii= 2219 error= 0.14421518080478044,  -2.69504468466526918E-2,  -8.15387773505628355E-2
 ii= 2220 error= 0.21512011363240072,  4.03883739051916074E-2,  0.12222527643072521
 ii= 2221 error= 0.19725400848970445,  -3.80056765647551684E-2,  -0.11477570405285663
 ii= 2222 error= 0.12431083440905372,  2.34510803536470414E-2,  7.08555317603304369E-2
 ii= 2223 error= 0.13587882596708678,  -2.51807772543408519E-2,  -7.61961338034868041E-2
 ii= 2224 error= 0.20010362126431649,  3.73666703323553562E-2,  0.11306793527766695
 ii= 2225 error= 0.19096237339263891,  -3.65650119860790185E-2,  -0.1104569245916471
 ii= 2226 error= 0.14048518868700052,  2.68162461849950039E-2,  8.10548373953436235E-2
 ii= 2227 error= 0.15148844218686297,  -2.85093441851782467E-2,  -8.62372953638149836E-2
 ii= 2228 error= 0.22126327268630291,  4.16489108149638021E-2,  0.12604544237512386
 ii= 2229 error= 0.19949387100533589,  -3.85303949116867633E-2,  -0.1163461285733791
 ii= 2230 error= 0.11701968184215916,  2.17817514682142749E-2,  6.5796478124631616E-2
 ii= 2231 error= 0.12744042544156703,  -2.32519154416377313E-2,  -7.03725053440345388E-2
 ii= 2232 error= 0.18235951408995621,  3.38295644320897315E-2,  0.10234821203123096
 ii= 2233 error= 0.18254461880628681,  -3.46802394945047998E-2,  -0.10480011204172505
 ii= 2234 error= 0.16112911378442238,  3.08010926434880948E-2,  9.31357770275630381E-2
 ii= 2235 error= 0.16780138744723982,  -3.18620087488098377E-2,  -9.63373885896507826E-2
 ii= 2236 error= 0.21349616727945525,  4.05323419832398293E-2,  0.1226505526414304
 ii= 2237 error= 0.19628766637839473,  -3.79319782927231564E-2,  -0.11456152493359326
 ii= 2238 error= 0.13126379763419174,  2.48867614512251305E-2,  7.52062882198293731E-2
 ii= 2239 error= 0.14369970018441419,  -2.68424928215553367E-2,  -8.12129768294020671E-2
 ii= 2240 error= 0.21433629357264808,  4.02281771191510401E-2,  0.12173980893718317
 ii= 2241 error= 0.19693853439433343,  -3.79316358115876634E-2,  -0.11455380770443607
 ii= 2242 error= 0.12537410732923956,  2.36939980274258506E-2,  7.15919576793854623E-2
 ii= 2243 error= 0.13708603450601778,  -2.54561631929037663E-2,  -7.70272331378346609E-2
 ii= 2244 error= 0.20243792863966306,  3.78278270314026874E-2,  0.11446563119458181
 ii= 2245 error= 0.19198366748469431,  -3.67936711848479633E-2,  -0.11114251919893399
 ii= 2246 error= 0.13792812694790746,  2.63086390701508868E-2,  7.951633349776982E-2
 ii= 2247 error= 0.14923012119880458,  -2.80427365424244616E-2,  -8.48302927894619418E-2
 ii= 2248 error= 0.21961183907501444,  4.12914897009501944E-2,  0.12496273888495041
 ii= 2249 error= 0.198877381641167,  -3.83793237214766492E-2,  -0.1158933726826315
 ii= 2250 error= 0.11886915882592773,  2.22180738401747957E-2,  6.71190490187659194E-2
 ii= 2251 error= 0.12964978408386932,  -2.37676499438195556E-2,  -7.19295130704168256E-2
 ii= 2252 error= 0.18696206038234095,  3.47465378324326724E-2,  0.10512717107521397
 ii= 2253 error= 0.18482320664588878,  -3.5186061617951514E-2,  -0.1063188257446266
 ii= 2254 error= 0.15538996435264296,  2.97063112760961902E-2,  8.98162160115761055E-2
 ii= 2255 error= 0.16356861236157427,  -3.09896059879296686E-2,  -9.37107901251960917E-2
 ii= 2256 error= 0.21870546933227777,  4.14199384691851039E-2,  0.12534454218974622
 ii= 2257 error= 0.19839200687910266,  -3.83644005540445809E-2,  -0.11585389816474247
 ii= 2258 error= 0.12278098285909207,  2.30352941893690599E-2,  6.95947780957095891E-2
 ii= 2259 error= 0.1343534708734434,  -2.4774028591566747E-2,  -7.49695937298449772E-2
 ii= 2260 error= 0.19715533526538032,  3.67963759405964055E-2,  0.11133916566004722
 ii= 2261 error= 0.18959890585495248,  -3.62645111668229228E-2,  -0.10955560436436018
 ii= 2262 error= 0.14386347247828365,  2.74752363063414003E-2,  8.30523967138329516E-2
 ii= 2263 error= 0.1543721789767957,  -2.90985968037894387E-2,  -8.80135648937453441E-2
 ii= 2264 error= 0.22227240926702968,  4.18977634752661574E-2,  0.12679863987243431
 ii= 2265 error= 0.19984242906947372,  -3.8625386986115548E-2,  -0.11663114316649326
 ii= 2266 error= 0.11621885437513114,  2.15851933318080419E-2,  6.52006996622859353E-2
 ii= 2267 error= 0.12650255442896674,  -2.30258333710062005E-2,  -6.96900075378025785E-2
 ii= 2268 error= 0.18043702695402672,  3.34462482098498021E-2,  0.10118661014995628
 ii= 2269 error= 0.1815643919381244,  -3.44631747775437994E-2,  -0.10414815611400059
 ii= 2270 error= 0.16357501743653705,  3.12641754318059226E-2,  9.45400968199047731E-2
 ii= 2271 error= 0.16953078148004602,  -3.22184543355337749E-2,  -9.74101031262435135E-2
 ii= 2272 error= 0.21068084617550115,  4.00395509703557403E-2,  0.12115530007662478
 ii= 2273 error= 0.19511070042308223,  -3.768679383299358E-2,  -0.11382805621248754
 ii= 2274 error= 0.13483643580786275,  2.56039345612216682E-2,  7.7379390056824468E-2
 ii= 2275 error= 0.14708080664301551,  -2.75427626937171446E-2,  -8.33258333753561509E-2
 ii= 2276 error= 0.21862988289392626,  4.11105516284620831E-2,  0.12441362970120365
 ii= 2277 error= 0.19861540739569367,  -3.83254330685799602E-2,  -0.11573375507525994
 ii= 2278 error= 0.11988431934105971,  2.24359811905536985E-2,  6.77784907777168044E-2
 ii= 2279 error= 0.13076979750790416,  -2.40111822791164754E-2,  -7.26657227040031078E-2
 ii= 2280 error= 0.18980350954458336,  3.53212787677452608E-2,  0.10686888363078084
 ii= 2281 error= 0.18623737219665507,  -3.55074787069750014E-2,  -0.10728433219428207
 ii= 2282 error= 0.15237362445403524,  2.91374707854063428E-2,  8.80914409846251384E-2
 ii= 2283 error= 0.16130955826947593,  -3.05338194966715236E-2,  -9.23385357856685296E-2
 ii= 2284 error= 0.22113222861688225,  4.18311803165704738E-2,  0.12659287114745787
 ii= 2285 error= 0.19939740669251063,  -3.85723153470515639E-2,  -0.11647563669106217
 ii= 2286 error= 0.11886377229494437,  2.2154586636280886E-2,  6.69254021659746318E-2
 ii= 2287 error= 0.12972158165358427,  -2.37289076148386145E-2,  -7.18142829164507002E-2
 ii= 2288 error= 0.187789591007857,  3.49274869272852354E-2,  0.10567537819745003
 ii= 2289 error= 0.18524084746370084,  -3.52882779050019413E-2,  -0.10662627663355964
 ii= 2290 error= 0.15488232456775661,  2.96167544473266396E-2,  8.9544718826163508E-2
 ii= 2291 error= 0.16323294417860806,  -3.09275915217769211E-2,  -9.3524407529373868E-2
 ii= 2292 error= 0.21950847846587271,  4.15671013977906081E-2,  0.12579109605588246
 ii= 2293 error= 0.19875550384891855,  -3.8443401223501962E-2,  -0.11609068313152751
 ii= 2294 error= 0.1214930671691847,  2.27421677081150152E-2,  6.87061876136148136E-2
 ii= 2295 error= 0.13283312097135452,  -2.44279192576027059E-2,  -7.39249503663569479E-2
 ii= 2296 error= 0.19433629220338683,  3.62363482809950135E-2,  0.10964210229637117
 ii= 2297 error= 0.18833655801475577,  -3.59824318773539487E-2,  -0.1087095876683233
 ii= 2298 error= 0.14724208219264454,  2.81417838901491767E-2,  8.50731019508006309E-2
 ii= 2299 error= 0.1572127725002295,  -2.96895388056809088E-2,  -8.97947196518735224E-2
 ii= 2300 error= 0.22273513714342261,  4.20454635528177273E-2,  0.12724518275821928
 ii= 2301 error= 0.20003152190055196,  -3.86855735068620116E-2,  -0.11681259251676765
 ii= 2302 error= 0.11602857483729517,  2.15257175577636684E-2,  6.50201391933108303E-2
 ii= 2303 error= 0.12627625896955708,  -2.2959588933471331E-2,  -6.94904664444341985E-2
 ii= 2304 error= 0.18029605507155638,  3.34212398731652954E-2,  0.10111099057664244
 ii= 2305 error= 0.1815094598201587,  -3.44535628880716302E-2,  -0.10411948672114106
 ii= 2306 error= 0.16399988870371929,  3.13506955952231672E-2,  9.48026223961168507E-2
 ii= 2307 error= 0.16984953924034163,  -3.22893390478493011E-2,  -9.76235540965161019E-2
 ii= 2308 error= 0.21040970952070917,  3.99962242685953789E-2,  0.12102393674671397
 ii= 2309 error= 0.19502480910047537,  -3.76705829897428235E-2,  -0.11377989210608273
 ii= 2310 error= 0.13535104178791352,  2.57123723589019609E-2,  7.77081406594715557E-2
 ii= 2311 error= 0.1475991480606644,  -2.76556931715086808E-2,  -8.36666276375290924E-2
 ii= 2312 error= 0.21946385619981673,  4.1280182155033901E-2,  0.12492789320097364
 ii= 2313 error= 0.19896431279031582,  -3.84064138404785899E-2,  -0.11597653693528039
 ii= 2314 error= 0.11878320984868962,  2.21802325191257296E-2,  6.70032825496686135E-2
 ii= 2315 error= 0.12945086372368694,  -2.37064500248411192E-2,  -7.17458192051599608E-2
 ii= 2316 error= 0.18723011267811246,  3.48088012889971321E-2,  0.10531595752452659
 ii= 2317 error= 0.18501372114216549,  -3.52352135013631537E-2,  -0.10646719439196857
 ii= 2318 error= 0.15562002446603143,  2.97656956888599916E-2,  8.99963237223805196E-2
 ii= 2319 error= 0.16381700721218792,  -3.10538098078390022E-2,  -9.39047105901051338E-2
 ii= 2320 error= 0.21924931858395844,  4.1531568395387318E-2,  0.12568307634451698
 ii= 2321 error= 0.19867839421699324,  -3.84304276136568992E-2,  -0.11605241852728061
 ii= 2322 error= 0.12190410344933235,  2.28296175088222794E-2,  6.89710639326523295E-2
 ii= 2323 error= 0.13329828844960753,  -2.45285078283255902E-2,  -7.42288748843323992E-2
 ii= 2324 error= 0.19544094307295151,  3.64581971222540865E-2,  0.11031452233274838
 ii= 2325 error= 0.18885662154586913,  -3.61001608415456171E-2,  -0.10906298590219216
 ii= 2326 error= 0.14609441753485838,  2.79214426500108068E-2,  8.44052158696686067E-2
 ii= 2327 error= 0.15628644317455065,  -2.95017940237528656E-2,  -8.92290365779199041E-2
 ii= 2328 error= 0.22295833570513407,  4.20684280592444129E-2,  0.12731541592448614
 ii= 2329 error= 0.20013747030432688,  -3.87029346442756342E-2,  -0.11686432267039387
 ii= 2330 error= 0.11555766868128024,  2.14211889475542372E-2,  6.47034323785230375E-2
 ii= 2331 error= 0.12568744679900129,  -2.28277165133091674E-2,  -6.90921685886980719E-2
 ii= 2332 error= 0.17909018022646639,  3.31778847510300068E-2,  0.10037365336568056
 ii= 2333 error= 0.18089592374020988,  -3.43166452450965331E-2,  -0.10370823166022654
 ii= 2334 error= 0.16556028613479645,  3.1647079520735491E-2,  9.57015093250804666E-2
 ii= 2335 error= 0.17092859477050798,  -3.25133793343276925E-2,  -9.82976807669091873E-2
 ii= 2336 error= 0.20847883849929419,  3.96551072902391749E-2,  0.11998904776676836
 ii= 2337 error= 0.19420522409263577,  -3.74992009072494664E-2,  -0.1132670560474391
 ii= 2338 error= 0.13791399414455804,  2.62239570795091415E-2,  7.92585022815252421E-2
 ii= 2339 error= 0.1499497075416038,  -2.81430911139064314E-2,  -8.51368347949336551E-2
 ii= 2340 error= 0.22171106658211942,  4.17543370252679846E-2,  0.12636446592034886
 ii= 2341 error= 0.19982844270720959,  -3.86134834258518161E-2,  -0.11659715781394007
 ii= 2342 error= 0.1161197925695876,  2.15543786079051107E-2,  6.51061565541758563E-2
 ii= 2343 error= 0.12624059218211114,  -2.2958314852847158E-2,  -6.94871658515755775E-2
 ii= 2344 error= 0.18061394776117734,  3.34876546985455881E-2,  0.10131221489241675
 ii= 2345 error= 0.18172626988096824,  -3.45051125447832785E-2,  -0.10427502021755353
 ii= 2346 error= 0.16397364073497528,  3.13580341272820945E-2,  9.48247136704572502E-2
 ii= 2347 error= 0.1698801626212989,  -3.23050792992126135E-2,  -9.76715021593984739E-2
 ii= 2348 error= 0.21092771770468152,  4.00968730355156858E-2,  0.12132907955122579
 ii= 2349 error= 0.19529579256990251,  -3.77308455494712244E-2,  -0.11396106897618129
 ii= 2350 error= 0.13495704680936854,  2.56425344744326267E-2,  7.74964495953961024E-2
 ii= 2351 error= 0.14730659034239338,  -2.7604014089311936E-2,  -8.3511159504490784E-2
 ii= 2352 error= 0.21959501849451293,  4.13014945456365995E-2,  0.12499265018340791
 ii= 2353 error= 0.19905961024195395,  -3.84262170798020525E-2,  -0.11603626114137511
 ii= 2354 error= 0.11847651065229856,  2.21087119162309068E-2,  6.67862952287815864E-2
 ii= 2355 error= 0.12906065575640988,  -2.36157145235685595E-2,  -7.14721336044983613E-2
 ii= 2356 error= 0.1866267208128162,  3.4688826802350109E-2,  0.10495245744027333
 ii= 2357 error= 0.18473895630170797,  -3.51746119515450664E-2,  -0.10628551900181239
 ii= 2358 error= 0.15651594230582824,  2.99426342840757066E-2,  9.05328634370003438E-2
 ii= 2359 error= 0.16450979394082707,  -3.1200873171739571E-2,  -9.4347741783218933E-2
 ii= 2360 error= 0.21875416536726999,  4.14537529732922211E-2,  0.12544681087273854
 ii= 2361 error= 0.19850596764948522,  -3.83968218424546176E-2,  -0.11595245790985317
 ii= 2362 error= 0.12270349701577477,  2.30049527497317961E-2,  6.95023655262647366E-2
 ii= 2363 error= 0.13421460798524368,  -2.47313932946712084E-2,  -7.48416102017985946E-2
 ii= 2364 error= 0.19746303814987942,  3.68622047222015858E-2,  0.11153906095214237
 ii= 2365 error= 0.18978966083334692,  -3.63103534857475638E-2,  -0.10969373415601534
 ii= 2366 error= 0.14393445226432633,  2.75029074827377561E-2,  8.31366042918256914E-2
 ii= 2367 error= 0.15450287087209308,  -2.91380034881205154E-2,  -8.81326817143939373E-2
 ii= 2368 error= 0.22294932712873833,  4.20297207495967037E-2,  0.12719913053811918
 ii= 2369 error= 0.20016385388238447,  -3.86969797613802569E-2,  -0.11684600694246573
 ii= 2370 error= 0.11525667501427564,  2.1360682388498569E-2,  6.45202476896705734E-2
 ii= 2371 error= 0.12530079653430279,  -2.27464697120922585E-2,  -6.88466390659757954E-2
 ii= 2372 error= 0.17829993478203518,  3.30164914955306255E-2,  9.98847588237814776E-2
 ii= 2373 error= 0.18049406606130308,  -3.42260210885510369E-2,  -0.1034359863118549
 ii= 2374 error= 0.16658857625532955,  3.18429990043809369E-2,  9.62957919925407357E-2
 ii= 2375 error= 0.17162989987962896,  -3.26598194672721095E-2,  -9.87382416426288712E-2
 ii= 2376 error= 0.20716049925969462,  3.94206971357198011E-2,  0.11927799581400342
 ii= 2377 error= 0.19364009380365815,  -3.73805351995327578E-2,  -0.11291188258180125
 ii= 2378 error= 0.13971170127036572,  2.65818862304864865E-2,  8.03433375627598118E-2
 ii= 2379 error= 0.15156542195749223,  -2.84785781482622576E-2,  -8.61486279574431579E-2
 ii= 2380 error= 0.22292482216990009,  4.20176832806199579E-2,  0.12716223891367998
 ii= 2381 error= 0.20029605318793139,  -3.87275342883886681E-2,  -0.11693914252822223
 ii= 2382 error= 0.11475940448500836,  2.12304202547748573E-2,  6.41241619810245383E-2
 ii= 2383 error= 0.1245741173507572,  -2.2565724759818679E-2,  -6.83018665847266448E-2
 ii= 2384 error= 0.17722887408834367,  3.28089512101568462E-2,  9.92555523756340902E-2
 ii= 2385 error= 0.17998187773013644,  -3.41187175838838369E-2,  -0.10311440148094543
 ii= 2386 error= 0.16838533469931014,  3.2191782291479891E-2,  9.73532140208918512E-2
 ii= 2387 error= 0.17288532012417945,  -3.29270047250692297E-2,  -9.95426298190319608E-2
 ii= 2388 error= 0.20513776824318594,  3.90692402710052233E-2,  0.11821137289011976
 ii= 2389 error= 0.19279833869442631,  -3.72084084757104624E-2,  -0.11239734623314075
 ii= 2390 error= 0.14274099375051705,  2.71863183971981122E-2,  8.21749939482191855E-2
 ii= 2391 error= 0.15427494735055317,  -2.90456050663188102E-2,  -8.78588984164932196E-2
 ii= 2392 error= 0.22459736051837637,  4.23956971106622948E-2,  0.12830675987553489
 ii= 2393 error= 0.20096910541233495,  -3.88964878568295175E-2,  -0.11744647431100809
 ii= 2394 error= 0.112879009530005,  2.07709092747574604E-2,  6.27307109252096817E-2
 ii= 2395 error= 0.12220731606096784,  -2.19976025772279545E-2,  -6.65869553840730405E-2
 ii= 2396 error= 0.17257420773270502,  3.18758745553531786E-2,  9.64279073069818221E-2
 ii= 2397 error= 0.17752260284754051,  -3.35778214497806926E-2,  -0.10148952815470956
 ii= 2398 error= 0.17465690551855473,  3.33712762115614264E-2,  0.10093030229597386
 ii= 2399 error= 0.17695271108890726,  -3.37722420939001525E-2,  -0.10208460967686862
 ii= 2400 error= 0.19590943318407755,  3.74111865037147634E-2,  0.11318149926247147
 ii= 2401 error= 0.18855542404373549,  -3.63217056593609436E-2,  -0.10974090515880683
 ii= 2402 error= 0.15633104053262828,  2.9827807026287869E-2,  9.0181939497938915E-2
 ii= 2403 error= 0.1652074078310232,  -3.13061406159829622E-2,  -9.46708331396643593E-2
 ii= 2404 error= 0.22019833668227759,  4.18165813312404919E-2,  0.12654367564052549
 ii= 2405 error= 0.19936278818416253,  -3.86194621030394244E-2,  -0.11662449303096957
 ii= 2406 error= 0.1203859109049932,  2.24199029250773015E-2,  6.77258511610085157E-2
 ii= 2407 error= 0.13131705109216321,  -2.40222488013261404E-2,  -7.27038503813626641E-2
 ii= 2408 error= 0.1929543932088694,  3.5987172195107775E-2,  0.10888649320724759
 ii= 2409 error= 0.18784082588827175,  -3.58883570484337458E-2,  -0.10842991906943203
 ii= 2410 error= 0.15016767283111873,  2.87446124570535227E-2,  8.69002954185229964E-2
 ii= 2411 error= 0.15977190517851783,  -3.02467739047519897E-2,  -9.14754864866886286E-2
 ii= 2412 error= 0.22381931892946369,  4.23135217055474744E-2,  0.12805657564089679
 ii= 2413 error= 0.2006072502518299,  -3.88312059150280747E-2,  -0.11725168263467742
 ii= 2414 error= 0.11467995825716165,  2.1189622791216698E-2,  6.40001825986329653E-2
 ii= 2415 error= 0.12454450089398914,  -2.2536845774318498E-2,  -6.82155306659705113E-2
 ii= 2416 error= 0.17777118775681144,  3.29191407022653496E-2,  9.95897350889925342E-2
 ii= 2417 error= 0.18029005807421689,  -3.41885949698623529E-2,  -0.10332470154715861
 ii= 2418 error= 0.168081841336578,  3.21462494728415107E-2,  9.72153503827298537E-2
 ii= 2419 error= 0.17271114516327238,  -3.29002780038917114E-2,  -9.94625490335623169E-2
 ii= 2420 error= 0.20592488628079911,  3.92137747662050784E-2,  0.11865004428160225
 ii= 2421 error= 0.19319787467141294,  -3.72931125106276753E-2,  -0.11265158740731369
 ii= 2422 error= 0.14195532286154969,  2.70434358439043919E-2,  8.17421793708600491E-2
 ii= 2423 error= 0.15365830515047352,  -2.8928721742548489E-2,  -8.75067552395465825E-2
 ii= 2424 error= 0.22490112771435353,  4.243998248671043E-2,  0.12844171840670024
 ii= 2425 error= 0.20113461212151151,  -3.89280204538679092E-2,  -0.11754098777009496
 ii= 2426 error= 0.11233585447451475,  2.06483582272922739E-2,  6.23593916656052863E-2
 ii= 2427 error= 0.12151208642664832,  -2.1838696710472269E-2,  -6.61070782259366302E-2
 ii= 2428 error= 0.1713801576170704,  3.16314754128493927E-2,  9.56877111037042483E-2
 ii= 2429 error= 0.17689222685906253,  -3.34374182116650084E-2,  -0.10106761851795644
 ii= 2430 error= 0.17639982839184998,  3.37030505890617282E-2,  0.10193688749732535
 ii= 2431 error= 0.17804232024488145,  -3.40035471327227515E-2,  -0.10277992592536177
 ii= 2432 error= 0.19328738160711265,  3.69350813465624678E-2,  0.11173765540142751
 ii= 2433 error= 0.18730201951509742,  -3.60592627446327182E-2,  -0.10895414389152944
 ii= 2434 error= 0.16056601236406393,  3.06444924627771141E-2,  9.26582243239414682E-2
 ii= 2435 error= 0.16832062315036733,  -3.19548314843141334E-2,  -9.66240314019509022E-2
 ii= 2436 error= 0.21617641988691053,  4.11294843510232044E-2,  0.12445840453616359
 ii= 2437 error= 0.19781497667878492,  -3.83014569341165456E-2,  -0.11567488108865444
 ii= 2438 error= 0.12674995322561317,  2.38182458087362221E-2,  7.19637813153901074E-2
 ii= 2439 error= 0.13854932936237932,  -2.56331632890086369E-2,  -7.75674626897335517E-2
 ii= 2440 error= 0.20724761430523386,  3.88481343234497595E-2,  0.11755720750442696
 ii= 2441 error= 0.19420968799846888,  -3.73271082741276697E-2,  -0.11274551934983199
 ii= 2442 error= 0.13473889693667054,  2.570979768315498E-2,  7.77015553635880818E-2
 ii= 2443 error= 0.14671322267819781,  -2.75613357987108364E-2,  -8.33805239781359731E-2
 ii= 2444 error= 0.21946356372443712,  4.12288575455773618E-2,  0.12477429901238689
 ii= 2445 error= 0.19908179760249889,  -3.84111662337843981E-2,  -0.11599090269112829
 ii= 2446 error= 0.11830401746233461,  2.20894917995009994E-2,  6.67285027339608872E-2
 ii= 2447 error= 0.12885086822225322,  -2.35828935464928932E-2,  -7.13729664122454838E-2
 ii= 2448 error= 0.18664108859045717,  3.46826955034033671E-2,  0.10493461173610572
 ii= 2449 error= 0.18478836365366666,  -3.51807370547438034E-2,  -0.10630413609642363
 ii= 2450 error= 0.15675854962110458,  3.00034348797834118E-2,  9.07177388862519807E-2
 ii= 2451 error= 0.1647193685719909,  -3.12555816858289121E-2,  -9.4512617822023276E-2
 ii= 2452 error= 0.21894966665171212,  4.14920248501101721E-2,  0.12556336920004132
 ii= 2453 error= 0.1986404132754028,  -3.84243236234633051E-2,  -0.11603532458844169
 ii= 2454 error= 0.12245352343337314,  2.29522716820215779E-2,  6.93429077722074044E-2
 ii= 2455 error= 0.13392904701401326,  -2.46682680872230518E-2,  -7.46512136128732878E-2
 ii= 2456 error= 0.19733261842556604,  3.68319664827050086E-2,  0.11144808546489965
 ii= 2457 error= 0.18976745527908731,  -3.63026186332422451E-2,  -0.10967073827785419
 ii= 2458 error= 0.14431123917011623,  2.75886537889443104E-2,  8.33970637486282917E-2
 ii= 2459 error= 0.15485778530503863,  -2.92209175841632515E-2,  -8.83826368633589821E-2
 ii= 2460 error= 0.22342656299025612,  4.21245589031383552E-2,  0.12748716096291549
 ii= 2461 error= 0.20039072546966485,  -3.87464090039593562E-2,  -0.11699432670045473
 ii= 2462 error= 0.11467665331913607,  2.12299118724864622E-2,  6.41241899032072016E-2
 ii= 2463 error= 0.12459720154269367,  -2.25853823914748848E-2,  -6.83602254644228718E-2
 ii= 2464 error= 0.17719068055249043,  3.27886578293665604E-2,  9.91949807871816414E-2
 ii= 2465 error= 0.17993746310502917,  -3.41002317238895333E-2,  -0.10305810246650682
 ii= 2466 error= 0.16823557667559758,  3.21619608296933313E-2,  9.72636449344843196E-2
 ii= 2467 error= 0.17274708031359745,  -3.28978751768077976E-2,  -9.94543246813413828E-2
 ii= 2468 error= 0.20509718021925474,  3.90524747275749484E-2,  0.11816140821235571
 ii= 2469 error= 0.19276569616070177,  -3.71961952376171009E-2,  -0.1123601474527396
 ii= 2470 error= 0.14271975101646384,  2.71835943455096853E-2,  8.21674427701122867E-2
 ii= 2471 error= 0.15422855084106149,  -2.90363231369441775E-2,  -8.78303955710478951E-2
 ii= 2472 error= 0.22446677698259027,  4.23649483624131337E-2,  0.12821428044718139
 ii= 2473 error= 0.20091759683841365,  -3.88812559168888461E-2,  -0.11740049566321017
 ii= 2474 error= 0.11312394574735797,  2.08369600016010369E-2,  6.29315616661930699E-2
 ii= 2475 error= 0.12254873154745564,  -2.20834975914171415E-2,  -6.68459646269926877E-2
 ii= 2476 error= 0.17339651931727312,  3.20359557316176879E-2,  9.69136194963942099E-2
 ii= 2477 error= 0.17796581010978188,  -3.36724113531516669E-2,  -0.10177347222054631
 ii= 2478 error= 0.17360899473003799,  3.31782174281188974E-2,  0.10034534223366887
 ii= 2479 error= 0.17628360571193386,  -3.36360824668755498E-2,  -0.10167497221191833
 ii= 2480 error= 0.19754023098371132,  3.77029227388926275E-2,  0.1140670132607827
 ii= 2481 error= 0.18933988814036834,  -3.64836339834557072E-2,  -0.11022610002950559
 ii= 2482 error= 0.15390889342934894,  2.93653012709552824E-2,  8.87803186399986205E-2
 ii= 2483 error= 0.16337307075101054,  -3.0929984976645699E-2,  -9.3537677469770944E-2
 ii= 2484 error= 0.22213063698840824,  4.2135843859322078E-2,  0.12751354341967344
 ii= 2485 error= 0.20010921270808008,  -3.87687158821847094E-2,  -0.1170697793161424
 ii= 2486 error= 0.11744933813263139,  2.17694788666985516E-2,  6.57553386944726703E-2
 ii= 2487 error= 0.12783368875209938,  -2.32422053123769422E-2,  -7.03478700754804342E-2
 ii= 2488 error= 0.1857113118773584,  3.45298152557386093E-2,  0.10447049646448675
 ii= 2489 error= 0.18437099212190056,  -3.510831169236317E-2,  -0.10608809980032086
 ii= 2490 error= 0.15882895589412133,  3.04104856054185566E-2,  9.1951574469736147E-2
 ii= 2491 error= 0.1663419218968262,  -3.1599971860592109E-2,  -9.55504603758075416E-2
 ii= 2492 error= 0.21784656493573398,  4.13281655842314827E-2,  0.12506528871580211
 ii= 2493 error= 0.1982757085486693,  -3.83593112686577073E-2,  -0.11584260627449136
 ii= 2494 error= 0.12413519505559918,  2.33058876162778143E-2,  7.04138628030918923E-2
 ii= 2495 error= 0.13578680194541046,  -2.50684895164964734E-2,  -7.58602790944252203E-2
 ii= 2496 error= 0.20137728096758639,  3.76481786019765841E-2,  0.11392166961847493
 ii= 2497 error= 0.19160593369146869,  -3.67228158942077484E-2,  -0.11093172777946012
 ii= 2498 error= 0.14019723007264831,  2.67860206487176324E-2,  8.09641124621306302E-2
 ii= 2499 error= 0.15140750350004192,  -2.85175902803130425E-2,  -8.62628476827191348E-2
 ii= 2500 error= 0.22258865643348461,  4.19004366994531752E-2,  0.12680928169727634
 ii= 2501 error= 0.20014255135190809,  -3.86715290981808554E-2,  -0.11676970499684421
 ii= 2502 error= 0.11511129742714714,  2.13422753968781458E-2,  6.44647212682584875E-2
 ii= 2503 error= 0.12507202993584537,  -2.27055870601979952E-2,  -6.87231618627267837E-2
 ii= 2504 error= 0.17829558922834624,  3.30097724888933283E-2,  9.98651757656935923E-2
 ii= 2505 error= 0.1805353488871087,  -3.42331969055933785E-2,  -0.10345774035900392
 ii= 2506 error= 0.1669447370739181,  3.19242892298344308E-2,  9.65429041578886038E-2
 ii= 2507 error= 0.1718978358018238,  -3.27264891480242917E-2,  -9.89389482631143763E-2
 ii= 2508 error= 0.20707763302526935,  3.94087225333738453E-2,  0.11924222334376791
 ii= 2509 error= 0.1936584731620089,  -3.73844951100841816E-2,  -0.11292422966092663
 ii= 2510 error= 0.1401319411042827,  2.6677831982830625E-2,  8.0634672021236517E-2
 ii= 2511 error= 0.15200057617120974,  -2.85800472014888195E-2,  -8.64547234073708287E-2
 ii= 2512 error= 0.22371209889135879,  4.2174793768192248E-2,  0.12763906149681001
 ii= 2513 error= 0.20064845636095513,  -3.88066855932009541E-2,  -0.11717652222173801
 ii= 2514 error= 0.11374955077987717,  2.09955518572092839E-2,  6.34125532769071465E-2
 ii= 2515 error= 0.12331607498646933,  -2.22730106726377192E-2,  -6.74179693015421883E-2
 ii= 2516 error= 0.17496400586258803,  3.23494082685822776E-2,  9.78636634671448818E-2
 ii= 2517 error= 0.17880810191917035,  -3.3857438554418029E-2,  -0.1023293893877758
 ii= 2518 error= 0.17155980795651554,  3.27960361941388862E-2,  9.91863691549279836E-2
 ii= 2519 error= 0.17497455447309981,  -3.33660235568069702E-2,  -0.10086292628175091
 ii= 2520 error= 0.20070617961935514,  3.8273933218321704E-2,  0.11579928752426816
 ii= 2521 error= 0.19082435975195369,  -3.67942095007022796E-2,  -0.11115681809460005
 ii= 2522 error= 0.14924025153970177,  2.84636061254509784E-2,  8.60470512040009544E-2
 ii= 2523 error= 0.15971116662425183,  -3.01749812620287321E-2,  -9.12629982102176746E-2
 ii= 2524 error= 0.22460339412696173,  4.25174201996796688E-2,  0.12867314006378475
 ii= 2525 error= 0.20102966603157518,  -3.89458163656783221E-2,  -0.11759727522509797
 ii= 2526 error= 0.1136122425284626,  2.0909839528648104E-2,  6.31509564985965888E-2
 ii= 2527 error= 0.12312521644315892,  -2.21802568502364045E-2,  -6.71398285719441018E-2
 ii= 2528 error= 0.17536863640983957,  3.2443328596710605E-2,  9.81478894336984681E-2
 ii= 2529 error= 0.17906385449007395,  -3.39236427098406831E-2,  -0.10252923563936188
 ii= 2530 error= 0.17163612538812392,  3.28230121745023973E-2,  9.92678325858433602E-2
 ii= 2531 error= 0.17507865757973964,  -3.33968685231858589E-2,  -0.10095646117593174
 ii= 2532 error= 0.20110953281921731,  3.83563258934053047E-2,  0.11604886859353712
 ii= 2533 error= 0.19107095716160652,  -3.68505353103108432E-2,  -0.11132653941063426
 ii= 2534 error= 0.14902052644604588,  2.84313494052941367E-2,  8.59490602333913833E-2
 ii= 2535 error= 0.15960684522231669,  -3.0163027262779564E-2,  -9.12275819592905379E-2
 ii= 2536 error= 0.22524644524031595,  4.2639914752527576E-2,  0.12904452314728579
 ii= 2537 error= 0.20132349118676532,  -3.90115039341717568E-2,  -0.11779442444254225
 ii= 2538 error= 0.11263611522602469,  2.06775294188156246E-2,  6.24465049288532442E-2
 ii= 2539 error= 0.12186555301251269,  -2.18832958583508284E-2,  -6.62433287649238783E-2
 ii= 2540 error= 0.17293746779974456,  3.19536571998475447E-2,  9.66640547527902183E-2
 ii= 2541 error= 0.17778144708849589,  -3.36412771522230439E-2,  -0.10168100128954596
 ii= 2542 error= 0.17497379399133872,  3.34519164034832311E-2,  0.10117519839321171
 ii= 2543 error= 0.17720652110180002,  -3.38410586739765554E-2,  -0.10229214502419409
 ii= 2544 error= 0.19608259052342325,  3.74497546605765119E-2,  0.11329882489965645
 ii= 2545 error= 0.18872691000894454,  -3.63608661485932197E-2,  -0.10985926536146111
 ii= 2546 error= 0.15666458721814225,  2.99105465948669193E-2,  9.04331669864534282E-2
 ii= 2547 error= 0.16554138177586997,  -3.13913118709350167E-2,  -9.49278515895898706E-2
 ii= 2548 error= 0.22067793178676867,  4.19161935565171978E-2,  0.1268460659077045
 ii= 2549 error= 0.19963928110346568,  -3.86822929505035717E-2,  -0.11681355974413565
 ii= 2550 error= 0.11962920205799574,  2.22424268570545064E-2,  6.71878289798814587E-2
 ii= 2551 error= 0.13038586564221932,  -2.38045492545859612E-2,  -7.20469908727911224E-2
 ii= 2552 error= 0.19161510338398827,  3.57188451687062217E-2,  0.10807394804253173
 ii= 2553 error= 0.1872580858048129,  -3.57583336382395478E-2,  -0.10804009242161094
 ii= 2554 error= 0.15211808041265643,  2.91350510899445088E-2,  8.80845215735863857E-2
 ii= 2555 error= 0.161349935610962,  -3.05828433531460456E-2,  -9.24880518038038169E-2
 ii= 2556 error= 0.22347700533604303,  4.22823434230902365E-2,  0.12796178001706571
 ii= 2557 error= 0.20053218999195946,  -3.88232084157311211E-2,  -0.1172289671008632
 ii= 2558 error= 0.11532608472381634,  2.13323351412986716E-2,  6.44326956601499884E-2
 ii= 2559 error= 0.12533640112564765,  -2.2712070751357203E-2,  -6.87450856361014329E-2
 ii= 2560 error= 0.17999670444565094,  3.33651805790685652E-2,  0.10094206748533978
 ii= 2561 error= 0.18147320386902352,  -3.44518061069832154E-2,  -0.10411557100303954
 ii= 2562 error= 0.16561031037643351,  3.16927135584693723E-2,  9.58405108720789822E-2
 ii= 2563 error= 0.17107128677434996,  -3.2571624875654924E-2,  -9.84739716997427295E-2
 ii= 2564 error= 0.20966003106815584,  3.98821139361988375E-2,  0.12067824527955447
 ii= 2565 error= 0.19486827226985307,  -3.76435161025654719E-2,  -0.11370096083158593
 ii= 2566 error= 0.13721499285886804,  2.61175502043786249E-2,  7.89367513165076529E-2
 ii= 2567 error= 0.14951941222472911,  -2.80845776320341398E-2,  -8.49611330892128813E-2
 ii= 2568 error= 0.22282742517882151,  4.19588886340478764E-2,  0.12698588168736061
 ii= 2569 error= 0.20040041610743034,  -3.87357522994826176E-2,  -0.11696421742793189
 ii= 2570 error= 0.11438868161077655,  2.11550829921003519E-2,  6.38960463333051315E-2
 ii= 2571 error= 0.12406457997913645,  -2.24550920770669078E-2,  -6.79679517474190004E-2
 ii= 2572 error= 0.17688441733762805,  3.27333256019764138E-2,  9.90274314069805456E-2
 ii= 2573 error= 0.17985821731779597,  -3.40897446553563646E-2,  -0.10302763551606083
 ii= 2574 error= 0.169357589074279,  3.23939235629101124E-2,  9.79670737419974375E-2
 ii= 2575 error= 0.17356497034008336,  -3.30829416263758724E-2,  -0.10001185082310618
 ii= 2576 error= 0.20428827597476476,  3.8920507256801809E-2,  0.11776095089449687
 ii= 2577 error= 0.19249513799665013,  -3.71450902885161402E-2,  -0.11220837218398166
 ii= 2578 error= 0.14437302164959373,  2.75242822304037106E-2,  8.32001042409991343E-2
 ii= 2579 error= 0.15574782830852846,  -2.93655288781802006E-2,  -8.88235416379978687E-2
 ii= 2580 error= 0.22563404216066701,  4.2622669242561001E-2,  0.12899506717999945
 ii= 2581 error= 0.20143893204110208,  -3.90081599628279083E-2,  -0.11778183537253015
 ii= 2582 error= 0.1116792296125291,  2.04840685291909214E-2,  6.18614932274921051E-2
 ii= 2583 error= 0.12068477247285479,  -2.16353759743298027E-2,  -6.54932627789519967E-2
 ii= 2584 error= 0.17000976750851193,  3.13528259110641069E-2,  9.48438872626885671E-2
 ii= 2585 error= 0.17615072436220031,  -3.32739819989319521E-2,  -0.10057636297572749
 ii= 2586 error= 0.17840729193311652,  3.40822822648905455E-2,  0.10308764499631899
 ii= 2587 error= 0.17926889216007905,  -3.42628863864853292E-2,  -0.10355926539472514
 ii= 2588 error= 0.19016208572260221,  3.63650928183839733E-2,  0.11000931836595949
 ii= 2589 error= 0.18575567384455582,  -3.57358592739961123E-2,  -0.10798413546564213
 ii= 2590 error= 0.16569249676584635,  3.16244087153000689E-2,  9.56298247888189151E-2
 ii= 2591 error= 0.17189597497119585,  -3.2699150053387506E-2,  -9.88640600057089786E-2
 ii= 2592 error= 0.20993723509773826,  4.00324762182447669E-2,  0.12113009344897434
 ii= 2593 error= 0.19527019528415665,  -3.77715972056421739E-2,  -0.11409045511388891
 ii= 2594 error= 0.13724562691095796,  2.60706490522452233E-2,  7.87914358773449952E-2
 ii= 2595 error= 0.14948334922751802,  -2.80389308756864401E-2,  -8.48266141062020695E-2
 ii= 2596 error= 0.22349900192576277,  4.21289340752334096E-2,  0.12749983572703222
 ii= 2597 error= 0.20078284960281309,  -3.8839222332015283E-2,  -0.11727689735951113
 ii= 2598 error= 0.11357108145575823,  2.09425065872512715E-2,  6.32500311049541131E-2
 ii= 2599 error= 0.12297167455861806,  -2.21805723134809486E-2,  -6.71406530977950444E-2
 ii= 2600 error= 0.17533427668566301,  3.24294621247327372E-2,  9.81061140190265801E-2
 ii= 2601 error= 0.1791023749716773,  -3.39290431004115461E-2,  -0.10254605644336369
 ii= 2602 error= 0.17200068789972406,  3.29068923183956155E-2,  9.95222265650978488E-2
 ii= 2603 error= 0.17534458079151136,  -3.34633771247436415E-2,  -0.10115701882454668
 ii= 2604 error= 0.2009840761960307,  3.83371283575218227E-2,  0.11599063800668047
 ii= 2605 error= 0.19107183311593315,  -3.68515094410763119E-2,  -0.11133027548525573
 ii= 2606 error= 0.14954725016532294,  2.8546458882000695E-2,  8.62980362323671341E-2
 ii= 2607 error= 0.16008960410376757,  -3.02735360491724927E-2,  -9.15610601131555263E-2
 ii= 2608 error= 0.2255860151572453,  4.2715256657864617E-2,  0.12927284214181536
 ii= 2609 error= 0.20151228175224523,  -3.90552959287419899E-2,  -0.11792640603157399
 ii= 2610 error= 0.11218544425639117,  2.0570109083673925E-2,  6.21206607721815351E-2
 ii= 2611 error= 0.12128617224487509,  -2.17447897483836507E-2,  -6.58254591830003538E-2
 ii= 2612 error= 0.17213276565821142,  3.17885067366480978E-2,  9.6163868228978322E-2
 ii= 2613 error= 0.17737200485079255,  -3.35503731183959611E-2,  -0.10140809519388122
 ii= 2614 error= 0.17630398651885446,  3.37093982928355768E-2,  0.10195632546951179
 ii= 2615 error= 0.17804422602261405,  -3.40218150088392873E-2,  -0.10283570436986145
 ii= 2616 error= 0.19417236356960307,  3.71033025248989901E-2,  0.11224814701757183
 ii= 2617 error= 0.1878346099249234,  -3.61739676995523063E-2,  -0.10929925448929964
 ii= 2618 error= 0.15986010762711353,  3.05307537253404343E-2,  9.23136855790841898E-2
 ii= 2619 error= 0.16790407082968428,  -3.18863584363831276E-2,  -9.64186001968431045E-2
 ii= 2620 error= 0.21776488883627459,  4.14208026483963848E-2,  0.12534255339975942
 ii= 2621 error= 0.19854629556291772,  -3.84581136165067713E-2,  -0.116144539422147
 ii= 2622 error= 0.12417290007999675,  2.32450154331918409E-2,  7.02262017686371004E-2
 ii= 2623 error= 0.13562703241845916,  -2.49751855934255036E-2,  -7.55818300711903618E-2
 ii= 2624 error= 0.20237691483260584,  3.78737916481359377E-2,  0.11460496494092054
 ii= 2625 error= 0.19216767048778041,  -3.68640475995995962E-2,  -0.11135762353460207
 ii= 2626 error= 0.14014890497929028,  2.68031137609559267E-2,  8.10156848191806306E-2
 ii= 2627 error= 0.15156351383211064,  -2.8574489033513964E-2,  -8.64358594577558231E-2
 ii= 2628 error= 0.22411871660993116,  4.2200163720129226E-2,  0.12771802328418627
 ii= 2629 error= 0.20086064893750522,  -3.88324962087427047E-2,  -0.11725320107270845
 ii= 2630 error= 0.11290266953776736,  2.08214177178507424E-2,  6.28853401812698165E-2
 ii= 2631 error= 0.12226801794388985,  -2.20478190843246546E-2,  -6.67377123688882995E-2
 ii= 2632 error= 0.17312974690575803,  3.19695837306024563E-2,  9.67133549716799601E-2
 ii= 2633 error= 0.17785605832695212,  -3.36415837162278089E-2,  -0.10168089401738203
 ii= 2634 error= 0.17419532028816495,  3.33012504187803551E-2,  0.10071913172561732
 ii= 2635 error= 0.17665930763775486,  -3.37246856076788767E-2,  -0.10194142208232769
 ii= 2636 error= 0.19688918656346607,  3.75829018978459245E-2,  0.11370358654561578
 ii= 2637 error= 0.18907571280390281,  -3.64262766887560527E-2,  -0.11005451219749993
 ii= 2638 error= 0.1552166870556925,  2.96301510248739332E-2,  8.95838096856473309E-2
 ii= 2639 error= 0.16440389515773157,  -3.1153819904469738E-2,  -9.42119623947889617E-2
 ii= 2640 error= 0.22155041595032846,  4.20478466395012365E-2,  0.12724670988955694
 ii= 2641 error= 0.19994919731210514,  -3.87378536313032831E-2,  -0.11697851235630317
 ii= 2642 error= 0.1183825210121959,  2.19793775720774111E-2,  6.63915608577131111E-2
 ii= 2643 error= 0.12895479816368988,  -2.34941863650489288E-2,  -7.11090896341061984E-2
 ii= 2644 error= 0.18857929048669403,  3.51014939496718734E-2,  0.1062036560375331
 ii= 2645 error= 0.18580178918680892,  -3.54264565215614696E-2,  -0.10704343746004284
 ii= 2646 error= 0.15562890441212307,  2.98105464726777618E-2,  9.01330811556192851E-2
 ii= 2647 error= 0.16400532411879712,  -3.11289093535950454E-2,  -9.4132218824883776E-2
 ii= 2648 error= 0.22102267228506098,  4.18732912711238039E-2,  0.12672036430539169
 ii= 2649 error= 0.19957785815849113,  -3.86273528278159028E-2,  -0.11664393135798595
 ii= 2650 error= 0.11918271934257642,  2.22078729920083089E-2,  6.70864295239352315E-2
 ii= 2651 error= 0.13003417066238687,  -2.37799518318162866E-2,  -7.19698646966581285E-2
 ii= 2652 error= 0.19009398575597178,  3.53881520517225837E-2,  0.10707308649336263
 ii= 2653 error= 0.18647030658314903,  -3.55651046489737846E-2,  -0.10745831859160677
 ii= 2654 error= 0.15320466567702906,  2.93326529420108797E-2,  8.86846900334107846E-2
 ii= 2655 error= 0.16207986528949903,  -3.07225870068129243E-2,  -9.29075773028455176E-2
 ii= 2656 error= 0.22203009741981736,  4.20155352241176755E-2,  0.1271532443810251
 ii= 2657 error= 0.19990580213377074,  -3.86847750724136075E-2,  -0.11681376139352884
 ii= 2658 error= 0.11763491171880598,  2.18738764378651855E-2,  6.60751426894985311E-2
 ii= 2659 error= 0.128222108609439,  -2.33832358494822957E-2,  -7.07709489996761892E-2
 ii= 2660 error= 0.18588121362010018,  3.45385264954782556E-2,  0.10449851691155027
 ii= 2661 error= 0.18439860000711783,  -3.50979825103574783E-2,  -0.10605533507099831
 ii= 2662 error= 0.15799589624935875,  3.02425080363528422E-2,  9.14436270832320042E-2
 ii= 2663 error= 0.16564033097581629,  -3.14484801581319043E-2,  -9.5092951578761159E-2
 ii= 2664 error= 0.21796744904911702,  4.13255455647590711E-2,  0.12505901771214509
 ii= 2665 error= 0.19826871342159266,  -3.83475509810877399E-2,  -0.11580573705150102
 ii= 2666 error= 0.12407248396787697,  2.33117437624904972E-2,  7.04331475780213129E-2
 ii= 2667 error= 0.13577859687728158,  -2.50826179510019766E-2,  -7.59017356443203034E-2
 ii= 2668 error= 0.2012167664508869,  3.76044435507821781E-2,  0.11379017714948599
 ii= 2669 error= 0.19151371887646026,  -3.66952981080651899E-2,  -0.11084825841595261
 ii= 2670 error= 0.14016886013727825,  2.67784840870464065E-2,  8.09421457078383921E-2
 ii= 2671 error= 0.15133776071101884,  -2.85008159052302992E-2,  -8.62114900211423119E-2
 ii= 2672 error= 0.22230683382317848,  4.1840275363870208E-2,  0.12662778507484168
 ii= 2673 error= 0.20001452900077279,  -3.8639807707997631E-2,  -0.11667404715404088
 ii= 2674 error= 0.11557204749113337,  2.14566505485578041E-2,  6.48122663104614138E-2
 ii= 2675 error= 0.12566857871594586,  -2.28494792505739008E-2,  -6.91570465192860445E-2
 ii= 2676 error= 0.17954118502037311,  3.32544668281796602E-2,  0.10060743567096606
 ii= 2677 error= 0.18116839048626268,  -3.43705063085563214E-2,  -0.10386968254674572
 ii= 2678 error= 0.16528383404112146,  3.16103624037043507E-2,  9.55915850950464635E-2
 ii= 2679 error= 0.17075003264220154,  -3.24894265086874481E-2,  -9.82252399211124005E-2
 ii= 2680 error= 0.20917931252873312,  3.97774752919410196E-2,  0.12036172550086659
 ii= 2681 error= 0.19455915016869116,  -3.75706749728214051E-2,  -0.11348105740412041
 ii= 2682 error= 0.13728888589562582,  2.61150143189152403E-2,  7.89296334170150743E-2
 ii= 2683 error= 0.14944075998154038,  -2.80511993702505617E-2,  -8.48593346650304559E-2
 ii= 2684 error= 0.22183927406283518,  4.17634905992771213E-2,  0.12639393614888272
 ii= 2685 error= 0.19993409315943483,  -3.8629442051560943E-2,  -0.11664474392804847
 ii= 2686 error= 0.11588024201512072,  2.15093320510114025E-2,  6.49706365730885749E-2
 ii= 2687 error= 0.12595356885507658,  -2.28994614042162085E-2,  -6.93090074521980348E-2
 ii= 2688 error= 0.18045725482502106,  3.34476024834997332E-2,  0.1011922434654641
 ii= 2689 error= 0.18166837105140587,  -3.44882589091161859E-2,  -0.10422407223899234
 ii= 2690 error= 0.16442384994108286,  3.14539136958126575E-2,  9.51167075178341176E-2
 ii= 2691 error= 0.17019763677078917,  -3.23798267484228103E-2,  -9.78960441944223825E-2
 ii= 2692 error= 0.21060666941273087,  4.0038562856359268E-2,  0.12115339842081374
 ii= 2693 error= 0.19519704525458295,  -3.77081161169808138E-2,  -0.11389303440178143
 ii= 2694 error= 0.1355867370283898,  2.5779467516766838E-2,  7.79125013310802417E-2
 ii= 2695 error= 0.14792951562038253,  -2.77427516022117834E-2,  -8.39293371011000378E-2
 ii= 2696 error= 0.22066179845178982,  4.15125200216027862E-2,  0.12563344669209583
 ii= 2697 error= 0.19950760350720922,  -3.85265290541408414E-2,  -0.11633662613097982
 ii= 2698 error= 0.11714954712598077,  2.1806098543215021E-2,  6.5869899768584747E-2
 ii= 2699 error= 0.12746944155838494,  -2.32518367556850056E-2,  -7.0373146011325563E-2
 ii= 2700 error= 0.18365976662387146,  3.40901359391680633E-2,  0.10313927865679411
 ii= 2701 error= 0.1832923642450055,  -3.48500245009409695E-2,  -0.10531070015397488
 ii= 2702 error= 0.16040821501516109,  3.06936021663413855E-2,  9.28109803871442068E-2
 ii= 2703 error= 0.16737320774534822,  -3.17981740899873702E-2,  -9.61456761693064155E-2
 ii= 2704 error= 0.21532879219225456,  4.08678837871675957E-2,  0.12366969729134487
 ii= 2705 error= 0.19716186604609021,  -3.81186269190384314E-2,  -0.11512107541816062
 ii= 2706 error= 0.12830906627710362,  2.42381608303251402E-2,  7.32408208235534319E-2
 ii= 2707 error= 0.14048605915891171,  -2.61271680223910154E-2,  -7.905462595568713E-2
 ii= 2708 error= 0.20966029939832823,  3.92929703360947388E-2,  0.11890704606098264
 ii= 2709 error= 0.19509570738408083,  -3.75097453343302203E-2,  -0.11328996695512397
 ii= 2710 error= 0.13137014018975579,  2.5008022597175418E-2,  7.5576050035328371E-2
 ii= 2711 error= 0.14339014068641637,  -2.68518198250240654E-2,  -8.12383533788920698E-2
 ii= 2712 error= 0.21404853079595074,  4.01299104752954813E-2,  0.12144459729513833
 ii= 2713 error= 0.19686321422133327,  -3.78965902119009559E-2,  -0.1144477892627607
 ii= 2714 error= 0.12557735677687959,  2.3759599667100801E-2,  7.17923647278185251E-2
 ii= 2715 error= 0.13732021065597436,  -2.55246940896259322E-2,  -7.72332284352335863E-2
 ii= 2716 error= 0.20324008150718439,  3.79743968153799932E-2,  0.11491156373255305
 ii= 2717 error= 0.19235766223402054,  -3.68711274666697064E-2,  -0.11137429234653638
 ii= 2718 error= 0.13717638666921858,  2.61701033484586197E-2,  7.90978231615024757E-2
 ii= 2719 error= 0.14857469957658606,  -2.79167919546298889E-2,  -8.44499230335139378E-2
 ii= 2720 error= 0.21937462205957847,  4.12280444763565707E-2,  0.12477216568141804
 ii= 2721 error= 0.19882524087105577,  -3.83594657623056168E-2,  -0.11583353892960173
 ii= 2722 error= 0.11913353837538007,  2.22894336468590464E-2,  6.73364723761873812E-2
 ii= 2723 error= 0.12997051214116337,  -2.38491221143109187E-2,  -7.21749437846987835E-2
 ii= 2724 error= 0.18798987646099954,  3.4943299390704563E-2,  0.10572489890300069
 ii= 2725 error= 0.18533848916491538,  -3.52968884611532738E-2,  -0.10665112619986679
 ii= 2726 error= 0.15431304805626789,  2.95084912341168036E-2,  8.92176736641782792E-2
 ii= 2727 error= 0.16275351567956739,  -3.08294922635351971E-2,  -9.32281295104922941E-2
 ii= 2728 error= 0.21967565366229494,  4.15804385096702547E-2,  0.1258330556924572
 ii= 2729 error= 0.19880440068806046,  -3.84465227970248874E-2,  -0.11609908369148222
 ii= 2730 error= 0.12130132653709678,  2.27115092230495662E-2,  6.86144915360520219E-2
 ii= 2731 error= 0.13263990672512041,  -2.43943114958221664E-2,  -7.3822700509788064E-2
 ii= 2732 error= 0.19396331996369839,  3.61530518267445047E-2,  0.10939076639939717
 ii= 2733 error= 0.18815385642502883,  -3.5936367825314619E-2,  -0.1085707618426342
 ii= 2734 error= 0.14759967263548943,  2.82121561865311989E-2,  8.5287406409107272E-2
 ii= 2735 error= 0.15747931477152288,  -2.97450238965459336E-2,  -8.99613301615645455E-2
 ii= 2736 error= 0.2225944250562561,  4.20197090988552874E-2,  0.12716798079912706
 ii= 2737 error= 0.19996908441511616,  -3.86705855328155837E-2,  -0.11676738113344964
 ii= 2738 error= 0.11634283203947245,  2.16034673061297651E-2,  6.52566719284386199E-2
 ii= 2739 error= 0.12668113234578277,  -2.30567426791202131E-2,  -6.97833463276671395E-2
 ii= 2740 error= 0.18125392265171381,  3.36078651731174238E-2,  0.10167747429911891
 ii= 2741 error= 0.18199074611436972,  -3.45576907819517207E-2,  -0.10443179989102033
 ii= 2742 error= 0.16280629830092139,  3.11262141105648968E-2,  9.41227674287014593E-2
 ii= 2743 error= 0.16899958051509403,  -3.21157435261384752E-2,  -9.71007071728108434E-2
 ii= 2744 error= 0.21182311523690242,  4.02408166309779908E-2,  0.12176702057403342
 ii= 2745 error= 0.19561932438277507,  -3.77925003282517935E-2,  -0.11414428940267932
 ii= 2746 error= 0.13355757576070401,  2.53559944823829736E-2,  7.66290442700802571E-2
 ii= 2747 error= 0.14591766008496262,  -2.73097458425854041E-2,  -8.26225130703441002E-2
 ii= 2748 error= 0.2176093600297295,  4.08913424797364977E-2,  0.12375060843543782
 ii= 2749 error= 0.19824997947257939,  -3.82351573814504464E-2,  -0.11546305261813593
 ii= 2750 error= 0.12111476169917675,  2.27243777104761575E-2,  6.86534936834822113E-2
 ii= 2751 error= 0.13220323050117336,  -2.43444219478421743E-2,  -7.36713037815594773E-2
 ii= 2752 error= 0.19298283994708812,  3.59493873850957393E-2,  0.1087735386647964
 ii= 2753 error= 0.18774523252356254,  -3.58423632034585021E-2,  -0.10828899725775984
 ii= 2754 error= 0.14871460456841623,  2.84348406460502023E-2,  8.59622029268205384E-2
 ii= 2755 error= 0.15840978197599218,  -2.99416380545745875E-2,  -9.05541027911612728E-2
 ii= 2756 error= 0.22265198528199626,  4.20523249463970461E-2,  0.12726610931775945
 ii= 2757 error= 0.20000563107577657,  -3.86859957675666846E-2,  -0.11681423149636465
 ii= 2758 error= 0.11633916344471107,  2.15935046720316208E-2,  6.52260052227813247E-2
 ii= 2759 error= 0.12666043313864869,  -2.30441260926997731E-2,  -6.97456695385992587E-2
 ii= 2760 error= 0.18131848606180387,  3.36245452819379717E-2,  0.10172778480948037
 ii= 2761 error= 0.18203214582376878,  -3.45693741648579744E-2,  -0.10446715935002301
 ii= 2762 error= 0.16282919042574628,  3.11323985310646249E-2,  9.41413048655527773E-2
 ii= 2763 error= 0.16902986488328939,  -3.21233829121909051E-2,  -9.71239314895201156E-2
 ii= 2764 error= 0.21191184584798103,  4.02598135995830483E-2,  0.1218244157119794
 ii= 2765 error= 0.19566709810863114,  -3.78040787515621785E-2,  -0.11417920479628225
 ii= 2766 error= 0.1335043731671344,  2.53464719582205296E-2,  7.66000215162094683E-2
 ii= 2767 error= 0.14588512638887274,  -2.73044678121421268E-2,  -8.26067728436709059E-2
 ii= 2768 error= 0.21765355688316962,  4.09005555869121767E-2,  0.12377838622673802
 ii= 2769 error= 0.19827602800668365,  -3.82415114615593174E-2,  -0.11548225044091262
 ii= 2770 error= 0.12101651329738967,  2.27002463452563585E-2,  6.85801552100332168E-2
 ii= 2771 error= 0.13207931545921114,  -2.43148100666340794E-2,  -7.35820520736517603E-2
 ii= 2772 error= 0.19274973867950315,  3.59043554353190089E-2,  0.10863692384603098
 ii= 2773 error= 0.1876403415683687,  -3.58197296676193641E-2,  -0.10822120678598837
 ii= 2774 error= 0.14901661437709018,  2.84939885173531027E-2,  8.61413924360220074E-2
 ii= 2775 error= 0.15865941509014139,  -2.99935180209258169E-2,  -9.07105301282315618E-2
 ii= 2776 error= 0.22262496324521663,  4.20533394996915541E-2,  0.12726892431251396
 ii= 2777 error= 0.19999818360279906,  -3.86863848353227596E-2,  -0.11681561031920702
 ii= 2778 error= 0.11640042514898088,  2.16052641742452527E-2,  6.52614856699881424E-2
 ii= 2779 error= 0.12673192117186671,  -2.30585005254057215E-2,  -6.97892092003587067E-2
 ii= 2780 error= 0.18149600083555867,  3.36612490158091221E-2,  0.10183890861754499
 ii= 2781 error= 0.18212499866495335,  -3.45907194177424437E-2,  -0.10453135842745684
 ii= 2782 error= 0.1626334729776068,  3.10958754833007694E-2,  9.4030453812455228E-2
 ii= 2783 error= 0.16889671100457379,  -3.20963097917901646E-2,  -9.70425380210457739E-2
 ii= 2784 error= 0.21217535384594505,  4.03071327842065424E-2,  0.12196788810089255
 ii= 2785 error= 0.19578081126658314,  -3.78283027425155016E-2,  -0.11425176544613282
 ii= 2786 error= 0.13318689515856028,  2.52831484437647559E-2,  7.64080669610516378E-2
 ii= 2787 error= 0.14559169375130318,  -2.72441541536561013E-2,  -8.24248658087011199E-2
 ii= 2788 error= 0.21731486757602753,  4.08309579302073497E-2,  0.12356741695954125
 ii= 2789 error= 0.19814765898036674,  -3.82113982240283381E-2,  -0.11539208310860183
 ii= 2790 error= 0.12142970702784656,  2.27949136927114333E-2,  6.88670365971142812E-2
 ii= 2791 error= 0.13255812184499849,  -2.44243258138267874E-2,  -7.39126923197857139E-2
 ii= 2792 error= 0.1937282738225958,  3.6099236214295935E-2,  0.10922748441066318
 ii= 2793 error= 0.18809623616446991,  -3.59218512368882567E-2,  -0.10852765961501736
 ii= 2794 error= 0.14787354390517693,  2.82719742094170411E-2,  8.54682785491450853E-2
 ii= 2795 error= 0.15773564348357752,  -2.98032995506942351E-2,  -9.01373977787850583E-2
 ii= 2796 error= 0.22285894786622384,  4.20779409891139794E-2,  0.12734396872851658
 ii= 2797 error= 0.20009128140131335,  -3.87011080287179288E-2,  -0.11685927990490785
 ii= 2798 error= 0.11593214782485556,  2.15016559075480486E-2,  6.4947530916768581E-2
 ii= 2799 error= 0.12615424702858405,  -2.29297246633810396E-2,  -6.94002173639721165E-2
 ii= 2800 error= 0.18019823037012953,  3.34001373917807709E-2,  0.10104757526744394
 ii= 2801 error= 0.18146225169372177,  -3.44427756524175385E-2,  -0.10408698150039333
 ii= 2802 error= 0.16422072864903703,  3.13951755627133178E-2,  9.49380112069732607E-2
 ii= 2803 error= 0.17000277216287152,  -3.2323539683434821E-2,  -9.77263289805002516E-2
 ii= 2804 error= 0.21021948112454275,  3.99624290130648693E-2,  0.12092191959999386
 ii= 2805 error= 0.194951889522232,  -3.76550441779216066E-2,  -0.11373335155390628
 ii= 2806 error= 0.13566765013627469,  2.57783461209304503E-2,  7.79085304351893604E-2
 ii= 2807 error= 0.14790015151621502,  -2.77207466847841401E-2,  -8.38627130116925412E-2
 ii= 2808 error= 0.21989659046644691,  4.13672152995434583E-2,  0.1251921789069689
 ii= 2809 error= 0.19913866030777846,  -3.84464008331222573E-2,  -0.11609624622524779
 ii= 2810 error= 0.11825090639360046,  2.20575264777769856E-2,  6.66317383626999771E-2
 ii= 2811 error= 0.12881047333785242,  -2.35594169987444792E-2,  -7.13017362340984118E-2
 ii= 2812 error= 0.18599973023775174,  3.45616775107773777E-2,  0.1045675437650897
 ii= 2813 error= 0.18441564352571066,  -3.51015273260030652E-2,  -0.10606572278209868
 ii= 2814 error= 0.15719739724705781,  3.00697175722207388E-2,  9.09186068936205655E-2
 ii= 2815 error= 0.16499875940925907,  -3.12993143361021409E-2,  -9.46438091212779692E-2
 ii= 2816 error= 0.21805482665360376,  4.13314686905241827E-2,  0.12507612741276145
 ii= 2817 error= 0.19821136882040946,  -3.8335111123885178E-2,  -0.11576764792956777
 ii= 2818 error= 0.1238396233871632,  2.32580933977462358E-2,  7.02700127582392559E-2
 ii= 2819 error= 0.13551888376401444,  -2.50245927872180217E-2,  -7.57264541895054794E-2
 ii= 2820 error= 0.20000410889740536,  3.73679763274007357E-2,  0.11307225055637404
 ii= 2821 error= 0.19091656281500752,  -3.65640329480006118E-2,  -0.11045437917399219
 ii= 2822 error= 0.14110505472863213,  2.69444349741663827E-2,  8.14441115087735507E-2
 ii= 2823 error= 0.15207719621707158,  -2.86369869186274342E-2,  -8.66221166154395039E-2
 ii= 2824 error= 0.22200874168376927,  4.18022472226781336E-2,  0.12651094180243805
 ii= 2825 error= 0.19981571773806975,  -3.86047059223821321E-2,  -0.11656887329045733
 ii= 2826 error= 0.11611423790266696,  2.15708723770472177E-2,  6.51577939516180954E-2
 ii= 2827 error= 0.12633013564799497,  -2.29946341816106188E-2,  -6.95955444514547161E-2
 ii= 2828 error= 0.18036998920753314,  3.34290496121367117E-2,  0.1011353245057687
 ii= 2829 error= 0.18155541996534985,  -3.44603151394774071E-2,  -0.10413952156668438
 ii= 2830 error= 0.16388438979425235,  3.13313021833957414E-2,  9.47443470196147053E-2
 ii= 2831 error= 0.16976266733610521,  -3.2273665833685572E-2,  -9.7576163450066547E-2
 ii= 2832 error= 0.21058925393813566,  4.00261127583216234E-2,  0.1211151829042951
 ii= 2833 error= 0.19510404148806595,  -3.7686133629524006E-2,  -0.11382627204100673
 ii= 2834 error= 0.13515440394207726,  2.56752193159605346E-2,  7.75960375989132728E-2
 ii= 2835 error= 0.14741782365972986,  -2.76201269936022439E-2,  -8.35591186330708474E-2
 ii= 2836 error= 0.21934329028613639,  4.1252007280950076E-2,  0.12484309730916812
 ii= 2837 error= 0.19892233789131297,  -3.83949522223480319E-2,  -0.11594202963373619
 ii= 2838 error= 0.11893942374174435,  2.22187186696451051E-2,  6.71203808968167531E-2
 ii= 2839 error= 0.12963664165791269,  -2.37512627126029545E-2,  -7.18808797785702863E-2
 ii= 2840 error= 0.18769374336135308,  3.4898980843082586E-2,  0.10558977203135643
 ii= 2841 error= 0.18523876189037999,  -3.52843766165550285E-2,  -0.1066145908910551
 ii= 2842 error= 0.1550879804590278,  2.96651877264473007E-2,  8.96920526933269735E-2
 ii= 2843 error= 0.16341091026760141,  -3.09717531745742417E-2,  -9.36573947683681934E-2
 ii= 2844 error= 0.2196776185226596,  4.16020023097179448E-2,  0.12589740137363287
 ii= 2845 error= 0.19885017742244993,  -3.84647936859517925E-2,  -0.11615492424536941
 ii= 2846 error= 0.12124459219218651,  2.26842727081821363E-2,  6.85309887407758306E-2
 ii= 2847 error= 0.13252864254191402,  -2.43573832003946625E-2,  -7.37119793097580495E-2
 ii= 2848 error= 0.19392634642342696,  3.61538024673493039E-2,  0.10939249686561177
 ii= 2849 error= 0.18815957205070222,  -3.59426953591845816E-2,  -0.10859034392333898
 ii= 2850 error= 0.14784567361286924,  2.82638257998588972E-2,  8.54435696219191798E-2
 ii= 2851 error= 0.15771843894864315,  -2.97979239298802184E-2,  -9.01212228726749609E-2
 ii= 2852 error= 0.22284792068970455,  4.20766015122565132E-2,  0.12733989211273125
 ii= 2853 error= 0.20008987853303586,  -3.87009934368101327E-2,  -0.11685896091035791
 ii= 2854 error= 0.11595525136767335,  2.15070764896746064E-2,  6.49639486152233381E-2
 ii= 2855 error= 0.12618326404361355,  -2.29364696535138204E-2,  -6.94205929383054643E-2
 ii= 2856 error= 0.1802917337772382,  3.34190525518245005E-2,  0.10110490355112217
 ii= 2857 error= 0.18151438379504248,  -3.44545482594768998E-2,  -0.10412235483093532
 ii= 2858 error= 0.16413154817713704,  3.13794208419268666E-2,  9.48902279802661258E-2
 ii= 2859 error= 0.16994554990366353,  -3.23126227435427474E-2,  -9.76934954877496792E-2
 ii= 2860 error= 0.21037323731291488,  3.99904497642415493E-2,  0.12100691189971478
 ii= 2861 error= 0.19502292731930843,  -3.7670273821678299E-2,  -0.11377897770075213
 ii= 2862 error= 0.13549552637487425,  2.57449857646441099E-2,  7.7807429311585935E-2
 ii= 2863 error= 0.14774954280843161,  -2.76905720386747996E-2,  -8.37717097298931318E-2
 ii= 2864 error= 0.21978917184005919,  4.1344135940295304E-2,  0.12512225659652221
 ii= 2865 error= 0.19910326323952335,  -3.84376753231601351E-2,  -0.11607012089521332
 ii= 2866 error= 0.11836190203218792,  2.20834555656763236E-2,  6.67103020798869711E-2
 ii= 2867 error= 0.12894112034288177,  -2.35896801732822722E-2,  -7.13931185110913274E-2
 ii= 2868 error= 0.18629296959565225,  3.46203359018418672E-2,  0.10474530097642756
 ii= 2869 error= 0.18456231745164578,  -3.51342869526871798E-2,  -0.10616409057552033
 ii= 2870 error= 0.1568518927644017,  3.00043188924285185E-2,  9.0720292954705406E-2
 ii= 2871 error= 0.1647448004563738,  -3.12475287361056141E-2,  -9.44878968603689723E-2
 ii= 2872 error= 0.21837226080879302,  4.13858368331244675E-2,  0.12524111752407935
 ii= 2873 error= 0.19834099831174376,  -3.83619169020270392E-2,  -0.11584777790637617
 ii= 2874 error= 0.1233284833898079,  2.3144913255491107E-2,  6.99269572951164847E-2
 ii= 2875 error= 0.13493480494894738,  -2.48940425543574886E-2,  -7.53323493266351146E-2
 ii= 2876 error= 0.19885966548432529,  3.71397348788474746E-2,  0.11238050267349595
 ii= 2877 error= 0.19040903426358163,  -3.644956935734079E-2,  -0.11011107674949712
 ii= 2878 error= 0.14235978474963179,  2.71921442954640401E-2,  8.2194924089618468E-2
 ii= 2879 error= 0.15315685032295542,  -2.88597952826517602E-2,  -8.72938265996570373E-2
 ii= 2880 error= 0.22249783742730539,  4.19163975436113029E-2,  0.12685651171056939
 ii= 2881 error= 0.19999451289995129,  -3.86510374263223655E-2,  -0.1167078601957916
 ii= 2882 error= 0.11564510815963903,  2.14572515459454279E-2,  6.48133337416213068E-2
 ii= 2883 error= 0.12576569718293112,  -2.2860035782676924E-2,  -6.9189216491854888E-2
 ii= 2884 error= 0.17921169669045817,  3.31977683636314816E-2,  0.10043439896704001
 ii= 2885 error= 0.18096093487488651,  -3.43288485189647274E-2,  -0.10374466176455284
 ii= 2886 error= 0.16537802679743843,  3.1613617136135648E-2,  9.56004441522322473E-2
 ii= 2887 error= 0.17079697675257363,  -3.24872361854889602E-2,  -9.82188136281673257E-2
 ii= 2888 error= 0.20871971433355671,  3.96962518404199022E-2,  0.12011431013572924
 ii= 2889 error= 0.19430804173407509,  -3.75199680635682625E-2,  -0.11332904165961355
 ii= 2890 error= 0.1376075129080469,  2.61639522430066294E-2,  7.90770281052183832E-2
 ii= 2891 error= 0.14966902504904817,  -2.80859172439067162E-2,  -8.49641953955535406E-2
 ii= 2892 error= 0.22150540329906604,  4.1708361887218097E-2,  0.12622561864727253
 ii= 2893 error= 0.1997505252525226,  -3.85937356888186867E-2,  -0.11653780592349496
 ii= 2894 error= 0.11636737094220333,  2.16144008763273568E-2,  6.52884443736051617E-2
 ii= 2895 error= 0.12654242938987359,  -2.30303585852447285E-2,  -6.97044822543462506E-2
 ii= 2896 error= 0.18128197571763324,  3.36197764327572646E-2,  0.10171298594450826
 ii= 2897 error= 0.18206442822420385,  -3.45794796418819259E-2,  -0.10449820251495184
 ii= 2898 error= 0.16313839600116581,  3.12005152096267238E-2,  9.4347401094174832E-2
 ii= 2899 error= 0.16929267584170465,  -3.21846588524974248E-2,  -9.7308949519691032E-2
 ii= 2900 error= 0.21195039310455904,  4.0275917262693646E-2,  0.12187271340542191
 ii= 2901 error= 0.19572534302347738,  -3.78201012708024517E-2,  -0.11422796123654011
 ii= 2902 error= 0.13366223196819213,  2.53841500330739683E-2,  7.67138323708157488E-2
 ii= 2903 error= 0.14609613693659265,  -2.73544023954333977E-2,  -8.27579243065311027E-2
 ii= 2904 error= 0.21823260047401413,  4.10178462515337974E-2,  0.12413355947265969
 ii= 2905 error= 0.19853574542876781,  -3.83016900416308023E-2,  -0.11566300376099768
 ii= 2906 error= 0.12016426132145884,  2.25015582207357435E-2,  6.79774236090663064E-2
 ii= 2907 error= 0.13106000436272036,  -2.40784738279947973E-2,  -7.28689756863685062E-2
 ii= 2908 error= 0.19078841027740037,  3.55164399564710451E-2,  0.10746101023021344
 ii= 2909 error= 0.18673576224828148,  -3.5619011068649245E-2,  -0.10761922709382062
 ii= 2910 error= 0.1514554568909581,  2.89697593573594175E-2,  8.7583525588071337E-2
 ii= 2911 error= 0.16062165568353831,  -3.04004836180628742E-2,  -9.19369117609578762E-2
 ii= 2912 error= 0.22194892951068501,  4.19695848349727549E-2,  0.12701360234261691
 ii= 2913 error= 0.19975308566120245,  -3.86453386064469218E-2,  -0.11669403942755936
 ii= 2914 error= 0.11759521115520881,  2.18683312130325859E-2,  6.60582194638509868E-2
 ii= 2915 error= 0.12818318428591138,  -2.33804824252020621E-2,  -7.07620752593595831E-2
 ii= 2916 error= 0.18480188170391518,  3.43270169989682711E-2,  0.10385629720651117
 ii= 2917 error= 0.18379642631717003,  -3.49650420078678539E-2,  -0.1056557851748979
 ii= 2918 error= 0.15869072414113855,  3.03513125109602204E-2,  9.17725232983152978E-2
 ii= 2919 error= 0.16608714320958193,  -3.15208908300761217E-2,  -9.53107755992039646E-2
 ii= 2920 error= 0.21655824940873963,  4.10726897186314208E-2,  0.12429081555310842
 ii= 2921 error= 0.19760339430352653,  -3.82083398200292468E-2,  -0.11538858876950352
 ii= 2922 error= 0.12627910614437385,  2.37977397625136755E-2,  7.1905703772660895E-2
 ii= 2923 error= 0.13827521116715191,  -2.56401665784180104E-2,  -7.75845655878025786E-2
 ii= 2924 error= 0.20529084212387486,  3.84214818759482796E-2,  0.11626512827164018
 ii= 2925 error= 0.19321938675501688,  -3.70842066665079892E-2,  -0.11201413859139565
 ii= 2926 error= 0.13552286748194739,  2.58349595309025383E-2,  7.80814659965533286E-2
 ii= 2927 error= 0.14714563873697711,  -2.76196194858672785E-2,  -8.35543067852755478E-2
 ii= 2928 error= 0.21818317503594886,  4.09831651277247147E-2,  0.12402958079010949
 ii= 2929 error= 0.19839974463592949,  -3.82606348832874379E-2,  -0.11553796615753946
 ii= 2930 error= 0.12043203237307191,  2.25833130728943683E-2,  6.82265518888181682E-2
 ii= 2931 error= 0.13146008313363874,  -2.41873038478118314E-2,  -7.31963219653598146E-2
 ii= 2932 error= 0.19112124428440663,  3.5572377605432158E-2,  0.10763088565514077
 ii= 2933 error= 0.18684832178391378,  -3.56374342466776045E-2,  -0.10767361665882448
 ii= 2934 error= 0.15064034356023118,  2.88021680627791599E-2,  8.70757187719675141E-2
 ii= 2935 error= 0.15991481134775265,  -3.0246162477169089E-2,  -9.14713591399436005E-2
 ii= 2936 error= 0.22174306224223758,  4.1911477013874078E-2,  0.12683799679777619
 ii= 2937 error= 0.19962472111187524,  -3.86108135164070082E-2,  -0.11658964948633753
 ii= 2938 error= 0.11787769161087389,  2.19426340058807602E-2,  6.62839849670612685E-2
 ii= 2939 error= 0.12855466836320764,  -2.34740637436456345E-2,  -7.10440419978754789E-2
 ii= 2940 error= 0.18527683794774677,  3.44183950010688439E-2,  0.10413330127218465
 ii= 2941 error= 0.18400543585832188,  -3.50088704315579605E-2,  -0.10578693579367532
 ii= 2942 error= 0.15785906518504134,  3.01858395637079821E-2,  9.12708768622851468E-2
 ii= 2943 error= 0.16544450846563363,  -3.13829017174003036E-2,  -9.48949812661911696E-2
 ii= 2944 error= 0.21702602422715331,  4.11450731393441238E-2,  0.12451072067487468
 ii= 2945 error= 0.19775954672620605,  -3.82377354942680936E-2,  -0.11547582936865851
 ii= 2946 error= 0.12553155546925915,  2.36384829319032583E-2,  7.1423274952519572E-2
 ii= 2947 error= 0.13745949790253026,  -2.54630499362343277E-2,  -7.70496148599555258E-2
 ii= 2948 error= 0.20357507429312161,  3.80770273431875958E-2,  0.11522117646799508
 ii= 2949 error= 0.19246282800716957,  -3.69116623966785143E-2,  -0.11149651392087812
 ii= 2950 error= 0.13716411501721998,  2.61584979780902192E-2,  7.90620008981175598E-2
 ii= 2951 error= 0.14858975345440328,  -2.79136524360771264E-2,  -8.44408731624744779E-2
 ii= 2952 error= 0.2193564238171489,  4.12316033545906957E-2,  0.12478222081407189
 ii= 2953 error= 0.19881442589589632,  -3.83611753004411277E-2,  -0.1158389151385157
 ii= 2954 error= 0.11911167734003963,  2.22769232748219054E-2,  6.7297962161587177E-2
 ii= 2955 error= 0.12992218341736125,  -2.3832755368277142E-2,  -7.21258233994940545E-2
 ii= 2956 error= 0.18778430498912743,  3.49082443087315938E-2,  0.10561804083120697
 ii= 2957 error= 0.18523924795810562,  -3.5278374282501683E-2,  -0.10659578063959073
 ii= 2958 error= 0.1545565463618401,  2.95527303906348189E-2,  8.93512522544152588E-2
 ii= 2959 error= 0.16294924189566506,  -3.08678109656944782E-2,  -9.33437838724149871E-2
 ii= 2960 error= 0.2195270613064888,  4.1560132867178301E-2,  0.12577077042819956
 ii= 2961 error= 0.1987411356723581,  -3.84363976433338278E-2,  -0.11606902637840341
 ii= 2962 error= 0.12149048100091195,  2.27480549228975676E-2,  6.87247318740591001E-2
 ii= 2963 error= 0.132847158364678,  -2.44366583150536394E-2,  -7.39508086224270333E-2
 ii= 2964 error= 0.19428607193227992,  3.62221209688763715E-2,  0.10959951551418894
 ii= 2965 error= 0.18830043602117019,  -3.59720075768360931E-2,  -0.10867788687719525
 ii= 2966 error= 0.14721128295341315,  2.81338832521273417E-2,  8.50496247687947543E-2
 ii= 2967 error= 0.1571663247214789,  -2.96784211984551481E-2,  -8.97608425592817116E-2
 ii= 2968 error= 0.22260712352151676,  4.20181288582209753E-2,  0.12716280952824174
 ii= 2969 error= 0.19996938667034014,  -3.86705558547501965E-2,  -0.11676728110562348
 ii= 2970 error= 0.11623893739173317,  2.15770889479362273E-2,  6.51763228479820406E-2
 ii= 2971 error= 0.12654204614627051,  -2.30233336876886838E-2,  -6.96826191294685759E-2
 ii= 2972 error= 0.18083123940648291,  3.35263446552329855E-2,  0.10142992254573581
 ii= 2973 error= 0.18177416923548748,  -3.4511215944026459E-2,  -0.10429236945198671
 ii= 2974 error= 0.16328393683040854,  3.12141303969095396E-2,  9.43888976459303919E-2
 ii= 2975 error= 0.16933858438473648,  -3.21833870710862072E-2,  -9.73044492063502575E-2
 ii= 2976 error= 0.2112214371936624,  4.01368022285399639E-2,  0.12145091695158057
 ii= 2977 error= 0.19535983956275002,  -3.77395706784615786E-2,  -0.11398602627279336
 ii= 2978 error= 0.13428117276828724,  2.5497948197500165E-2,  7.70587538461395133E-2
 ii= 2979 error= 0.14659100007894899,  -2.74466027952447907E-2,  -8.30355868420693255E-2
 ii= 2980 error= 0.21831337805133594,  4.10402805233461773E-2,  0.12420138363093178
 ii= 2981 error= 0.19851465528813741,  -3.82995498585012306E-2,  -0.11565611021035027
 ii= 2982 error= 0.12022599278141256,  2.25163544888906941E-2,  6.80225255415575075E-2
 ii= 2983 error= 0.13116016756590368,  -2.41023738107979425E-2,  -7.2940819096057749E-2
 ii= 2984 error= 0.1907556464292362,  3.5509250443579915E-2,  0.10743913836030937
 ii= 2985 error= 0.18669767340770543,  -3.56098443032856482E-2,  -0.10759141085581557
 ii= 2986 error= 0.15132398534883051,  2.89382579179110616E-2,  8.74879758013287073E-2
 ii= 2987 error= 0.16049334422442685,  -3.03689584949326068E-2,  -9.18417316258136746E-2
 ii= 2988 error= 0.2217584822493853,  4.19305568118794256E-2,  0.12689523184392998
 ii= 2989 error= 0.1996529776321872,  -3.86228045980762866E-2,  -0.11662624122348712
 ii= 2990 error= 0.11786861877876295,  2.19319434469516655E-2,  6.6251103664458022E-2
 ii= 2991 error= 0.12851996342570535,  -2.34589028166329421E-2,  -7.09986870077568971E-2
 ii= 2992 error= 0.18532905933151014,  3.443286396096161E-2,  0.10417693132905857
 ii= 2993 error= 0.184042688817915,  -3.50198893657848107E-2,  -0.10582031764027046
 ii= 2994 error= 0.15791742242885068,  3.01993668152815246E-2,  9.13116944874918512E-2
 ii= 2995 error= 0.16550543858147657,  -3.13974468050070218E-2,  -9.49390217562464667E-2
 ii= 2996 error= 0.21712439012432386,  4.11667665278320077E-2,  0.12457629233548576
 ii= 2997 error= 0.19781216485911812,  -3.82507376106907757E-2,  -0.11551503136891475
 ii= 2998 error= 0.12535077815129231,  2.35948375165665782E-2,  7.12907349943433244E-2
 ii= 2999 error= 0.13724369739228795,  -2.54119636178613724E-2,  -7.6895622621604709E-2
 ii= 3000 error= 0.20321172647005156,  3.80068453148363142E-2,  0.1150083333315165
 ii= 3001 error= 0.19231148289800157,  -3.68787352185119821E-2,  -0.11139796088258906
 ii= 3002 error= 0.13759588939762846,  2.62454635990983856E-2,  7.93254595837748211E-2
 ii= 3003 error= 0.14898601463433717,  -2.79965109235070092E-2,  -8.46908774361031236E-2
 ii= 3004 error= 0.21977010960859866,  4.13185495395431077E-2,  0.12504556290380847
 ii= 3005 error= 0.19897637571080701,  -3.84000319382781022E-2,  -0.11595543791561951
 ii= 3006 error= 0.11859646580625821,  2.21558629586249382E-2,  6.69308868289416464E-2
 ii= 3007 error= 0.12930480959220966,  -2.36891273858024394E-2,  -7.1692304469025428E-2
 ii= 3008 error= 0.18651453139012655,  3.46561992303972763E-2,  0.10485409728035147
 ii= 3009 error= 0.18462494089748413,  -3.51421980815204427E-2,  -0.10618707740810382
 ii= 3010 error= 0.15613496996854431,  2.98558105018926247E-2,  9.02701064404771714E-2
 ii= 3011 error= 0.16415033481038221,  -3.11156205842833579E-2,  -9.40901421768690488E-2
 ii= 3012 error= 0.21841615720211469,  4.13778650825455466E-2,  0.12521728343339988
 ii= 3013 error= 0.19830522584237692,  -3.83488755769602757E-2,  -0.11580776627079582
 ii= 3014 error= 0.12327408477986838,  2.31418625201374913E-2,  6.99181012228269061E-2
 ii= 3015 error= 0.134905426729275,  -2.4895201084866151E-2,  -7.53353446574402397E-2
 ii= 3016 error= 0.19849677316444861,  3.70637514893925116E-2,  0.11215012815504886
 ii= 3017 error= 0.19021910541728315,  -3.64045620646502241E-2,  -0.10997566534368444
 ii= 3018 error= 0.14253392369348256,  2.7219504795407648E-2,  8.22777734713242975E-2
 ii= 3019 error= 0.1532652998964841,  -2.88757602089571262E-2,  -8.73417063440082436E-2
 ii= 3020 error= 0.22219419609591279,  4.18599801153686987E-2,  0.12668524703471409
 ii= 3021 error= 0.19984440456987612,  -3.86183840719848334E-2,  -0.11660982111839843
 ii= 3022 error= 0.11611779647082,  2.15673847047860544E-2,  6.51471889935416326E-2
 ii= 3023 error= 0.12636015594388725,  -2.29979974157249883E-2,  -6.96056657760077968E-2
 ii= 3024 error= 0.1802752879767941,  3.34112635099564417E-2,  0.1010811903905999
 ii= 3025 error= 0.1814917194763648,  -3.44462898299019993E-2,  -0.10409728356283708
 ii= 3026 error= 0.1638801318170926,  3.13258084485831048E-2,  9.47275136869197149E-2
 ii= 3027 error= 0.1697483059585671,  -3.22668892918272776E-2,  -9.75556893956526783E-2
 ii= 3028 error= 0.21043750987578377,  3.99974303817307517E-2,  0.1210279993375958
 ii= 3029 error= 0.19502139001100452,  -3.76683167006465203E-2,  -0.11377274785621104
 ii= 3030 error= 0.13524551792684994,  2.56893402594727711E-2,  7.7638652343147721E-2
 ii= 3031 error= 0.1474780861906487,  -2.76287007795040992E-2,  -8.35849318688668824E-2
 ii= 3032 error= 0.21922673728653838,  4.12311484616662421E-2,  0.12477960498879254
 ii= 3033 error= 0.19885966093648011,  -3.83817747816095275E-2,  -0.11590247782487077
 ii= 3034 error= 0.1191252116361067,  2.22608240600913783E-2,  6.72479047889710663E-2
 ii= 3035 error= 0.12986423551111925,  -2.38031190658759377E-2,  -7.20374350388864465E-2
 ii= 3036 error= 0.18805394530579789,  3.49716317211916164E-2,  0.10580971385062922
 ii= 3037 error= 0.18540497547964094,  -3.53216731149438162E-2,  -0.10672652526981649
 ii= 3038 error= 0.154575355302462,  2.9564004899478729E-2,  8.93850697383703624E-2
 ii= 3039 error= 0.16301394261546623,  -3.08875873971495157E-2,  -9.34039313346876066E-2
 ii= 3040 error= 0.21993633579168162,  4.16424842508726564E-2,  0.1260201579675172
 ii= 3041 error= 0.19894077728302856,  -3.84825578613430183E-2,  -0.11620783397499367
 ii= 3042 error= 0.12081591504770899,  2.25891566664312912E-2,  6.8242621037841289E-2
 ii= 3043 error= 0.13202943763336822,  -2.42459322162846685E-2,  -7.33754574185670333E-2
 ii= 3044 error= 0.19279274726593973,  3.59278784443685384E-2,  0.10870757751767668
 ii= 3045 error= 0.18762623104261761,  -3.58231191539462868E-2,  -0.10823152063113847
 ii= 3046 error= 0.14908990619469234,  2.85030727492225043E-2,  8.61686634893875092E-2
 ii= 3047 error= 0.15871653251908791,  -3.00012516603983051E-2,  -9.07339085204949686E-2
 ii= 3048 error= 0.22249269923143603,  4.20312872623933367E-2,  0.12720170144677811
 ii= 3049 error= 0.19994012458242014,  -3.86747568934571531E-2,  -0.11678086305153899
 ii= 3050 error= 0.116599171453871,  2.16499867361414911E-2,  6.53968173173734985E-2
 ii= 3051 error= 0.12697690950291007,  -2.31139846803758257E-2,  -6.99568444716955479E-2
 ii= 3052 error= 0.1819619892388496,  3.37561186076762859E-2,  0.10212612399256137
 ii= 3053 error= 0.18236128990587835,  -3.46439410952611715E-2,  -0.10469127463167649
 ii= 3054 error= 0.16202571034996602,  3.09798652802978879E-2,  9.36783993665489395E-2
 ii= 3055 error= 0.16847062341302263,  -3.20076268306658598E-2,  -9.67757291384478968E-2
 ii= 3056 error= 0.21286496559401116,  4.0428794727428885E-2,  0.1223367689729825
 ii= 3057 error= 0.19606744468674445,  -3.78885995624680741E-2,  -0.11443218858839757
 ii= 3058 error= 0.13230017783842168,  2.51040765107270678E-2,  7.58652347007737204E-2
 ii= 3059 error= 0.14475204481921106,  -2.70694580292798644E-2,  -8.18978541099559948E-2
 ii= 3060 error= 0.21619652178707796,  4.06029714917303525E-2,  0.12287626511211715
 ii= 3061 error= 0.19771088332866207,  -3.81096557483752638E-2,  -0.11508731124592878
 ii= 3062 error= 0.1228482957730412,  2.31192269969970471E-2,  6.98499065771218258E-2
 ii= 3063 error= 0.13419739586515919,  -2.47986699306285557E-2,  -7.50427462338933704E-2
 ii= 3064 error= 0.1969947858718607,  3.6748785472559907E-2,  0.11119584246486185
 ii= 3065 error= 0.18959025144888686,  -3.62566616752144424E-2,  -0.10953213239218626
 ii= 3066 error= 0.14408988257175767,  2.75320091773509738E-2,  8.32249123719123463E-2
 ii= 3067 error= 0.15460005682393849,  -2.91562923311638605E-2,  -8.81875218713385201E-2
 ii= 3068 error= 0.22276452377498715,  4.19948322388067063E-2,  0.12709336595079004
 ii= 3069 error= 0.20006753224131893,  -3.86761101815905964E-2,  -0.1167832461679619
 ii= 3070 error= 0.11553606248224033,  2.14252147466678262E-2,  6.47159965417903882E-2
 ii= 3071 error= 0.1256499510820826,  -2.28273544743810737E-2,  -6.90907025824815252E-2
 ii= 3072 error= 0.17888002068844197,  3.31331228524085128E-2,  0.10023818805134274
 ii= 3073 error= 0.18077927177041345,  -3.42891267859043378E-2,  -0.10362538134675855
 ii= 3074 error= 0.16572708278929016,  3.16761672840694189E-2,  9.57898886127088872E-2
 ii= 3075 error= 0.17102996582278476,  -3.25325373548510308E-2,  -9.83551519435266752E-2
 ii= 3076 error= 0.20816035861912355,  3.95962060979729302E-2,  0.11981054166224692
 ii= 3077 error= 0.19405438156833624,  -3.74666227189160705E-2,  -0.11316931455897393
 ii= 3078 error= 0.13827298358509796,  2.62930755621783724E-2,  7.94681090560113296E-2
 ii= 3079 error= 0.15025445479684571,  -2.82040846853558839E-2,  -8.53206434997064445E-2
 ii= 3080 error= 0.22184208518507084,  4.17845336383931495E-2,  0.12645602092112967
 ii= 3081 error= 0.19986588003415023,  -3.86234941154372166E-2,  -0.11662706051244214
 ii= 3082 error= 0.11601989969759173,  2.1530498084101006E-2,  6.50339304304512755E-2
 ii= 3083 error= 0.12612412682231283,  -2.29309677104598472E-2,  -6.94044934076386844E-2
 ii= 3084 error= 0.18033598907939005,  3.34315645566511527E-2,  0.10114235601248241
 ii= 3085 error= 0.18157798153188665,  -3.4471957701270331E-2,  -0.10417533788549864
 ii= 3086 error= 0.1642960038036832,  3.14177007005297174E-2,  9.50057823987413425E-2
 ii= 3087 error= 0.17009747503244818,  -3.23490294954206642E-2,  -9.78036542423530164E-2
 ii= 3088 error= 0.2104842322577275,  4.00175895167548604E-2,  0.12108867245550717
 ii= 3089 error= 0.1951014899551704,  -3.76898968794589784E-2,  -0.11383841691467998
 ii= 3090 error= 0.13550541679616046,  2.57510053316567546E-2,  7.78252600848556991E-2
 ii= 3091 error= 0.14780464200212248,  -2.77061388530078292E-2,  -8.38191461101648327E-2
 ii= 3092 error= 0.22008071942459392,  4.14032627055316155E-2,  0.125301104622494
 ii= 3093 error= 0.19923933182946293,  -3.84693208154947633E-2,  -0.11616533573042576
 ii= 3094 error= 0.11790804975871381,  2.1975742454057208E-2,  6.63833576292176125E-2
 ii= 3095 error= 0.12838046090919644,  -2.3457969660861059E-2,  -7.09958141401983156E-2
 ii= 3096 error= 0.18519637139498557,  3.44033162968238396E-2,  0.10408730071179624
 ii= 3097 error= 0.18403425004032115,  -3.50178649617311141E-2,  -0.10581486693162785
 ii= 3098 error= 0.15828055897792487,  3.02793388167643847E-2,  9.15538939238948885E-2
 ii= 3099 error= 0.16581583294196561,  -3.14696015058813713E-2,  -9.51568066614303099E-2
 ii= 3100 error= 0.21720893981211184,  4.11912745592998703E-2,  0.12465022746503485
 ii= 3101 error= 0.19788800393346137,  -3.8269949749973213E-2,  -0.11557331797217069
 ii= 3102 error= 0.1251862795610775,  2.35524759444002696E-2,  7.11618710509741292E-2
 ii= 3103 error= 0.13703697686819843,  -2.53604301084285055E-2,  -7.67405574269535568E-2
 ii= 3104 error= 0.20301864177065973,  3.79711012844790932E-2,  0.11489986876388483
 ii= 3105 error= 0.19224900985863458,  -3.68658647281854129E-2,  -0.111359790637873
 ii= 3106 error= 0.13794330299634278,  2.63196012332111637E-2,  7.95500412159630549E-2
 ii= 3107 error= 0.14932679085281481,  -2.80712415573791535E-2,  -8.49165196447248388E-2
 ii= 3108 error= 0.22028234303494865,  4.14228970966024068E-2,  0.12536172318912614
 ii= 3109 error= 0.19919444775300871,  -3.84502356958958194E-2,  -0.11610612302428999
 ii= 3110 error= 0.117928981824675,  2.20009498604339521E-2,  6.64611528395493839E-2
 ii= 3111 error= 0.12850145534108565,  -2.35032061036554128E-2,  -7.11311898584381652E-2
 ii= 3112 error= 0.18496514831953451,  3.43470187293767742E-2,  0.10391707430342954
 ii= 3113 error= 0.18387616459421607,  -3.49755447847339695E-2,  -0.10568693490877076
 ii= 3114 error= 0.15814072162640538,  3.02426993170032098E-2,  9.14431510740349313E-2
 ii= 3115 error= 0.16565580127514909,  -3.14285338677702461E-2,  -9.50324895786742868E-2
 ii= 3116 error= 0.21683446181640412,  4.11130925791001536E-2,  0.12441349597037321
 ii= 3117 error= 0.19768933635246344,  -3.82233333113355181E-2,  -0.11543296112563914
 ii= 3118 error= 0.12583778498103446,  2.37056620408852697E-2,  7.16267268165231979E-2
 ii= 3119 error= 0.13780268411616675,  -2.55389399240186082E-2,  -7.72788295367480144E-2
 ii= 3120 error= 0.20425623915065635,  3.82130176557621756E-2,  0.11563319775116854
 ii= 3121 error= 0.19276115553428116,  -3.69790686741027566E-2,  -0.1116987448024368
 ii= 3122 error= 0.13647408668953118,  2.6021810888592966E-2,  7.86476244760384996E-2
 ii= 3123 error= 0.14797825248353552,  -2.77880924734928113E-2,  -8.40623262553329698E-2
 ii= 3124 error= 0.21882846196327685,  4.11201357005792842E-2,  0.12444438877348861
 ii= 3125 error= 0.19862245457703287,  -3.83147116415278807E-2,  -0.11569983482069796
 ii= 3126 error= 0.11972057840012408,  2.24189613271907374E-2,  6.77283681851197777E-2
 ii= 3127 error= 0.13064010288481542,  -2.39987081276416131E-2,  -7.26269287580003781E-2
 ii= 3128 error= 0.18930832172692105,  3.52115250447843711E-2,  0.10653708640160048
 ii= 3129 error= 0.18597672665388465,  -3.54425469644435859E-2,  -0.10708865594531328
 ii= 3130 error= 0.15272708000738619,  2.92019995012348793E-2,  8.82877792359374053E-2
 ii= 3131 error= 0.16154305824284287,  -3.05789053539448075E-2,  -9.24737010334027859E-2
 ii= 3132 error= 0.22066210002983599,  4.17431203501429302E-2,  0.12632638062082466
 ii= 3133 error= 0.19919101741794062,  -3.85259208470499562E-2,  -0.11633632738935568
 ii= 3134 error= 0.11965424855627198,  2.23399589793167701E-2,  6.74879272500355371E-2
 ii= 3135 error= 0.13068819109913815,  -2.39534205676590166E-2,  -7.24916885677988759E-2
 ii= 3136 error= 0.18977572844682322,  3.53200225444204319E-2,  0.10686554312828737
 ii= 3137 error= 0.18618454753179686,  -3.54966877762792413E-2,  -0.10725145383026427
 ii= 3138 error= 0.15243490892643413,  2.91452611605633113E-2,  8.81157082219707066E-2
 ii= 3139 error= 0.16133290553577267,  -3.05357946553597923E-2,  -9.23439865064219489E-2
 ii= 3140 error= 0.22091366811273916,  4.17880202980205825E-2,  0.12646261689441698
 ii= 3141 error= 0.19929959889642218,  -3.85494378354840281E-2,  -0.11640675115897903
 ii= 3142 error= 0.1192484438189592,  2.2246510118589656E-2,  6.72046394127609886E-2
 ii= 3143 error= 0.13019542028868197,  -2.38405541516359815E-2,  -7.21509602315349025E-2
 ii= 3144 error= 0.18879421693550361,  3.51249176571499858E-2,  0.10627427400574525
 ii= 3145 error= 0.18572035888714722,  -3.53936834561590363E-2,  -0.10694233712241513
 ii= 3146 error= 0.15365383668153082,  2.93810625456174951E-2,  8.8830629569115388E-2
 ii= 3147 error= 0.16228380615816967,  -3.07326927750884785E-2,  -9.29370970103757937E-2
 ii= 3148 error= 0.22029141247488507,  4.16921214137514554E-2,  0.12617127739147785
 ii= 3149 error= 0.19906153421541223,  -3.85036280370882888E-2,  -0.11627018960530855
 ii= 3150 error= 0.12025802851533295,  2.2469776090217778E-2,  6.78811715439267271E-2
 ii= 3151 error= 0.13138757411292665,  -2.4106374227443491E-2,  -7.29537343969592356E-2
 ii= 3152 error= 0.19135788760466704,  3.56387940561098959E-2,  0.1078316233611403
 ii= 3153 error= 0.1869448980548471,  -3.56688622705565797E-2,  -0.10776834787849277
 ii= 3154 error= 0.15067600512785184,  2.88082562414380197E-2,  8.7094000338817576E-2
 ii= 3155 error= 0.15996806108641418,  -3.02571978484815485E-2,  -9.1504835833060863E-2
 ii= 3156 error= 0.22186623744999603,  4.19391660422294144E-2,  0.12692175332393651
 ii= 3157 error= 0.19968490826439819,  -3.86261944014108377E-2,  -0.11663592327892751
 ii= 3158 error= 0.11767814018561312,  2.18927116729468081E-2,  6.61324529984259196E-2
 ii= 3159 error= 0.12829769571979205,  -2.34120697474873504E-2,  -7.08570167622463026E-2
 ii= 3160 error= 0.18479060796459537,  3.43236240242116991E-2,  0.1038459827393509
 ii= 3161 error= 0.18377299116349344,  -3.49588563668061375E-2,  -0.10563689916625593
 ii= 3162 error= 0.1585262602475275,  3.0314424043480049E-2,  9.16606527727440862E-2
 ii= 3163 error= 0.16594740112092252,  -3.14876672758665072E-2,  -9.52105198397779767E-2
 ii= 3164 error= 0.21651054957994637,  4.1060415121796652E-2,  0.12425360031917165
 ii= 3165 error= 0.19756012797333078,  -3.81982967845383645E-2,  -0.11535814600090165
 ii= 3166 error= 0.12635104571402103,  2.38152368246882171E-2,  7.19588239845269234E-2
 ii= 3167 error= 0.13836433481432045,  -2.56616751964963384E-2,  -7.76492902588001299E-2
 ii= 3168 error= 0.20530945618290528,  3.84249811559329996E-2,  0.11627561017790745
 ii= 3169 error= 0.19321320243154064,  -3.70828960354304266E-2,  -0.11201001979536468
 ii= 3170 error= 0.1354147863096439,  2.58093527966755908E-2,  7.80037605504646375E-2
 ii= 3171 error= 0.14702803352782143,  -2.75918602165315142E-2,  -8.34704903980628687E-2
 ii= 3172 error= 0.21789852863346917,  4.0927299074696652E-2,  0.12386009813997878
 ii= 3173 error= 0.19827353914907406,  -3.82325934061716749E-2,  -0.11545384284086453
 ii= 3174 error= 0.12081367235463948,  2.26698487507503259E-2,  6.84888082072812598E-2
 ii= 3175 error= 0.13190940750064323,  -2.42896258938457982E-2,  -7.35051629562390452E-2
 ii= 3176 error= 0.19193428222689587,  3.57350088485222928E-2,  0.1081236038967518
 ii= 3177 error= 0.18722209952187727,  -3.57214238004270324E-2,  -0.10792559423106986
 ii= 3178 error= 0.14960984229755572,  2.8599718250879487E-2,  8.64618180287637234E-2
 ii= 3179 error= 0.15908475334065023,  -3.00727413724368661E-2,  -9.09488477212805901E-2
 ii= 3180 error= 0.22198671390268956,  4.19399675027165783E-2,  0.12692469067109644
 ii= 3181 error= 0.19970860761604672,  -3.86245477731906733E-2,  -0.11663026834109226
 ii= 3182 error= 0.11741285366909093,  2.18394257129071769E-2,  6.59712120167098987E-2
 ii= 3183 error= 0.12799032618788894,  -2.3348363272118644E-2,  -7.0664328548417657E-2
 ii= 3184 error= 0.18393090621195921,  3.41490028174318491E-2,  0.10331674001079379
 ii= 3185 error= 0.18333071270058687,  -3.48583120202653959E-2,  -0.10533479495067725
 ii= 3186 error= 0.15942102175610157,  3.04804146063621072E-2,  9.21639346110490754E-2
 ii= 3187 error= 0.1665809285512844,  -3.16143919534091836E-2,  -9.55918770715775135E-2
 ii= 3188 error= 0.21544283647076665,  4.08720978259652229E-2,  0.12368211340752638
 ii= 3189 error= 0.19710618874103017,  -3.81025820039077937E-2,  -0.11507170686388869
 ii= 3190 error= 0.12810895964408572,  2.420282084376843E-2,  7.31336526785608815E-2
 ii= 3191 error= 0.14031387997765365,  -2.60963399063760364E-2,  -7.89610907532649203E-2
 ii= 3192 error= 0.20876325114812744,  3.91128092964874302E-2,  0.1183601164349037
 ii= 3193 error= 0.19466237651434931,  -3.74113603015717722E-2,  -0.11299453684623879
 ii= 3194 error= 0.13188721250272423,  2.50964084895602783E-2,  7.58431161478878846E-2
 ii= 3195 error= 0.14378033789535122,  -2.6917731802245895E-2,  -8.14370548556686835E-2
 ii= 3196 error= 0.21389273014921806,  4.01085821380768454E-2,  0.12137887554397062
 ii= 3197 error= 0.19672647891797337,  -3.78710284744695341E-2,  -0.11437082994051441
 ii= 3198 error= 0.12589645877576855,  2.38273909412925998E-2,  7.19974132184429128E-2
 ii= 3199 error= 0.1376987182114027,  -2.5607709070146617E-2,  -7.74837272244007086E-2
 ii= 3200 error= 0.20349488567451424,  3.80283632118140827E-2,  0.11507413734024868
 ii= 3201 error= 0.19242656709873712,  -3.6888828212242486E-2,  -0.11142717789770193
 ii= 3202 error= 0.13665576806285867,  2.60532898376880269E-2,  7.87429767365618177E-2
 ii= 3203 error= 0.14805740912374177,  -2.77986375234800832E-2,  -8.40936647196360576E-2
 ii= 3204 error= 0.2184039951005198,  4.10370144934935482E-2,  0.12419221440075509
 ii= 3205 error= 0.19840478362684613,  -3.82659477469030063E-2,  -0.11555330032567231
 ii= 3206 error= 0.12037684408724729,  2.25710924019339593E-2,  6.81896287987865668E-2
 ii= 3207 error= 0.13143894011589249,  -2.41831287814965913E-2,  -7.31834264440633098E-2
 ii= 3208 error= 0.19065291357813507,  3.54782430514054004E-2,  0.10734517421159644
 ii= 3209 error= 0.18658736664409992,  -3.55778033963905782E-2,  -0.10749432185274023
 ii= 3210 error= 0.15088849291566861,  2.88391516441285599E-2,  8.71875215996491537E-2
 ii= 3211 error= 0.16006679627362533,  -3.02678484039135276E-2,  -9.15364991086896479E-2
 ii= 3212 error= 0.22117731526399942,  4.18073599020630793E-2,  0.12652179144510067
 ii= 3213 error= 0.19935700692155794,  -3.85530120505441498E-2,  -0.11641635717811673
 ii= 3214 error= 0.11874395270834516,  2.21414166456075923E-2,  6.68863851225263983E-2
 ii= 3215 error= 0.12961280479113249,  -2.37167435253650069E-2,  -7.17766888396787622E-2
 ii= 3216 error= 0.18719383983035909,  3.48023330025722735E-2,  0.10529640729822697
 ii= 3217 error= 0.18491870725018053,  -3.52123263942109646E-2,  -0.10639764006962966
 ii= 3218 error= 0.15530288893321603,  2.9689234098630949E-2,  8.97647811517423566E-2
 ii= 3219 error= 0.16350765983642318,  -3.09774140192274269E-2,  -9.36739428334297103E-2
 ii= 3220 error= 0.21882081242413706,  4.14408215944901681E-2,  0.1254082667870387
 ii= 3221 error= 0.19844281360174465,  -3.83754788292210991E-2,  -0.11588693972348689
 ii= 3222 error= 0.12260902665652945,  2.29961895800268323E-2,  6.947653934110809E-2
 ii= 3223 error= 0.13414783779865808,  -2.47276304890604627E-2,  -7.48293677486660813E-2
 ii= 3224 error= 0.19680338648267975,  3.67259588665285533E-2,  0.11112611665648808
 ii= 3225 error= 0.18944214919770641,  -3.62294855396928656E-2,  -0.10945041159841065
 ii= 3226 error= 0.14429894985915212,  2.75617890048307224E-2,  8.33150827213527539E-2
 ii= 3227 error= 0.15474227726496559,  -2.91762780179156446E-2,  -8.8247564957656191E-2
 ii= 3228 error= 0.22241661039879296,  4.19323972025489808E-2,  0.1269038107780292
 ii= 3229 error= 0.19989895276425004,  -3.86402943193301374E-2,  -0.11667578762204125
 ii= 3230 error= 0.11608684441934565,  2.15525529782339652E-2,  6.51019944491753461E-2
 ii= 3231 error= 0.12633826583828089,  -2.29864175764616305E-2,  -6.9570884220698459E-2
 ii= 3232 error= 0.18015449640140191,  3.33895436573877213E-2,  0.1010150785612013
 ii= 3233 error= 0.18142069440971473,  -3.44316239664997359E-2,  -0.10405327867044553
 ii= 3234 error= 0.163980027192489,  3.1341745703572961E-2,  9.47756150870933678E-2
 ii= 3235 error= 0.16981401906895405,  -3.22779968817189927E-2,  -9.75891626090977099E-2
 ii= 3236 error= 0.21023687588886034,  3.99618038418378188E-2,  0.12091968383115448
 ii= 3237 error= 0.19492572959865548,  -3.76484877610279087E-2,  -0.11371337309781611
 ii= 3238 error= 0.13544637981135765,  2.57266920732819038E-2,  7.77516327577910393E-2
 ii= 3239 error= 0.14765133978422737,  -2.76620416955739128E-2,  -8.36855564919107703E-2
 ii= 3240 error= 0.21930126913117304,  4.12493186403055309E-2,  0.12483438069058005
 ii= 3241 error= 0.1988772654012477,  -3.83873449878344777E-2,  -0.11591918983605168
 ii= 3242 error= 0.11905348038199016,  2.22427014064296678E-2,  6.71928147916468488E-2
 ii= 3243 error= 0.12978061939781621,  -2.37827415156762305E-2,  -7.19759813319908043E-2
 ii= 3244 error= 0.18780239201117074,  3.49226311819006083E-2,  0.10566098069665913
 ii= 3245 error= 0.18527842828975491,  -3.52939837176634852E-2,  -0.106643450132196
 ii= 3246 error= 0.15483763161325897,  2.96123994927344376E-2,  8.95316012523613702E-2
 ii= 3247 error= 0.16321043585505987,  -3.09263516769865826E-2,  -9.35207343895747001E-2
 ii= 3248 error= 0.21969712919958034,  4.16023180973066967E-2,  0.12589802870964462
 ii= 3249 error= 0.19883946799655952,  -3.84620497148908044E-2,  -0.11614656443533776
 ii= 3250 error= 0.12118500806343131,  2.26708636259990055E-2,  6.84900981154155652E-2
 ii= 3251 error= 0.13246220432142425,  -2.43426370527294496E-2,  -7.36675051943299908E-2
 ii= 3252 error= 0.19362407031735485,  3.60948812591301849E-2,  0.10921348964626598
 ii= 3253 error= 0.18800911663901737,  -3.59095269339623283E-2,  -0.10849085401403012
 ii= 3254 error= 0.14809856652374659,  2.83090820861453922E-2,  8.55803851209376021E-2
 ii= 3255 error= 0.15791352561806993,  -2.98345969005705813E-2,  -9.02318203229340587E-2
 ii= 3256 error= 0.22266117327989629,  4.20464749866397772E-2,  0.12724800429219182
 ii= 3257 error= 0.20000243751449961,  -3.86837741195331514E-2,  -0.1168075109811914
 ii= 3258 error= 0.11623833908824435,  2.15701192349163143E-2,  6.51547193443543782E-2
 ii= 3259 error= 0.12653198799326387,  -2.30149288001587141E-2,  -6.96576549507824522E-2
 ii= 3260 error= 0.18091060576604243,  3.35452335330605478E-2,  0.10148687356394741
 ii= 3261 error= 0.18182422711698798,  -3.45242252643081921E-2,  -0.10433173020838764
 ii= 3262 error= 0.1632773633752399,  3.12150150229702737E-2,  9.43913062027729732E-2
 ii= 3263 error= 0.16934804093905967,  -3.21868509395749694E-2,  -9.73151308599562725E-2
 ii= 3264 error= 0.21133748408809219,  4.01602928828920167E-2,  0.12152188766755766
 ii= 3265 error= 0.19542062660883328,  -3.7753595415267939E-2,  -0.11402828983475806
 ii= 3266 error= 0.13419044811953759,  2.54813072191748986E-2,  7.70081030507207831E-2
 ii= 3267 error= 0.14652478620240489,  -2.74344949787757759E-2,  -8.29992747740524589E-2
 ii= 3268 error= 0.21832495041341227,  4.10424803570029195E-2,  0.12420785004184159
 ii= 3269 error= 0.19852961906207037,  -3.83030065533624189E-2,  -0.11566665605689411
 ii= 3270 error= 0.12016897084619398,  2.25022003415204543E-2,  6.79793770454513308E-2
 ii= 3271 error= 0.13108637761328457,  -2.40844793519451247E-2,  -7.28869714539096131E-2
 ii= 3272 error= 0.19062976334748435,  3.54853007911747551E-2,  0.1073663600783744
 ii= 3273 error= 0.18664332116481164,  -3.55983022079531114E-2,  -0.10755692690719111
 ii= 3274 error= 0.15150288055908059,  2.89736699895586265E-2,  8.7595154046561638E-2
 ii= 3275 error= 0.16064134694700197,  -3.04000472614536638E-2,  -9.19355271624842652E-2
 ii= 3276 error= 0.22172535027841073,  4.19282087248564195E-2,  0.12688784098971434
 ii= 3277 error= 0.19964519310022122,  -3.86223063036904429E-2,  -0.11662495903642005
 ii= 3278 error= 0.11792206297623269,  2.19426821217764308E-2,  6.62834459556345262E-2
 ii= 3279 error= 0.12858271570200983,  -2.34718035137572133E-2,  -7.10377961334961172E-2
 ii= 3280 error= 0.18548530240867828,  3.44650220304716301E-2,  0.1042742235663217
 ii= 3281 error= 0.18412339492098806,  -3.50383341618395391E-2,  -0.10587581726914833
 ii= 3282 error= 0.1577481433851062,  3.016772562921953E-2,  9.12156001833057117E-2
 ii= 3283 error= 0.16538565839698,  -3.13731964334820271E-2,  -9.48661196964520059E-2
 ii= 3284 error= 0.21730665272157426,  4.11989586392628171E-2,  0.12467382525326462
 ii= 3285 error= 0.19788945518012299,  -3.8267050199556292E-2,  -0.11556390881376814
 ii= 3286 error= 0.12504886633095183,  2.35278107614708826E-2,  7.10874323043792639E-2
 ii= 3287 error= 0.13690353576389092,  -2.5335655038744017E-2,  -7.66653796595545417E-2
 ii= 3288 error= 0.20256792408941598,  3.78789960673098988E-2,  0.1146207206890533
 ii= 3289 error= 0.19203422801728817,  -3.68162011583030718E-2,  -0.11121053604049427
 ii= 3290 error= 0.13828018058186645,  2.63819687501234829E-2,  7.97390586413569552E-2
 ii= 3291 error= 0.1495966437610084,  -2.81227307036233699E-2,  -8.50715759336564542E-2
 ii= 3292 error= 0.22028057877214985,  4.14271801746151011E-2,  0.12537454035422474
 ii= 3293 error= 0.19916854441518408,  -3.84463909004265567E-2,  -0.11609439831775373
 ii= 3294 error= 0.11800582042923356,  2.20176027970509711E-2,  6.65116954388206977E-2
 ii= 3295 error= 0.12860344282255037,  -2.35261351887538911E-2,  -7.12002899640162001E-2
 ii= 3296 error= 0.18504563856005518,  3.43636534083840497E-2,  0.10396738837275057
 ii= 3297 error= 0.18390463190949188,  -3.49820206032746828E-2,  -0.10570624432755077
 ii= 3298 error= 0.15794919278302796,  3.02026313575061364E-2,  9.132158920482919E-2
 ii= 3299 error= 0.16550448665128142,  -3.13945203250456176E-2,  -9.49299869500216109E-2
 ii= 3300 error= 0.2168909259862295,  4.11206202926876624E-2,  0.12443630924276015
 ii= 3301 error= 0.19769750812697667,  -3.82245586816604491E-2,  -0.11543639926904756
 ii= 3302 error= 0.12573753013509764,  2.36841857014639737E-2,  7.15616390740602126E-2
 ii= 3303 error= 0.13769457650613914,  -2.55155868020100832E-2,  -7.72082491144542443E-2
 ii= 3304 error= 0.20395346396313949,  3.81528727372992538E-2,  0.11545079467493634
 ii= 3305 error= 0.19262162373620073,  -3.69477232744058956E-2,  -0.11160467073983818
 ii= 3306 error= 0.13673162113723028,  2.6070583062997657E-2,  7.87953399042897185E-2
 ii= 3307 error= 0.14819705969787572,  -2.78309769967631133E-2,  -8.41916202885999027E-2
 ii= 3308 error= 0.21892908918590465,  4.11436410281797796E-2,  0.12451544097674141
 ii= 3309 error= 0.19864776472986659,  -3.83221433756369342E-2,  -0.11572203461391936
 ii= 3310 error= 0.11962576749608259,  2.23957007394488088E-2,  6.7657811713831631E-2
 ii= 3311 error= 0.13053089054597658,  -2.39727168804601508E-2,  -7.25484475825474012E-2
 ii= 3312 error= 0.18900060484744999,  3.51511328126188904E-2,  0.10635392162263888
 ii= 3313 error= 0.18582316643050537,  -3.54087362145373008E-2,  -0.10698714480970326
 ii= 3314 error= 0.15305097837569723,  2.92622453943238124E-2,  8.84703239444330214E-2
 ii= 3315 error= 0.16178940741263478,  -3.06278822842955961E-2,  -9.26212204859026139E-2
 ii= 3316 error= 0.22041738407205144,  4.17028473288836229E-2,  0.12620398441153799
 ii= 3317 error= 0.19908703092165977,  -3.85051189530129442E-2,  -0.1162741473293266
 ii= 3318 error= 0.12003794535988849,  2.24251614296257056E-2,  6.77460639814409515E-2
 ii= 3319 error= 0.13114271759176491,  -2.40552574140229757E-2,  -7.27992014396851295E-2
 ii= 3320 error= 0.19066948283008231,  3.54995736631017536E-2,  0.10740955180646511
 ii= 3321 error= 0.1866053686306284,  -3.55914348068699371E-2,  -0.10753583375413676
 ii= 3322 error= 0.15134933124569772,  2.89344143015285438E-2,  8.74763499878249695E-2
 ii= 3323 error= 0.16048061397185298,  -3.03591187190249724E-2,  -9.18118015295994877E-2
 ii= 3324 error= 0.2213958381850025,  4.18608784346062093E-2,  0.12668390862954262
 ii= 3325 error= 0.19948318977744392,  -3.85847950599494255E-2,  -0.11651213279894231
 ii= 3326 error= 0.11843812789705266,  2.2065324478388413E-2,  6.66555247243070248E-2
 ii= 3327 error= 0.12922389480038751,  -2.36225189768082509E-2,  -7.14925054479498001E-2
 ii= 3328 error= 0.18665694291393017,  3.46973876998613665E-2,  0.10497850648779561
 ii= 3329 error= 0.18468146591724813,  -3.51613850123776578E-2,  -0.10624495506748273
 ii= 3330 error= 0.15617416322857136,  2.98627177236624151E-2,  9.02908871800797708E-2
 ii= 3331 error= 0.16419405292736899,  -3.11244518732465315E-2,  -9.41169011247563747E-2
 ii= 3332 error= 0.21845322212173554,  4.13878601770713075E-2,  0.12524740568581935
 ii= 3333 error= 0.19832781024506899,  -3.83551519249112072E-2,  -0.11582673078638181
 ii= 3334 error= 0.12320398284103319,  2.31236189781844487E-2,  6.98626237581747023E-2
 ii= 3335 error= 0.13481685288752074,  -2.48732668021215339E-2,  -7.52692601865043442E-2
 ii= 3336 error= 0.19835008867315307,  3.70362005939503594E-2,  0.11206650857468914
 ii= 3337 error= 0.19015798485367957,  -3.63918257294487332E-2,  -0.10993756977646124
 ii= 3338 error= 0.14273115406342049,  2.72589073306441151E-2,  8.23971048863099409E-2
 ii= 3339 error= 0.15344181594336878,  -2.89128091605402003E-2,  -8.74534805027418621E-2
 ii= 3340 error= 0.22230816752413882,  4.18859847173903149E-2,  0.12676389578024416
 ii= 3341 error= 0.19989131943451297,  -3.8630381340969612E-2,  -0.11664586967921596
 ii= 3342 error= 0.11597754649742199,  2.15328886609904673E-2,  6.50425004279939628E-2
 ii= 3343 error= 0.12618516401502189,  -2.29559667190596638E-2,  -6.94788452141821555E-2
 ii= 3344 error= 0.17992046372795975,  3.33411807544302732E-2,  0.10086870702461517
 ii= 3345 error= 0.18131272235310103,  -3.44071893208176202E-2,  -0.10397991062748978
 ii= 3346 error= 0.16435027103922678,  3.14150461793009789E-2,  9.49980275338025565E-2
 ii= 3347 error= 0.1700792455945894,  -3.23354094851802734E-2,  -9.77619434406138826E-2
 ii= 3348 error= 0.20988375888892807,  3.9900775981550167E-2,  0.12073462041543916
 ii= 3349 error= 0.19478894015719281,  -3.76202539943476452E-2,  -0.11362900614462329
 ii= 3350 error= 0.13597662366689631,  2.58353510384030198E-2,  7.80810133889935643E-2
 ii= 3351 error= 0.14815818436689407,  -2.77696255667043944E-2,  -8.40101193698827159E-2
 ii= 3352 error= 0.2199449574118584,  4.13817462456961827E-2,  0.12523578620455875
 ii= 3353 error= 0.19913755484842852,  -3.84482030650770967E-2,  -0.11610159755310585
 ii= 3354 error= 0.11824434604090046,  2.20546218197618278E-2,  6.66227435839664844E-2
 ii= 3355 error= 0.1288121487675066,  -2.35587294465066308E-2,  -7.12997025766623771E-2
 ii= 3356 error= 0.18587681203200365,  3.4538402741665114E-2,  0.10449666170867446
 ii= 3357 error= 0.18434806624944083,  -3.50868403468160284E-2,  -0.10602164258789058
 ii= 3358 error= 0.15726776332976092,  3.00802032962214187E-2,  9.09500968166152418E-2
 ii= 3359 error= 0.16504596079596817,  -3.13064031267270698E-2,  -9.46652029468999096E-2
 ii= 3360 error= 0.21789347433996409,  4.1302821280781235E-2,  0.12498888523828403
 ii= 3361 error= 0.19813640851935876,  -3.83194991247356662E-2,  -0.11572092242228878
 ii= 3362 error= 0.12408213551803089,  2.33116991431111496E-2,  7.0432260852523923E-2
 ii= 3363 error= 0.13579949726997548,  -2.50872155038645919E-2,  -7.59155615701309766E-2
 ii= 3364 error= 0.20045853863619917,  3.74596133850398846E-2,  0.11334962739579207
 ii= 3365 error= 0.19111214262679407,  -3.6608591809683573E-2,  -0.1105880575151961
 ii= 3366 error= 0.14056117642042065,  2.68347152906662015E-2,  8.11112468053473978E-2
 ii= 3367 error= 0.15160053779349494,  -2.85365855729329369E-2,  -8.63195069374855795E-2
 ii= 3368 error= 0.22166394264354755,  4.17283578890409595E-2,  0.12628678209625172
 ii= 3369 error= 0.19968084282645462,  -3.85724035490272801E-2,  -0.11647209892871543
 ii= 3370 error= 0.11648851359899404,  2.16587016147815822E-2,  6.5423774948184979E-2
 ii= 3371 error= 0.12678423042064146,  -2.3100389199987411E-2,  -6.99149494758248141E-2
 ii= 3372 error= 0.18124118903701575,  3.36045001451038064E-2,  0.10166670135728831
 ii= 3373 error= 0.18199755828865816,  -3.45587653853164783E-2,  -0.10443529521058108
 ii= 3374 error= 0.16272878352773507,  3.1111019981437945E-2,  9.40760539444043115E-2
 ii= 3375 error= 0.16895324881064008,  -3.21051867446611877E-2,  -9.70692478821150173E-2
 ii= 3376 error= 0.21192463671012088,  4.02608907120386023E-2,  0.12182725829140757
 ii= 3377 error= 0.19566119557971912,  -3.78025136904398817E-2,  -0.11417449175192558
 ii= 3378 error= 0.13340078524507548,  2.53226092397840115E-2,  7.65273075738169273E-2
 ii= 3379 error= 0.14577237549522121,  -2.72779155843683313E-2,  -8.25267760576952197E-2
 ii= 3380 error= 0.21737018916799161,  4.08451390727371313E-2,  0.12360994616806595
 ii= 3381 error= 0.19815471034493237,  -3.82142493302218694E-2,  -0.11540063644329816
 ii= 3382 error= 0.1213943767725114,  2.2786412156459341E-2,  6.88410097453807795E-2
 ii= 3383 error= 0.13252738058986005,  -2.44167850451364465E-2,  -7.3890025769046741E-2
 ii= 3384 error= 0.19356452477306921,  3.60675329696998129E-2,  0.10913100866317776
 ii= 3385 error= 0.18801526832584592,  -3.59038682270384144E-2,  -0.10847376552068093
 ii= 3386 error= 0.14800143430791748,  2.82946554445525876E-2,  8.55366916160701235E-2
 ii= 3387 error= 0.15783507413414133,  -2.98216193911317595E-2,  -9.01927067496852281E-2
 ii= 3388 error= 0.22274567380467786,  4.2059301354534305E-2,  0.12728700339129784
 ii= 3389 error= 0.20004022619618633,  -3.8690812189308095E-2,  -0.11682855721556629
 ii= 3390 error= 0.11609970742127176,  2.15394906053603605E-2,  6.50619146579004271E-2
 ii= 3391 error= 0.12636441311462707,  -2.29772277493076812E-2,  -6.95438056058094584E-2
 ii= 3392 error= 0.18057109178822164,  3.34761632866420536E-2,  0.10127759689932922
 ii= 3393 error= 0.18165128761452437,  -3.44850979792391543E-2,  -0.1042142116345222
 ii= 3394 error= 0.16370315498956806,  3.1295886483323522E-2,  9.46365788279190101E-2
 ii= 3395 error= 0.16964359382704397,  -3.22479899599008579E-2,  -9.74991094532641905E-2
 ii= 3396 error= 0.21080842220443172,  4.00663739007864339E-2,  0.1212369599012344
 ii= 3397 error= 0.19519768007502178,  -3.77064629264081824E-2,  -0.11388726902071693
 ii= 3398 error= 0.13486654389064121,  2.56169785857236973E-2,  7.74192385439256558E-2
 ii= 3399 error= 0.14715410188459294,  -2.75648759247912808E-2,  -8.33926161116193138E-2
 ii= 3400 error= 0.21903794273838145,  4.11898314024858672E-2,  0.12465435933265943
 ii= 3401 error= 0.1988048449422648,  -3.83677059643457857E-2,  -0.11586052475017725
 ii= 3402 error= 0.11929883330096122,  2.23012474244367771E-2,  6.73702622356066594E-2
 ii= 3403 error= 0.13006243987532862,  -2.3848733530890804E-2,  -7.21752973915801843E-2
 ii= 3404 error= 0.18853672933626153,  3.5068109604630103E-2,  0.10610202639181054
 ii= 3405 error= 0.18564569896981001,  -3.53754942558167709E-2,  -0.10688822395602106
 ii= 3406 error= 0.15403953798522532,  2.94630663967546565E-2,  8.90789478709210769E-2
 ii= 3407 error= 0.16261252171175564,  -3.08064636205512346E-2,  -9.31597268503257525E-2
 ii= 3408 error= 0.22036225528168404,  4.17141461305343825E-2,  0.12623762339711361
 ii= 3409 error= 0.19911675595106096,  -3.85185150256579928E-2,  -0.11631538117487529
 ii= 3410 error= 0.12013679852099303,  2.24373652087186994E-2,  6.77825006292826354E-2
 ii= 3411 error= 0.13122871487071988,  -2.40657443527740288E-2,  -7.2831480077948374E-2
 ii= 3412 error= 0.19116964367404213,  3.56034153283758467E-2,  0.10772420796139008
 ii= 3413 error= 0.18686913225839547,  -3.56531710872003416E-2,  -0.10772158228587196
 ii= 3414 error= 0.15100661926059888,  2.88752928783402481E-2,  8.72970579925578805E-2
 ii= 3415 error= 0.16024682288209341,  -3.03171118617810743E-2,  -9.1685589996534797E-2
 ii= 3416 error= 0.22187864481865296,  4.19484099184621942E-2,  0.12694947326506861
 ii= 3417 error= 0.19970429460044609,  -3.8632394841540442E-2,  -0.11665489131027966
 ii= 3418 error= 0.11767847524351387,  2.18904478980112768E-2,  6.61253398001961923E-2
 ii= 3419 error= 0.12829338894446068,  -2.34086826964928808E-2,  -7.08470442091890668E-2
 ii= 3420 error= 0.18488154406774532,  3.4342640360818584E-2,  0.10390350623932457
 ii= 3421 error= 0.18382652758209361,  -3.49712982067971398E-2,  -0.10567445085018526
 ii= 3422 error= 0.15848776902187908,  3.0309454301073277E-2,  9.16454791023808835E-2
 ii= 3423 error= 0.16592893585473653,  -3.14856713413488032E-2,  -9.52046718542929049E-2
 ii= 3424 error= 0.21663512865639123,  4.10838359887320884E-2,  0.1243245471129632
 ii= 3425 error= 0.1976213813216984,  -3.82115394908428482E-2,  -0.11539796444290472
 ii= 3426 error= 0.12614617699869288,  2.37693940338831559E-2,  7.18197390859569296E-2
 ii= 3427 error= 0.13813306679592269,  -2.56093613436314087E-2,  -7.74915285331857634E-2
 ii= 3428 error= 0.20493395208591161,  3.83504882115013532E-2,  0.11604978675042944
 ii= 3429 error= 0.19305907083529372,  -3.70480169172292401E-2,  -0.11190557978344227
 ii= 3430 error= 0.13583535565739693,  2.58951836193983508E-2,  7.82638293501171367E-2
 ii= 3431 error= 0.14741722004327917,  -2.76736028415620998E-2,  -8.37171171862182706E-2
 ii= 3432 error= 0.21836274987529547,  4.10225889133181004E-2,  0.12414881812508803
 ii= 3433 error= 0.19845685528024948,  -3.82753320298748548E-2,  -0.11558195686376485
 ii= 3434 error= 0.12023509860120644,  2.25368588820482503E-2,  6.8085638107303989E-2
 ii= 3435 error= 0.1312333020007371,  -2.41344823080824021E-2,  -7.30368806113776137E-2
 ii= 3436 error= 0.19057578270233738,  3.54647111324776221E-2,  0.10730438773768973
 ii= 3437 error= 0.18658527836295108,  -3.55790671135378309E-2,  -0.10749845535446123
 ii= 3438 error= 0.15124545677722306,  2.89172216663921219E-2,  8.74243625184958628E-2
 ii= 3439 error= 0.16038935333688786,  -3.03422348274175573E-2,  -9.17608170160905678E-2
 ii= 3440 error= 0.22143584928901844,  4.18643603614544668E-2,  0.12669465941144176
 ii= 3441 error= 0.19949815648119973,  -3.85864179174652266E-2,  -0.11651686096365384
 ii= 3442 error= 0.11837658653180351,  2.20537258520623128E-2,  6.66204973495529568E-2
 ii= 3443 error= 0.12915674676408254,  -2.36090349639482763E-2,  -7.14517076174868704E-2
 ii= 3444 error= 0.18651568228244372,  3.4667651243921245E-2,  0.10488848340004933
 ii= 3445 error= 0.18461132196181851,  -3.51447470486902225E-2,  -0.10619494710615213
 ii= 3446 error= 0.15633045426772912,  2.98927596147669887E-2,  9.03820584448558895E-2
 ii= 3447 error= 0.1643076529201436,  -3.11478897946384156E-2,  -9.41874247252174474E-2
 ii= 3448 error= 0.21830516532416333,  4.136169541870275E-2,  0.12516808259995249
 ii= 3449 error= 0.19826830726193673,  -3.83422632275949304E-2,  -0.11578817235430269
 ii= 3450 error= 0.12345274308420899,  2.31800411838733143E-2,  7.00337087401131236E-2
 ii= 3451 error= 0.13510607770181288,  -2.49388222719257834E-2,  -7.5467127032551054E-2
 ii= 3452 error= 0.19893922837695291,  3.71527863372210707E-2,  0.11241992082097299
 ii= 3453 error= 0.1904220053607095,  -3.6450745343571643E-2,  -0.11011427000916738
 ii= 3454 error= 0.14208304625135545,  2.71318243766453804E-2,  8.20119612073659798E-2
 ii= 3455 error= 0.15288733106778962,  -2.87988411411598082E-2,  -8.71098874332817408E-2
 ii= 3456 error= 0.22210343580914976,  4.18355879468649342E-2,  0.12661143161562938
 ii= 3457 error= 0.19981893625182842,  -3.86104825497644508E-2,  -0.11658613210256114
 ii= 3458 error= 0.11616243172239075,  2.15791116741689826E-2,  6.51826914427239557E-2
 ii= 3459 error= 0.12640917086757236,  -2.30104579959319426E-2,  -6.96433069000793881E-2
 ii= 3460 error= 0.18039414740601925,  3.34349736404503384E-2,  0.10115301695401116
 ii= 3461 error= 0.18155596412014111,  -3.44605382311921199E-2,  -0.10414011891010649
 ii= 3462 error= 0.16374467982769522,  3.13009452426908225E-2,  9.46520790180506028E-2
 ii= 3463 error= 0.1696567787686151,  -3.2248550994413476E-2,  -9.75005443587163845E-2
 ii= 3464 error= 0.21062684640423962,  4.00312327558920017E-2,  0.12113051581424399
 ii= 3465 error= 0.19510501698123206,  -3.7685915971702677E-2,  -0.11382546447039739
 ii= 3466 error= 0.13501494870036865,  2.5643893119787875E-2,  7.7500902785020892E-2
 ii= 3467 error= 0.1472688383058004,  -2.75859351443140145E-2,  -8.34559552616655348E-2
 ii= 3468 error= 0.21902669768561256,  4.11890972348605694E-2,  0.12465216905068989
 ii= 3469 error= 0.19878594132609048,  -3.83640274128303274E-2,  -0.11584933105517776
 ii= 3470 error= 0.11936055578187856,  2.23157329179388998E-2,  6.74143083583671615E-2
 ii= 3471 error= 0.13014300646803581,  -2.38676295782254307E-2,  -7.22322138597951691E-2
 ii= 3472 error= 0.18864164507649828,  3.50886609457191773E-2,  0.10616435886424574
 ii= 3473 error= 0.18568951669726749,  -3.53850176114950538E-2,  -0.10691668596577833
 ii= 3474 error= 0.15386528862939466,  2.94278867337843843E-2,  8.89723402062329166E-2
 ii= 3475 error= 0.16247146627280359,  -3.07760862424071718E-2,  -9.30681361671878565E-2
 ii= 3476 error= 0.22040598805667685,  4.17190673612918284E-2,  0.12625266943709068
 ii= 3477 error= 0.19912622547391345,  -3.85197290529658565E-2,  -0.11631882445556183
 ii= 3478 error= 0.12006372169857563,  2.24217758710912249E-2,  6.77353474115141435E-2
 ii= 3479 error= 0.13114422102031584,  -2.40475820111808319E-2,  -7.2776537381813014E-2
 ii= 3480 error= 0.19094253587774046,  3.55577886339182095E-2,  0.10758595653828307
 ii= 3481 error= 0.18675724280469486,  -3.56279796305518301E-2,  -0.10764589526033189
 ii= 3482 error= 0.15123921254032008,  2.8918970047684036E-2,  8.74295018085115977E-2
 ii= 3483 error= 0.16042464228917322,  -3.03527060158832671E-2,  -9.17927550234810402E-2
 ii= 3484 error= 0.22173107864177646,  4.19243517417321535E-2,  0.1268764368713283
 ii= 3485 error= 0.19964104407412825,  -3.86197152048124367E-2,  -0.1166169534428442
 ii= 3486 error= 0.11791634504293998,  2.19439748373103059E-2,  6.62875914429779806E-2
 ii= 3487 error= 0.12858144605175009,  -2.34738716326832707E-2,  -7.10438625342620644E-2
 ii= 3488 error= 0.18546547689710083,  3.4459830669440368E-2,  0.10425865579632583
 ii= 3489 error= 0.1841116955638136,  -3.50350734902657793E-2,  -0.10586590258331688
 ii= 3490 error= 0.15775438688506396,  3.01687433476245832E-2,  9.12188314684255347E-2
 ii= 3491 error= 0.16538667291195963,  -3.13733859803923612E-2,  -9.48665810790565167E-2
 ii= 3492 error= 0.21728580877759215,  4.11945906281869015E-2,  0.12466072050269686
 ii= 3493 error= 0.19787956098040108,  -3.82647032649849478E-2,  -0.11555679194779353
 ii= 3494 error= 0.1250889029216323,  2.35372080026230134E-2,  7.11160443615272697E-2
 ii= 3495 error= 0.13694961358340899,  -2.53464812532376502E-2,  -7.66979689158833189E-2
 ii= 3496 error= 0.20266036380025071,  3.78969257926729947E-2,  0.11467518266124173
 ii= 3497 error= 0.1920739310772922,  -3.6824980165925808E-2,  -0.11123678807810074
 ii= 3498 error= 0.13818173768179076,  2.63624806274451763E-2,  7.96800978381408675E-2
 ii= 3499 error= 0.14950827838285385,  -2.81046396307657702E-2,  -8.50169541473219104E-2
 ii= 3500 error= 0.22021325004552306,  4.14124832744074203E-2,  0.1253301247449117
 ii= 3501 error= 0.19914335934616625,  -3.84401854880978416E-2,  -0.1160757507249891
 ii= 3502 error= 0.11808501981512572,  2.20363592560509323E-2,  6.65686372466087056E-2
 ii= 3503 error= 0.12869763908431611,  -2.35482627547108497E-2,  -7.12670368669666987E-2
 ii= 3504 error= 0.18525065140011363,  3.44042663321609543E-2,  0.10409056274606412
 ii= 3505 error= 0.18400557158764769,  -3.50043908324757097E-2,  -0.10577336096863182
 ii= 3506 error= 0.1576990538451149,  3.015501107708983E-2,  9.11772821992426347E-2
 ii= 3507 error= 0.16531884402355204,  -3.135645985613051E-2,  -9.48153461299034023E-2
 ii= 3508 error= 0.21711877405595983,  4.11592900921840185E-2,  0.12455376563813554
 ii= 3509 error= 0.19778908201626011,  -3.82433565070382994E-2,  -0.11549253873432276
 ii= 3510 error= 0.1253704028311228,  2.36036316137872362E-2,  7.13175650058759658E-2
 ii= 3511 error= 0.13728273582053227,  -2.54242134586315782E-2,  -7.69323859499879553E-2
 ii= 3512 error= 0.20317368806238886,  3.79971084616399848E-2,  0.11497880027300961
 ii= 3513 error= 0.19228393463529983,  -3.6871192896801748E-2,  -0.11137516154345387
 ii= 3514 error= 0.13754427482570802,  2.62326866490252102E-2,  7.92867065807636301E-2
 ii= 3515 error= 0.14892161422208908,  -2.79806612986401478E-2,  -8.46429763226300008E-2
 ii= 3516 error= 0.21957608380207738,  4.12797105716225313E-2,  0.12492777892954755
 ii= 3517 error= 0.19888899702928575,  -3.8379929870998114E-2,  -0.11589510895079724
 ii= 3518 error= 0.11887407967188936,  2.22209220887880435E-2,  6.71281154325063384E-2
 ii= 3519 error= 0.12964463223397776,  -2.37680258482596135E-2,  -7.19304452652361065E-2
 ii= 3520 error= 0.18715287411559817,  3.47830357512770166E-2,  0.10523841716243459
 ii= 3521 error= 0.18492968578125024,  -3.52096069578263504E-2,  -0.10638937593884468
 ii= 3522 error= 0.15529469785151565,  2.96930568445557368E-2,  8.97765764515821157E-2
 ii= 3523 error= 0.16350867881915104,  -3.09818934058988214E-2,  -9.3687395075511104E-2
 ii= 3524 error= 0.2189686624933915,  4.14675673833624428E-2,  0.12548959396315248
 ii= 3525 error= 0.19851623670257212,  -3.83908897242577207E-2,  -0.11593311788830428
 ii= 3526 error= 0.12238175315157339,  2.29456326768926328E-2,  6.93233999864983075E-2
 ii= 3527 error= 0.13388335051660202,  -2.46681431411279357E-2,  -7.46497782141202909E-2
 ii= 3528 error= 0.19637327520226855,  3.66394888833395937E-2,  0.11086425246085495
 ii= 3529 error= 0.18925538306145373,  -3.61870907186768662E-2,  -0.10932324484306583
 ii= 3530 error= 0.14483959195594789,  2.76703430652407989E-2,  8.36443070370886665E-2
 ii= 3531 error= 0.15520489918062541,  -2.92739032816708676E-2,  -8.85417949754789685E-2
 ii= 3532 error= 0.2225893906560269,  4.19741561625997794E-2,  0.12703037469607026
 ii= 3533 error= 0.19997289310035485,  -3.86590695333968587E-2,  -0.1167321812005436
 ii= 3534 error= 0.11593033569544853,  2.15149651461983456E-2,  6.49881273822219413E-2
 ii= 3535 error= 0.12615042004599622,  -2.29415886962572695E-2,  -6.94355526585699184E-2
 ii= 3536 error= 0.17986417656618309,  3.3330851999558285E-2,  0.10083738690592978
 ii= 3537 error= 0.18127759850185116,  -3.43997564195870492E-2,  -0.10395756014723148
 ii= 3538 error= 0.16441676525566398,  3.14265984477187371E-2,  9.50330789483153915E-2
 ii= 3539 error= 0.17012194917049392,  -3.23434636825104538E-2,  -9.77861468354868646E-2
 ii= 3540 error= 0.20976472052029335,  3.98791093175628955E-2,  0.12066891105110882
 ii= 3541 error= 0.19473434875334805,  -3.76085604503839793E-2,  -0.11359395832547499
 ii= 3542 error= 0.13611338920109955,  2.58619964466031069E-2,  7.81617750990507565E-2
 ii= 3543 error= 0.14827858182388642,  -2.77939157512109708E-2,  -8.4083361570688131E-2
 ii= 3544 error= 0.2200326836049234,  4.14005922003897187E-2,  0.12529288743634437
 ii= 3545 error= 0.19916767560077817,  -3.84555914290412443E-2,  -0.11612371405107556
 ii= 3546 error= 0.1181517452659339,  2.20329854496374919E-2,  6.65571853883771825E-2
 ii= 3547 error= 0.12870304426746879,  -2.3533438502306249E-2,  -7.12233298186896596E-2
 ii= 3548 error= 0.18563778229461184,  3.44906145969400765E-2,  0.10435184672589841
 ii= 3549 error= 0.18422909425463246,  -3.50602972801750748E-2,  -0.10594193610317208
 ii= 3550 error= 0.15755418727439396,  3.01345786187596776E-2,  9.11149824539565639E-2
 ii= 3551 error= 0.16525680806189885,  -3.13495603014103189E-2,  -9.47951318420705291E-2
 ii= 3552 error= 0.21763079145865877,  4.12578906103233528E-2,  0.12485252896877645
 ii= 3553 error= 0.19802988831564663,  -3.82975047607839597E-2,  -0.11565517677563776
 ii= 3554 error= 0.12450606898110489,  2.34053080575338454E-2,  7.07159882564570019E-2
 ii= 3555 error= 0.13628067334446181,  -2.51945454252066534E-2,  -7.62395585698524697E-2
 ii= 3556 error= 0.20139369687594175,  3.76461268603111091E-2,  0.11391490159986585
 ii= 3557 error= 0.19152328604364391,  -3.67014533824935665E-2,  -0.11086654192696795
 ii= 3558 error= 0.13955547555613848,  2.66354998644151436E-2,  8.05074382483980527E-2
 ii= 3559 error= 0.15072346490985999,  -2.83556062387036352E-2,  -8.57738387005596015E-2
 ii= 3560 error= 0.22112450931193772,  4.16090848194273916E-2,  0.12592555048462167
 ii= 3561 error= 0.19948261262549802,  -3.85230732612453358E-2,  -0.11632423255806891
 ii= 3562 error= 0.11705928596553007,  2.17943416687859104E-2,  6.58349308592458965E-2
 ii= 3563 error= 0.12746914597025624,  -2.32612833696139512E-2,  -7.04007058425739213E-2
 ii= 3564 error= 0.18267277004126653,  3.38903671227523545E-2,  0.102533041898485
 ii= 3565 error= 0.18272153693422866,  -3.47193438534007526E-2,  -0.10491753366705017
 ii= 3566 error= 0.16091892710429806,  3.07678494786751376E-2,  9.30354460902713121E-2
 ii= 3567 error= 0.16766638647268395,  -3.18399301400049128E-2,  -9.62708831985033126E-2
 ii= 3568 error= 0.21395625297007556,  4.06154579063525076E-2,  0.12290319400984619
 ii= 3569 error= 0.19650413493376614,  -3.79778737878676345E-2,  -0.11469897385864643
 ii= 3570 error= 0.13056988977231251,  2.47372580907638355E-2,  7.47534537443351049E-2
 ii= 3571 error= 0.14296543881160792,  -2.66815717531250912E-2,  -8.07273421217322013E-2
 ii= 3572 error= 0.21334256621211911,  4.00281890006878374E-2,  0.12113425726358355
 ii= 3573 error= 0.19655477233551524,  -3.78431443286377095E-2,  -0.11428866800230242
 ii= 3574 error= 0.12680080509431282,  2.40173122664357544E-2,  7.257246627651949E-2
 ii= 3575 error= 0.13867693916937462,  -2.58173728719907451E-2,  -7.81171721185957013E-2
 ii= 3576 error= 0.2056337693183255,  3.84589041849366375E-2,  0.11637887908489708
 ii= 3577 error= 0.19337104910468794,  -3.71052565241081767E-2,  -0.11207652887062526
 ii= 3578 error= 0.134651772586314,  2.56580615707604244E-2,  7.75451038104910256E-2
 ii= 3579 error= 0.14628952129950851,  -2.74392230378886076E-2,  -8.30099818626536395E-2
 ii= 3580 error= 0.21687975855135164,  4.07173138330113454E-2,  0.12322353703304847
 ii= 3581 error= 0.19786357129353455,  -3.81360938805325525E-2,  -0.11516467420551012
 ii= 3582 error= 0.12211381196121801,  2.29700171974886423E-2,  6.939857902510152E-2
 ii= 3583 error= 0.13343135150997185,  -2.46391294264506483E-2,  -7.45602029569729791E-2
 ii= 3584 error= 0.19491751047576267,  3.63265743499134319E-2,  0.10991623676192364
 ii= 3585 error= 0.18859466563685334,  -3.60273225230040087E-2,  -0.10884339189445459
 ii= 3586 error= 0.14602716530531257,  2.78997420921002354E-2,  8.43396143513204105E-2
 ii= 3587 error= 0.15614723920522888,  -2.9464462838387568E-2,  -8.91158868562730577E-2
 ii= 3588 error= 0.22231975553727648,  4.1939385633242586E-2,  0.12692432175222643
 ii= 3589 error= 0.1998320933190125,  -3.86324272372283381E-2,  -0.11665250093860283
 ii= 3590 error= 0.11650396935338626,  2.16466048612204073E-2,  6.53870786289451472E-2
 ii= 3591 error= 0.12688113243768248,  -2.31085160284587449E-2,  -6.99396236255132309E-2
 ii= 3592 error= 0.18127643658612863,  3.36133857472391412E-2,  0.10169338658420848
 ii= 3593 error= 0.18198235919234235,  -3.45552760708668638E-2,  -0.10442459935666741
 ii= 3594 error= 0.16250591483491023,  3.1061010865806437E-2,  9.39243101685967308E-2
 ii= 3595 error= 0.16877013235832405,  -3.20611439452247737E-2,  -9.69365029223714647E-2
 ii= 3596 error= 0.2118867314939884,  4.02488848697726415E-2,  0.1217908124154701
 ii= 3597 error= 0.19561293444330782,  -3.77903316610718187E-2,  -0.11413762098755613
 ii= 3598 error= 0.13327426565468026,  2.52912330204332174E-2,  7.6432134616245373E-2
 ii= 3599 error= 0.14560628511699861,  -2.72374084377234593E-2,  -8.24043969153923084E-2
 ii= 3600 error= 0.21687331330091819,  4.07461983184286697E-2,  0.12330990970542323
 ii= 3601 error= 0.1979308233081877,  -3.81631860301977488E-2,  -0.1152474478114716
 ii= 3602 error= 0.12211071232457585,  2.29513445057045427E-2,  6.93409991174872009E-2
 ii= 3603 error= 0.1333737020883998,  -2.46111172758052311E-2,  -7.44765326706146868E-2
 ii= 3604 error= 0.1951254939002611,  3.63770860770049262E-2,  0.1100690228874568
 ii= 3605 error= 0.18871956333467341,  -3.60609149509734314E-2,  -0.10894480782598792
 ii= 3606 error= 0.14607800180844505,  2.79157735919385898E-2,  8.43879981739425467E-2
 ii= 3607 error= 0.15623779889973602,  -2.94889377902946351E-2,  -8.91900845509103202E-2
 ii= 3608 error= 0.22270845236398479,  4.20180967335239755E-2,  0.12716277720457428
 ii= 3609 error= 0.20001384078240111,  -3.86748274538096723E-2,  -0.11677989923189282
 ii= 3610 error= 0.1159121639503026,  2.15045713024622116E-2,  6.49562494085833136E-2
 ii= 3611 error= 0.12613176815133834,  -2.29315756611340876E-2,  -6.94056461045416823E-2
 ii= 3612 error= 0.17984509518278999,  3.3329012818295832E-2,  0.10083152467882656
 ii= 3613 error= 0.18126726894302564,  -3.43984046051174636E-2,  -0.10395368957012245
 ii= 3614 error= 0.16445441165868971,  3.14333465638434104E-2,  9.50532982282065592E-2
 ii= 3615 error= 0.17015064135679822,  -3.23488594610836996E-2,  -9.78025484342058132E-2
 ii= 3616 error= 0.20971199976771732,  3.98703408480666835E-2,  0.12064207016825602
 ii= 3617 error= 0.19471144225702489,  -3.7603941903797615E-2,  -0.11358026803037734
 ii= 3618 error= 0.13617275782086083,  2.58733623841095467E-2,  7.819601457299237E-2
 ii= 3619 error= 0.14833310291202562,  -2.78046285968447798E-2,  -8.41158100264650099E-2
 ii= 3620 error= 0.22006595664620601,  4.1408371482339161E-2,  0.12531624168807842
 ii= 3621 error= 0.19917900816315581,  -3.84585791023637907E-2,  -0.11613277435787221
 ii= 3622 error= 0.11811161567264834,  2.20232401243686572E-2,  6.65274776009273094E-2
 ii= 3623 error= 0.12865583937312028,  -2.35220441682215432E-2,  -7.11890440147616432E-2
 ii= 3624 error= 0.18551787836246625,  3.44671311636091937E-2,  0.10428049845873144
 ii= 3625 error= 0.1841695838816127,  -3.50471417823663561E-2,  -0.10590253224380236
 ii= 3626 error= 0.1576890195901432,  3.0159881400749225E-2,  9.11915432712020468E-2
 ii= 3627 error= 0.16535664287588003,  -3.13695971783079716E-2,  -9.48555504752243428E-2
 ii= 3628 error= 0.2174931987532554,  4.12343835190830121E-2,  0.12478102626024921
 ii= 3629 error= 0.1979733879836785,  -3.8285818120914604E-2,  -0.11562031161256581
 ii= 3630 error= 0.12472351183804384,  2.34532666448134183E-2,  7.08612150499930982E-2
 ii= 3631 error= 0.13652811077586322,  -2.52495629277057279E-2,  -7.64057210805806214E-2
 ii= 3632 error= 0.20185499689879896,  3.77384088451758054E-2,  0.11419443260540126
 ii= 3633 error= 0.19172478857190436,  -3.67470255711374386E-2,  -0.11100327022548712
 ii= 3634 error= 0.13905347227988968,  2.65355525037657414E-2,  8.02043772838718361E-2
 ii= 3635 error= 0.15028259657585269,  -2.82641962003594982E-2,  -8.5498288481789253E-2
 ii= 3636 error= 0.22080340659295253,  4.15399248092984744E-2,  0.12571591587739087
 ii= 3637 error= 0.19936295023011055,  -3.84938830172101079E-2,  -0.11623681462526345
 ii= 3638 error= 0.11741267192374172,  2.18776659154647987E-2,  6.60873891630357202E-2
 ii= 3639 error= 0.12789381857147744,  -2.33603343655945997E-2,  -7.06998233090719158E-2
 ii= 3640 error= 0.18354732163550916,  3.40651881690706426E-2,  0.10306272641310003
 ii= 3641 error= 0.18315990648572339,  -3.481668386878356E-2,  -0.10520988997579779
 ii= 3642 error= 0.15981057176740837,  3.05569433233603416E-2,  9.23958095686798347E-2
 ii= 3643 error= 0.16686718959698502,  -3.1674907696487821E-2,  -9.57741927376546537E-2
 ii= 3644 error= 0.21510016786482131,  4.0813517304187065E-2,  0.12350413791765473
 ii= 3645 error= 0.1969718507576258,  -3.8074798230080073E-2,  -0.11498881382181304
 ii= 3646 error= 0.12866704760756165,  2.43243201171318667E-2,  7.35017313801270278E-2
 ii= 3647 error= 0.14092213466412931,  -2.62305156646602672E-2,  -7.93661850200588631E-2
 ii= 3648 error= 0.2098541449549565,  3.93308846365854475E-2,  0.1190208682061184
 ii= 3649 error= 0.19512027077947769,  -3.75155289511996323E-2,  -0.11330688638990657
 ii= 3650 error= 0.1308369844612782,  2.48841616945559355E-2,  7.51998020269492723E-2
 ii= 3651 error= 0.14280896418466626,  -2.67170113294506427E-2,  -8.08316558408019026E-2
 ii= 3652 error= 0.21257391584287272,  3.98413496434128628E-2,  0.12056882559400917
 ii= 3653 error= 0.19621631001667636,  -3.77524593357852489E-2,  -0.11401579985829509
 ii= 3654 error= 0.12762789123101428,  2.42165453327639717E-2,  7.31768765971856638E-2
 ii= 3655 error= 0.13960927007139673,  -2.60386274062055813E-2,  -7.87843117914480001E-2
 ii= 3656 error= 0.20714225712494977,  3.87507347101097022E-2,  0.11726339962783285
 ii= 3657 error= 0.19398836060091945,  -3.72411063491681835E-2,  -0.11248330221633092
 ii= 3658 error= 0.13290836739276096,  2.53023505440988367E-2,  7.64670811147304674E-2
 ii= 3659 error= 0.14464392843421084,  -2.7093683987664742E-2,  -8.19674793853815697E-2
 ii= 3660 error= 0.2146161996125267,  4.02558550104001808E-2,  0.12182494249990961
 ii= 3661 error= 0.19696260602137197,  -3.79260193350541355E-2,  -0.11453516984728743
 ii= 3662 error= 0.12506946680371436,  2.3644511412914699E-2,  7.14431430024989461E-2
 ii= 3663 error= 0.13680982693095856,  -2.54092265547170917E-2,  -7.68845195765463368E-2
 ii= 3664 error= 0.20153528470942969,  3.76374048959350269E-2,  0.11388894956180372
 ii= 3665 error= 0.19155005374736614,  -3.66894982556502797E-2,  -0.11082931422296911
 ii= 3666 error= 0.13856309583426071,  2.64273562257815071E-2,  7.98764741717677279E-2
 ii= 3667 error= 0.14972440447749072,  -2.81370156389591265E-2,  -8.51140197127354531E-2
 ii= 3668 error= 0.21955100957490661,  4.12847987784099937E-2,  0.12494253970670038
 ii= 3669 error= 0.1988032197203711,  -3.8363792215152473E-2,  -0.11584633920321176
 ii= 3670 error= 0.11915333694265492,  2.22870072991729687E-2,  6.73284874523797372E-2
 ii= 3671 error= 0.13002613412131209,  -2.38568720763266129E-2,  -7.21984769262049436E-2
 ii= 3672 error= 0.18756033068104674,  3.48625018651908744E-2,  0.10547880734148875
 ii= 3673 error= 0.18509058937037984,  -3.52432612672774967E-2,  -0.10649014415547151
 ii= 3674 error= 0.15448791995035102,  2.95281599995749176E-2,  8.92762777503789406E-2
 ii= 3675 error= 0.16285316090932139,  -3.08379654358357166E-2,  -9.32537848162819372E-2
 ii= 3676 error= 0.21908076938676291,  4.14728773686028757E-2,  0.12550567492746498
 ii= 3677 error= 0.19851536294852004,  -3.83858578980772747E-2,  -0.1159173848507155
 ii= 3678 error= 0.12218249763614582,  2.29077620536720442E-2,  6.92086374747209743E-2
 ii= 3679 error= 0.13367690324100226,  -2.46273792473002649E-2,  -7.45264935582395371E-2
 ii= 3680 error= 0.19563911114088306,  3.64910777323720556E-2,  0.11041405974204353
 ii= 3681 error= 0.18889450283660542,  -3.61043585206921522E-2,  -0.10907486371518774
 ii= 3682 error= 0.14544036170441194,  2.77804906348285384E-2,  8.39778516860796298E-2
 ii= 3683 error= 0.15567048428935862,  -2.93629509859014495E-2,  -8.88101298246267573E-2
 ii= 3684 error= 0.22227997932920965,  4.1924725179249292E-2,  0.12687983898417673
 ii= 3685 error= 0.19981738333012589,  -3.86276643248074716E-2,  -0.11663817125395728
 ii= 3686 error= 0.11646701912958175,  2.16376904468865254E-2,  6.53598965105183366E-2
 ii= 3687 error= 0.12682439211093663,  -2.30956547173045978E-2,  -6.99008326896524979E-2
 ii= 3688 error= 0.18109137432759606,  3.35778675862337464E-2,  0.10158553972041705
 ii= 3689 error= 0.18188814173319648,  -3.45352655590831781E-2,  -0.10436456880858362
 ii= 3690 error= 0.16271530678400112,  3.10995065568827785E-2,  9.40408471967424803E-2
 ii= 3691 error= 0.16891994366173491,  -3.2091035918226013E-2,  -9.70265417125970031E-2
 ii= 3692 error= 0.21163501812741034,  4.02057423466308725E-2,  0.12165969499872703
 ii= 3693 error= 0.19550395870106355,  -3.7768342171260523E-2,  -0.11407187463132562
 ii= 3694 error= 0.13357529846097274,  2.53500402566967445E-2,  7.66101476997061576E-2
 ii= 3695 error= 0.14588738766102755,  -2.72943841407773252E-2,  -8.25763721552615765E-2
 ii= 3696 error= 0.2171744174127313,  4.08098834739025473E-2,  0.12350266928125898
 ii= 3697 error= 0.19804355906558224,  -3.8190714604239763E-2,  -0.11532997602645763
 ii= 3698 error= 0.12172388641960784,  2.2860981886550457E-2,  6.9066922825280555E-2
 ii= 3699 error= 0.13292369052717479,  -2.45069130135068328E-2,  -7.41620634799461248E-2
 ii= 3700 error= 0.19416694631005771,  3.61880390048477454E-2,  0.10949587199853397
 ii= 3701 error= 0.18827651202671022,  -3.59625106411378889E-2,  -0.10864963970670662
 ii= 3702 error= 0.14716915591176238,  2.81273726172884542E-2,  8.50292787165907588E-2
 ii= 3703 error= 0.15713659908979233,  -2.96730934030220994E-2,  -8.97451362427961058E-2
 ii= 3704 error= 0.22263615479964216,  4.202419188772228E-2,  0.12718058685693748
 ii= 3705 error= 0.19997860322202549,  -3.86733613637844087E-2,  -0.11677591976190546
 ii= 3706 error= 0.11614910962940837,  2.15537124830168479E-2,  6.51049436134528703E-2
 ii= 3707 error= 0.12642509655146264,  -2.29941847536436171E-2,  -6.95949145121126239E-2
 ii= 3708 error= 0.18048436110534155,  3.34592934752421661E-2,  0.1012261477371157
 ii= 3709 error= 0.1815947966498819,  -3.44723528115197173E-2,  -0.10417590240888891
 ii= 3710 error= 0.16366669210813004,  3.1284284632230111E-2,  9.4601113361810929E-2
 ii= 3711 error= 0.16960726403341425,  -3.22365466763239114E-2,  -9.74646756827716176E-2
 ii= 3712 error= 0.2106994707652341,  4.00455057947231366E-2,  0.12117338471890109
 ii= 3713 error= 0.1951321506162598,  -3.7692388720769146E-2,  -0.11384500767129785
 ii= 3714 error= 0.13489596817146352,  2.56183312356918699E-2,  7.74230742944217593E-2
 ii= 3715 error= 0.1471559322574526,  -2.75609453865750705E-2,  -8.33807703795799854E-2
 ii= 3716 error= 0.21884465437685782,  4.11534520326513331E-2,  0.12454375327652778
 ii= 3717 error= 0.19871068447800916,  -3.83473090783514881E-2,  -0.1157993860891716
 ii= 3718 error= 0.1195790106334778,  2.23648691090275291E-2,  6.75629436152022644E-2
 ii= 3719 error= 0.13040031038475111,  -2.39257322888222594E-2,  -7.24077968959247614E-2
 ii= 3720 error= 0.18910686487866807,  3.51827641893047022E-2,  0.10644919859593056
 ii= 3721 error= 0.18590990536135174,  -3.5434759248756359E-2,  -0.10706612098329027
 ii= 3722 error= 0.1532655384130773,  2.93109071429693835E-2,  8.86173603064808607E-2
 ii= 3723 error= 0.16200813357600347,  -3.06791370167078699E-2,  -9.27762732024796227E-2
 ii= 3724 error= 0.22071820929330729,  4.17685235410629602E-2,  0.1264025794593259
 ii= 3725 error= 0.19924267018975411,  -3.85428049350544991E-2,  -0.11638772835387533
 ii= 3726 error= 0.1195442591163907,  2.23054814501656914E-2,  6.73826931149921621E-2
 ii= 3727 error= 0.13052908412561526,  -2.3909235522338701E-2,  -7.23588820802444632E-2
 ii= 3728 error= 0.18957238417166883,  3.52845869835984177E-2,  0.10675769843878163
 ii= 3729 error= 0.18610243849540112,  -3.54815061164488396E-2,  -0.10720634654009246
 ii= 3730 error= 0.15280967322276984,  2.92200674500161517E-2,  8.83421014520451159E-2
 ii= 3731 error= 0.16164801190378586,  -3.06028406292683346E-2,  -9.25463298277289376E-2
 ii= 3732 error= 0.22088815574962636,  4.17925466361457332E-2,  0.12647576811630387
 ii= 3733 error= 0.1993049093557499,  -3.85539291562020728E-2,  -0.11642072360953386
 ii= 3734 error= 0.11927978155373584,  2.22484863558905233E-2,  6.72101537304310714E-2
 ii= 3735 error= 0.13021941151124847,  -2.38415689179648539E-2,  -7.21544013547874979E-2
 ii= 3736 error= 0.18891167302185133,  3.51513288092588014E-2,  0.10635398513490044
 ii= 3737 error= 0.18578563888573696,  -3.54100069823708036E-2,  -0.10699162694977166
 ii= 3738 error= 0.15358434843594373,  2.93692237955164789E-2,  8.87944358507305603E-2
 ii= 3739 error= 0.16224432036928377,  -3.07257383752243055E-2,  -9.29164076108599662E-2
 ii= 3740 error= 0.22043126620665032,  4.17191004675408414E-2,  0.12625281476539185
 ii= 3741 error= 0.19912576027934384,  -3.85182247358702573E-2,  -0.11631409854903853
 ii= 3742 error= 0.12002153173217728,  2.24143600311467392E-2,  6.77129086342988101E-2
 ii= 3743 error= 0.13110133507755789,  -2.40397916129416779E-2,  -7.27529225819194408E-2
 ii= 3744 error= 0.19078862021482243,  3.55266837423069415E-2,  0.10749160902905375
 ii= 3745 error= 0.18668142611680349,  -3.56107056563356103E-2,  -0.10759399565283179
 ii= 3746 error= 0.15137764819942515,  2.89445923197001985E-2,  8.75071037287397935E-2
 ii= 3747 error= 0.16052987578386257,  -3.03733859316664377E-2,  -9.18550286985600761E-2
 ii= 3748 error= 0.22162317480806845,  4.19064193814446539E-2,  0.12682189709728786
 ii= 3749 error= 0.19959493593558755,  -3.86103996908240335E-2,  -0.11658908565440812
 ii= 3750 error= 0.11808336845811113,  2.19815736053493027E-2,  6.64014746408607692E-2
 ii= 3751 error= 0.12878494496650061,  -2.35198778146753704E-2,  -7.11827967642091469E-2
 ii= 3752 error= 0.18586351358165076,  3.45400225546304562E-2,  0.10450156769280666
 ii= 3753 error= 0.18430626621887355,  -3.50786897643103474E-2,  -0.10599686275233437
 ii= 3754 error= 0.1572484650301639,  3.00714464066738074E-2,  9.0923714341482928E-2
 ii= 3755 error= 0.16501178062064994,  -3.12955602962385476E-2,  -9.46322736256625663E-2
 ii= 3756 error= 0.21770933766660641,  4.12664639406531072E-2,  0.12487877040194804
 ii= 3757 error= 0.19804723333848784,  -3.82992107384846209E-2,  -0.11565989483560134
 ii= 3758 error= 0.12439788258714417,  2.33849589428387003E-2,  7.06545274816751945E-2
 ii= 3759 error= 0.1361705822830529,  -2.51730072438646618E-2,  -7.61743152526709877E-2
 ii= 3760 error= 0.20112230223224806,  3.75904464256931609E-2,  0.11374622365192164
 ii= 3761 error= 0.19139957994227566,  -3.6672659323129464E-2,  -0.11078001632330667
 ii= 3762 error= 0.13979723146898215,  2.66824155394006744E-2,  8.06496902449920089E-2
 ii= 3763 error= 0.15092674279681262,  -2.83965991543295472E-2,  -8.58973168601622483E-2
 ii= 3764 error= 0.2211959973165219,  4.16261657179027925E-2,  0.12597727670581374
 ii= 3765 error= 0.19950296539135842,  -3.8528731150925255E-2,  -0.11634109351833859
 ii= 3766 error= 0.11700874701556245,  2.17822779523521651E-2,  6.57984168314608708E-2
 ii= 3767 error= 0.12741408557355693,  -2.32483244190596836E-2,  -7.03615123736165138E-2
 ii= 3768 error= 0.18253097942491073,  3.38620410396315852E-2,  0.10244719831374194
 ii= 3769 error= 0.18264841464557868,  -3.47030354056334991E-2,  -0.10486849365168151
 ii= 3770 error= 0.16107666564431947,  3.07971640672810229E-2,  9.3124337211390823E-2
 ii= 3771 error= 0.16777801118954069,  -3.18624332850911754E-2,  -9.6338566908912418E-2
 ii= 3772 error= 0.21376188860702661,  4.05813038008139906E-2,  0.12279954482658473
 ii= 3773 error= 0.19642202237565265,  -3.79607216433949374E-2,  -0.11464761786135745
 ii= 3774 error= 0.13089347002241875,  2.48075572184650282E-2,  7.49665407933386568E-2
 ii= 3775 error= 0.14331133185376602,  -2.67580167107409062E-2,  -8.09579888777121615E-2
 ii= 3776 error= 0.21389393514399729,  4.01385612511299741E-2,  0.1214687234338299
 ii= 3777 error= 0.19677777571242122,  -3.78942169119452082E-2,  -0.11444167516688013
 ii= 3778 error= 0.12601400249230607,  2.3839680727613808E-2,  7.2033936340548485E-2
 ii= 3779 error= 0.13780006446047591,  -2.56188057678320251E-2,  -7.75179388874497471E-2
 ii= 3780 error= 0.20396215568917572,  3.81283642952793336E-2,  0.11537700372564547
 ii= 3781 error= 0.19265544964745027,  -3.69442288793862469E-2,  -0.11159382395996049
 ii= 3782 error= 0.13639294781630579,  2.60065621800877819E-2,  7.86012286176363262E-2
 ii= 3783 error= 0.14786975229876842,  -2.77655790561460204E-2,  -8.39943105240395227E-2
 ii= 3784 error= 0.21854044550999671,  4.1061783601204313E-2,  0.12426728594768816
 ii= 3785 error= 0.19849298825654144,  -3.82851592580298467E-2,  -0.11561119611218282
 ii= 3786 error= 0.12009097955683298,  2.25040051605766567E-2,  6.79860225149867548E-2
 ii= 3787 error= 0.1310827583394768,  -2.41001590968523832E-2,  -7.29331972878425744E-2
 ii= 3788 error= 0.19007410664738753,  3.53644405313729704E-2,  0.10700023762438758
 ii= 3789 error= 0.1863298190192911,  -3.55212970911999507E-2,  -0.10732497976424867
 ii= 3790 error= 0.15170293071855498,  2.90006454390861028E-2,  8.7677073807044606E-2
 ii= 3791 error= 0.16072977571875013,  -3.04079383858913178E-2,  -9.19587087530797376E-2
 ii= 3792 error= 0.22101680462938195,  4.1792366646010444E-2,  0.12647591194443686
 ii= 3793 error= 0.19931335687430987,  -3.85478484529580973E-2,  -0.11640146834939401
 ii= 3794 error= 0.11904171802913938,  2.22048354964102038E-2,  6.7078367206405809E-2
 ii= 3795 error= 0.12996326339294245,  -2.37923591155527261E-2,  -7.20052707810162618E-2
 ii= 3796 error= 0.18808531671937229,  3.49818442809112298E-2,  0.10584041303818299
 ii= 3797 error= 0.18536280477670844,  -3.53124234807961554E-2,  -0.10669830704297362
 ii= 3798 error= 0.15433991948486706,  2.95079996971701064E-2,  8.92152629465124136E-2
 ii= 3799 error= 0.16279005561526227,  -3.08325360220475624E-2,  -9.32377627272911735E-2
 ii= 3800 error= 0.21963388833827041,  4.15787826006766628E-2,  0.12582703163945552
 ii= 3801 error= 0.19878089082384787,  -3.84450657319560379E-2,  -0.1160950380806169
 ii= 3802 error= 0.12130256717259713,  2.27048825886329957E-2,  6.85936013136827227E-2
 ii= 3803 error= 0.13262555883143939,  -2.43859196031668314E-2,  -7.37977723387135132E-2
 ii= 3804 error= 0.19378146014029718,  3.61228691448329323E-2,  0.10929839229260305
 ii= 3805 error= 0.18806630167819879,  -3.59201437984997055E-2,  -0.10852239628640992
 ii= 3806 error= 0.14777019155505972,  2.82415489212619296E-2,  8.53757250217120761E-2
 ii= 3807 error= 0.15762331216790998,  -2.97714734934866471E-2,  -9.00413865610742992E-2
 ii= 3808 error= 0.22250835912858755,  4.20100749614019595E-2,  0.12713782506057267
 ii= 3809 error= 0.19992653300171626,  -3.86645663452116276E-2,  -0.11674964439942512
 ii= 3810 error= 0.11643623745612869,  2.16192467914134608E-2,  6.53037958600808516E-2
 ii= 3811 error= 0.12678464567938519,  -2.30761234381631347E-2,  -6.98422347049274667E-2
 ii= 3812 error= 0.18132653212745825,  3.36274078015671718E-2,  0.10173589596894383
 ii= 3813 error= 0.18202623457011388,  -3.45681016515232004E-2,  -0.10446335804652741
 ii= 3814 error= 0.16265595153373139,  3.10946557682866137E-2,  9.40263347029544894E-2
 ii= 3815 error= 0.16890076402873197,  -3.20924301799487693E-2,  -9.70308541381010026E-2
 ii= 3816 error= 0.21195784015428543,  4.02668858195615251E-2,  0.12184535610473589
 ii= 3817 error= 0.19566865276066883,  -3.78043974462380014E-2,  -0.1141800675438472
 ii= 3818 error= 0.13332965337299749,  2.53066055745205867E-2,  7.64787340593895554E-2
 ii= 3819 error= 0.14569804882796361,  -2.72610810746891571E-2,  -8.24759760044548318E-2
 ii= 3820 error= 0.2172174845100131,  4.08151406995556909E-2,  0.12351892395117302
 ii= 3821 error= 0.19808901279254551,  -3.81996784598676101E-2,  -0.11535695433399956
 ii= 3822 error= 0.12159326040283484,  2.28311319464502976E-2,  6.89765077881331484E-2
 ii= 3823 error= 0.13275813324416036,  -2.4469046695784983E-2,  -7.40477864633003746E-2
 ii= 3824 error= 0.1939844048666701,  3.61516846333281294E-2,  0.10938594270501144
 ii= 3825 error= 0.18820600021245007,  -3.59469434607810542E-2,  -0.10860299505901036
 ii= 3826 error= 0.14748587501930063,  2.81929966830462737E-2,  8.52284222302714667E-2
 ii= 3827 error= 0.15741166304881568,  -2.97332929054383924E-2,  -8.99265520809107433E-2
 ii= 3828 error= 0.22277388373174092,  4.20559980128986724E-2,  0.12727711455425561
 ii= 3829 error= 0.20004738559382124,  -3.86900566641360452E-2,  -0.11682608646479305
 ii= 3830 error= 0.11599181169375962,  2.15160300251272356E-2,  6.49908013724553035E-2
 ii= 3831 error= 0.12622912810309367,  -2.29476551704701007E-2,  -6.94544459272945086E-2
 ii= 3832 error= 0.18020853475154813,  3.3403633169314384E-2,  0.10105769980906373
 ii= 3833 error= 0.18146267121343007,  -3.44431749318383565E-2,  -0.10408827622044133
 ii= 3834 error= 0.16411345460386276,  3.13719495903488285E-2,  9.48671473689583628E-2
 ii= 3835 error= 0.16992612866532714,  -3.23050147646058994E-2,  -9.76707041928133179E-2
 ii= 3836 error= 0.21025981711907527,  3.99693405702921112E-2,  0.12094245515884769
 ii= 3837 error= 0.19495911977811153,  -3.76566378272153029E-2,  -0.11373813516510156
 ii= 3838 error= 0.13554109226655461,  2.57501416611796499E-2,  7.78226641711517453E-2
 ii= 3839 error= 0.147771540361612,  -2.76912071805983304E-2,  -8.3773730734487073E-2
 ii= 3840 error= 0.21963546704481557,  4.13158897544949263E-2,  0.12503616592458699
 ii= 3841 error= 0.19902804023783943,  -3.84215419462567848E-2,  -0.11602184370783733
 ii= 3842 error= 0.11858402936164023,  2.21339423775632135E-2,  6.68630436663237154E-2
 ii= 3843 error= 0.12921351776070997,  -2.36516546974236998E-2,  -7.15803585509474788E-2
 ii= 3844 error= 0.18673984238830643,  3.47107458423479426E-2,  0.10501887421746127
 ii= 3845 error= 0.18477370629464251,  -3.51816573744510377E-2,  -0.1063063934108212
 ii= 3846 error= 0.15622279197898103,  2.98810995230127177E-2,  9.03463122717979294E-2
 ii= 3847 error= 0.16426899598251696,  -3.11469155625197572E-2,  -9.41850514920325455E-2
 ii= 3848 error= 0.21878250011856706,  4.14533401006469127E-2,  0.12544568712612375
 ii= 3849 error= 0.19849293983922217,  -3.83925827956789409E-2,  -0.11593935613806174
 ii= 3850 error= 0.12265478937609893,  2.2996138490213678E-2,  6.94758040797263388E-2
 ii= 3851 error= 0.1341658479544921,  -2.47225603763217699E-2,  -7.48147299091433682E-2
 ii= 3852 error= 0.19721233190255988,  3.68117095954702406E-2,  0.11138598178616696
 ii= 3853 error= 0.1896621367378582,  -3.62814530322839515E-2,  -0.10960685345411027
 ii= 3854 error= 0.14411520004956807,  2.75344861499596423E-2,  8.32322981159312747E-2
 ii= 3855 error= 0.15463680499535812,  -2.91623071817119044E-2,  -8.82058193042061789E-2
 ii= 3856 error= 0.22281583211978623,  4.20071848222417013E-2,  0.12713067321591412
 ii= 3857 error= 0.2000943818298721,  -3.86828877422658243E-2,  -0.11680370280681629
 ii= 3858 error= 0.11547392686587951,  2.14098913548240871E-2,  6.46694221677992231E-2
 ii= 3859 error= 0.12557091244553772,  -2.2808254888783467E-2,  -6.90331422195637895E-2
 ii= 3860 error= 0.1787677446101795,  3.31112386254408739E-2,  0.10017180196202155
 ii= 3861 error= 0.18072782904658607,  -3.42782224660914264E-2,  -0.10359272475998844
 ii= 3862 error= 0.16592072911635794,  3.17143391246238679E-2,  9.5905567725071722E-2
 ii= 3863 error= 0.17116959129671896,  -3.25626145988012483E-2,  -9.84457384603555086E-2
 ii= 3864 error= 0.20797268528974827,  3.95643338172102649E-2,  0.11971374211335362
 ii= 3865 error= 0.19398155897845415,  -3.74519947538163311E-2,  -0.11312566597564822
 ii= 3866 error= 0.1385641982205211,  2.63521705130307544E-2,  7.96471250654591373E-2
 ii= 3867 error= 0.15052786897223103,  -2.82619136165552544E-2,  -8.54951453083499097E-2
 ii= 3868 error= 0.22211835362372684,  4.18431802632032931E-2,  0.12663362251935978
 ii= 3869 error= 0.19997862849773967,  -3.86505378886029677E-2,  -0.116708204914641
 ii= 3870 error= 0.11567782183452914,  2.14490930053146019E-2,  6.47870652224917104E-2
 ii= 3871 error= 0.12570263737451409,  -2.28317406968150532E-2,  -6.91049770198420565E-2
 ii= 3872 error= 0.179489813758237,  3.32625385486099504E-2,  0.10063006361823006
 ii= 3873 error= 0.18114850025668461,  -3.43770676982867174E-2,  -0.10389040171105543
 ii= 3874 error= 0.1654093073880199,  3.16290281896429992E-2,  9.56465626355198911E-2
 ii= 3875 error= 0.17086976695912592,  -3.25091282639088375E-2,  -9.82854515867650214E-2
 ii= 3876 error= 0.20910769166319079,  3.97750935310329998E-2,  0.1203528299839753
 ii= 3877 error= 0.19452024394518511,  -3.75687309995364135E-2,  -0.11347592454272828
 ii= 3878 error= 0.13732858687537491,  2.61149334000087933E-2,  7.89280113631356389E-2
 ii= 3879 error= 0.14948108651152328,  -2.80535407718817166E-2,  -8.48671440955297007E-2
 ii= 3880 error= 0.22171435525494815,  4.17477042864992653E-2,  0.12634455456001639
 ii= 3881 error= 0.19986682095538461,  -3.86197741110173576E-2,  -0.11661629229924922
 ii= 3882 error= 0.11596473180524605,  2.15179002451808404E-2,  6.49954093765895274E-2
 ii= 3883 error= 0.12602611669995839,  -2.29081880276811103E-2,  -6.93360090249348776E-2
 ii= 3884 error= 0.18031534918040298,  3.34282839135015553E-2,  0.10113234926791355
 ii= 3885 error= 0.18158783723531152,  -3.44751495407117706E-2,  -0.10418522449283658
 ii= 3886 error= 0.16447896120098845,  3.14575499853556942E-2,  9.51265159469733834E-2
 ii= 3887 error= 0.17024338717941065,  -3.23831443346227488E-2,  -9.79065673436861489E-2
 ii= 3888 error= 0.21044587186545757,  4.00142521068669599E-2,  0.12107839944008499
 ii= 3889 error= 0.19510865803223676,  -3.7692587065937852E-2,  -0.11384685651954625
 ii= 3890 error= 0.13567298244475737,  2.5788764855508562E-2,  7.79396042039839504E-2
 ii= 3891 error= 0.14799130527485813,  -2.77488129290413242E-2,  -8.39480944883650576E-2
 ii= 3892 error= 0.22047343065370886,  4.14823786475215714E-2,  0.1255408388359833
 ii= 3893 error= 0.19941112710787434,  -3.85086878512195668E-2,  -0.11628349623946392
 ii= 3894 error= 0.1173723896320034,  2.18508771467101071E-2,  6.60047228060345464E-2
 ii= 3895 error= 0.12772813585188267,  -2.3306493307998586E-2,  -7.05386337113709377E-2
 ii= 3896 error= 0.18394179358850998,  3.41527892820518778E-2,  0.10332804706089777
 ii= 3897 error= 0.18342344092024743,  -3.48822073293370075E-2,  -0.10540770168514282
 ii= 3898 error= 0.15992757309733158,  3.05962073575058759E-2,  9.25146653944672048E-2
 ii= 3899 error= 0.16702758190308523,  -3.17215950331713736E-2,  -9.59155565036524521E-2
 ii= 3900 error= 0.21570520788277245,  4.09347602467575594E-2,  0.12387165031187192
 ii= 3901 error= 0.19729561914659696,  -3.81480262274778367E-2,  -0.11520912246417457
 ii= 3902 error= 0.12763006302541238,  2.40868440775714211E-2,  7.27813834709384461E-2
 ii= 3903 error= 0.13974526883025759,  -2.59605638676273925E-2,  -7.85521513143204037E-2
 ii= 3904 error= 0.20813668541541683,  3.89930341395343036E-2,  0.11799702174777313
 ii= 3905 error= 0.19444472786948819,  -3.7364032815417246E-2,  -0.11285345759310079
 ii= 3906 error= 0.13278210838816687,  2.52877159949351539E-2,  7.64227759414323748E-2
 ii= 3907 error= 0.14467975609826295,  -2.71134402798842676E-2,  -8.20279082740931059E-2
 ii= 3908 error= 0.215535663802015,  4.04378728931407069E-2,  0.12237693895396581
 ii= 3909 error= 0.19741753370981874,  -3.80287703370049135E-2,  -0.11484388070254398
 ii= 3910 error= 0.12365218102782591,  2.33201274103577751E-2,  7.04595506441230562E-2
 ii= 3911 error= 0.13515717786345852,  -2.50313051418701686E-2,  -7.57443734463837115E-2
 ii= 3912 error= 0.1987789438280014,  3.70939299498739827E-2,  0.11224213211118191
 ii= 3913 error= 0.19038206590982773,  -3.64288632000096119E-2,  -0.11004829460763804
 ii= 3914 error= 0.14192326812463565,  2.71051997385771959E-2,  8.19312914817875576E-2
 ii= 3915 error= 0.1527285788071488,  -2.8768848142197323E-2,  -8.70193713375375932E-2
 ii= 3916 error= 0.22197775393018779,  4.18047525210672316E-2,  0.126518059319326
 ii= 3917 error= 0.19976932495477043,  -3.85961733465281925E-2,  -0.11654320891997379
 ii= 3918 error= 0.11632579954364056,  2.16220923235106652E-2,  6.53130247861632568E-2
 ii= 3919 error= 0.12662608423889102,  -2.30639911565829296E-2,  -6.98049302025316454E-2
 ii= 3920 error= 0.18084596843404752,  3.35226254349990024E-2,  0.10141864153687966
 ii= 3921 error= 0.18178404566879772,  -3.45090273254446342E-2,  -0.10428575052143628
 ii= 3922 error= 0.1631314519333818,  3.11849986132799115E-2,  9.43004774889985437E-2
 ii= 3923 error= 0.16922055960324603,  -3.2158395414838746E-2,  -9.72292275903790526E-2
 ii= 3924 error= 0.21129706762767336,  4.01465206102755434E-2,  0.12148036117659841
 ii= 3925 error= 0.19538597580383699,  -3.7742860566007376E-2,  -0.11399581122434024
 ii= 3926 error= 0.13412593917957302,  2.54667954111353033E-2,  7.69642660572845555E-2
 ii= 3927 error= 0.14643346702895402,  -2.74129461866625575E-2,  -8.29340618027697013E-2
 ii= 3928 error= 0.21805988771506113,  4.09873538178144453E-2,  0.12404089799737053
 ii= 3929 error= 0.19841220246694052,  -3.82744288405849481E-2,  -0.11558086096239027
 ii= 3930 error= 0.12058332105139023,  2.26016738564978927E-2,  6.82811172572909825E-2
 ii= 3931 error= 0.13159501946517718,  -2.42040607770845906E-2,  -7.32478236355049578E-2
 ii= 3932 error= 0.1916433334909885,  3.56840897923609152E-2,  0.10796893971292726
 ii= 3933 error= 0.18711573778935167,  -3.57017461647115286E-2,  -0.10786722937368434
 ii= 3934 error= 0.15023654963909802,  2.87281493666978124E-2,  8.68509075769308969E-2
 ii= 3935 error= 0.15962853639333641,  -3.01906391639896916E-2,  -9.13045502722317492E-2
 ii= 3936 error= 0.22213690501909983,  4.19821952113499444E-2,  0.12705222565313126
 ii= 3937 error= 0.19980003630569862,  -3.86487141743470583E-2,  -0.11670338654341152
 ii= 3938 error= 0.1172292861353894,  2.1791966322422484E-2,  6.58269303435900094E-2
 ii= 3939 error= 0.12775482086006465,  -2.32891196510996608E-2,  -7.04859040287890704E-2
 ii= 3940 error= 0.1836537138633004,  3.40951694414720688E-2,  0.10315348315487796
 ii= 3941 error= 0.18321043379635851,  -3.4832712974931207E-2,  -0.1052582682199555
 ii= 3942 error= 0.15992709182727158,  3.05817222222316901E-2,  9.24710022111260299E-2
 ii= 3943 error= 0.1669678931551393,  -3.16980154180470583E-2,  -9.58438881746316723E-2
 ii= 3944 error= 0.21511832669705008,  4.08200492254236005E-2,  0.12352397626238992
 ii= 3945 error= 0.19699674650546972,  -3.80810816022549292E-2,  -0.11500786252109063
 ii= 3946 error= 0.12864020333556667,  2.43165225402462992E-2,  7.34780731626831773E-2
 ii= 3947 error= 0.14088374193114797,  -2.62204177507734393E-2,  -7.93358106277020497E-2
 ii= 3948 error= 0.20988646589496723,  3.93379476156060712E-2,  0.11904240086680089
 ii= 3949 error= 0.19514421785954728,  -3.75212030537047311E-2,  -0.11332399957134175
 ii= 3950 error= 0.13087031669467647,  2.48936391431343398E-2,  7.52286294952417139E-2
 ii= 3951 error= 0.1428568009764456,  -2.67294748347137838E-2,  -8.08692917674190825E-2
 ii= 3952 error= 0.21276038135090738,  3.98776037636716374E-2,  0.12067885721859631
 ii= 3953 error= 0.19630273363932765,  -3.77716008285620131E-2,  -0.11407321533565168
 ii= 3954 error= 0.1273564439483135,  2.41560416881606912E-2,  7.2993523305219174E-2
 ii= 3955 error= 0.13930671863530414,  -2.59706585247619914E-2,  -7.8579217559393913E-2
 ii= 3956 error= 0.20665177077634542,  3.8653343602019663E-2,  0.11696836214526725
 ii= 3957 error= 0.19378819819297841,  -3.71956720780589056E-2,  -0.1123471649872845
 ii= 3958 error= 0.13344542697544409,  2.54126548565532934E-2,  7.68014658128170907E-2
 ii= 3959 error= 0.14514923808377003,  -2.72000593891257338E-2,  -8.22883599860182308E-2
 ii= 3960 error= 0.21533097787930555,  4.0400310156169815E-2,  0.12226287424853757
 ii= 3961 error= 0.19724763026279804,  -3.79917257017795967E-2,  -0.11473201312318645
 ii= 3962 error= 0.12414108389041138,  2.34347425523233101E-2,  7.08073759524895235E-2
 ii= 3963 error= 0.13576289029066768,  -2.51721297202727352E-2,  -7.61688955054751204E-2
 ii= 3964 error= 0.19952662852156455,  3.72388677450707431E-2,  0.11268119819064218
 ii= 3965 error= 0.19066805466863826,  -3.6490928195560865E-2,  -0.11023385560506817
 ii= 3966 error= 0.14077338695517444,  2.68665368441011604E-2,  8.12077311870702673E-2
 ii= 3967 error= 0.15167005969159511,  -2.85397350845709996E-2,  -8.63282885793624222E-2
 ii= 3968 error= 0.22090247531552978,  4.15785021660257381E-2,  0.12583231843975179
 ii= 3969 error= 0.19931071626565533,  -3.84879680107846345E-2,  -0.11621851866578226
 ii= 3970 error= 0.11766596791757403,  2.19376302028618311E-2,  6.62695564386582281E-2
 ii= 3971 error= 0.12826305017980583,  -2.34463418090881462E-2,  -7.09590898741739168E-2
 ii= 3972 error= 0.18394220116805096,  3.41412584607094852E-2,  0.10329313623750597
 ii= 3973 error= 0.18331548074111961,  -3.48483328614974525E-2,  -0.10530446257021928
 ii= 3974 error= 0.15898617074438251,  3.038936163247314E-2,  9.18876364156374359E-2
 ii= 3975 error= 0.16622245954311671,  -3.1533209031513923E-2,  -9.53472473930831732E-2
 ii= 3976 error= 0.21545391188247079,  4.08637105297540507E-2,  0.12365661956149018
 ii= 3977 error= 0.19706728533444196,  -3.8090332671692699E-2,  -0.11503448087595464
 ii= 3978 error= 0.12810629308904506,  2.42096824126475131E-2,  7.31545194457653425E-2
 ii= 3979 error= 0.14034186965025694,  -2.61081899729737332E-2,  -7.89966422397583024E-2
 ii= 3980 error= 0.20857923828764588,  3.90726963293304558E-2,  0.11823824684511632
 ii= 3981 error= 0.19456043953643479,  -3.73862044337487168E-2,  -0.11291891134338922
 ii= 3982 error= 0.13188925604376761,  2.5090974088477231E-2,  7.58263770120495839E-2
 ii= 3983 error= 0.14373899711381724,  -2.69030389643475747E-2,  -8.13926713373617772E-2
 ii= 3984 error= 0.21353982377735639,  4.0039521600052537E-2,  0.12116920930036211
 ii= 3985 error= 0.19655557169982749,  -3.7832519511842938E-2,  -0.11425531562044394
 ii= 3986 error= 0.12644120787490012,  2.39512259605812704E-2,  7.23726994227239656E-2
 ii= 3987 error= 0.13832341082080229,  -2.57496249909462335E-2,  -7.79119938663163231E-2
 ii= 3988 error= 0.2045204638164819,  3.82306208014872861E-2,  0.11568683594512875
 ii= 3989 error= 0.19285143404089672,  -3.69839358987916547E-2,  -0.11171222039289389
 ii= 3990 error= 0.13546619189912271,  2.58110305070807788E-2,  7.80085038305524114E-2
 ii= 3991 error= 0.14695740079531383,  -2.75670122931226461E-2,  -8.33951040613380712E-2
 ii= 3992 error= 0.21708987893220558,  4.07669675442021359E-2,  0.12337358210944536
 ii= 3993 error= 0.19788439248639814,  -3.81440499727738122E-2,  -0.11518809899556454
 ii= 3994 error= 0.12202422993921677,  2.29503042260242179E-2,  6.93389096137491112E-2
 ii= 3995 error= 0.13336164658000482,  -2.46240066291849753E-2,  -7.45143477328091275E-2
 ii= 3996 error= 0.1944742419414616,  3.62375490332159655E-2,  0.10964611755292193
 ii= 3997 error= 0.18836198218766795,  -3.59742154694111665E-2,  -0.10868381344332378
 ii= 3998 error= 0.14632343639245263,  2.79497795588502344E-2,  8.44910599383631999E-2
 ii= 3999 error= 0.15635749230252008,  -2.95008120008900705E-2,  -8.92253094380525552E-2
 ii= 4000 error= 0.22196784000425424,  4.18767886461698727E-2,  0.1267341050869969
 ii= 4001 error= 0.19966138044120596,  -3.85962209934805414E-2,  -0.11654396887645614
 ii= 4002 error= 0.11705838794852919,  2.17741355461361086E-2,  6.57735273103319945E-2
 ii= 4003 error= 0.12756945501144593,  -2.32666769915860182E-2,  -7.04171558766397837E-2
 ii= 4004 error= 0.18252365514195171,  3.38638775781086449E-2,  0.10245218034976658
 ii= 4005 error= 0.18259564101718434,  -3.46915193771683561E-2,  -0.10483370076791119
 ii= 4006 error= 0.16079062866152255,  3.07302675689425514E-2,  9.29211257370296945E-2
 ii= 4007 error= 0.16753348816763949,  -3.18016600190409379E-2,  -9.61554700372538873E-2
 ii= 4008 error= 0.21360470044073251,  4.05457216609371868E-2,  0.12269135814841201
 ii= 4009 error= 0.19630470939947464,  -3.79333921702177529E-2,  -0.11456528768939277
 ii= 4010 error= 0.13098886730281353,  2.4826618719726367E-2,  7.50241542547967488E-2
 ii= 4011 error= 0.14339268710133213,  -2.67740461281600513E-2,  -8.10061920785618561E-2
 ii= 4012 error= 0.21367096755341428,  4.00941536131281043E-2,  0.12133368082390383
 ii= 4013 error= 0.19664890113550143,  -3.78650162426256917E-2,  -0.11435393235201635
 ii= 4014 error= 0.12633059954137496,  2.39112467906311479E-2,  7.22507168721098214E-2
 ii= 4015 error= 0.13816639201955522,  -2.57020102057137524E-2,  -7.77689934501551161E-2
 ii= 4016 error= 0.20439739716912447,  3.82145769853003414E-2,  0.11563785600590756
 ii= 4017 error= 0.19281690863153897,  -3.69806796566247709E-2,  -0.11170297280014074
 ii= 4018 error= 0.13577649672867267,  2.5876099442035505E-2,  7.82054725329440342E-2
 ii= 4019 error= 0.14727736206094988,  -2.76365576619643193E-2,  -8.36051969280618007E-2
 ii= 4020 error= 0.21764244582353157,  4.08807105923306366E-2,  0.12371809944257271
 ii= 4021 error= 0.19811856767402272,  -3.81993293765795563E-2,  -0.11535400609406558
 ii= 4022 error= 0.12124978702126392,  2.27695475296965377E-2,  6.87907081373943241E-2
 ii= 4023 error= 0.13244489066339374,  -2.44118499860493596E-2,  -7.387416308737077E-2
 ii= 4024 error= 0.19267539499997252,  3.58827526490921173E-2,  0.10857067008494636
 ii= 4025 error= 0.18753800779974378,  -3.57914905022844593E-2,  -0.10813579051948118
 ii= 4026 error= 0.14848913688414733,  2.83730964480573937E-2,  8.57742047852789041E-2
 ii= 4027 error= 0.15814659066215966,  -2.98711088057802172E-2,  -9.03413717868115779E-2
 ii= 4028 error= 0.22186312726977578,  4.18964803187389864E-2,  0.12679270047864685
 ii= 4029 error= 0.19962381846964319,  -3.86001827829277541E-2,  -0.11655677710753759
 ii= 4030 error= 0.11746838667536512,  2.18574772069903486E-2,  6.60257300390806323E-2
 ii= 4031 error= 0.12806754485771246,  -2.33710703141305834E-2,  -7.07328064595514339E-2
 ii= 4032 error= 0.18373862139926578,  3.41105067790865857E-2,  0.10319946102230894
 ii= 4033 error= 0.18321255050836552,  -3.4831067824615182E-2,  -0.10525297569327502
 ii= 4034 error= 0.15940881010081559,  3.04702073805831995E-2,  9.21324497730555553E-2
 ii= 4035 error= 0.16654905709920237,  -3.16009465421132202E-2,  -9.55514516015905369E-2
 ii= 4036 error= 0.21515756574759604,  4.08178825245809479E-2,  0.12351714236784195
 ii= 4037 error= 0.19695614849991491,  -3.80698948870582324E-2,  -0.11497370794883333
 ii= 4038 error= 0.12856284670941165,  2.43044874091215349E-2,  7.34415164803867704E-2
 ii= 4039 error= 0.14082565300790184,  -2.62116050822528181E-2,  -7.93089964484254423E-2
 ii= 4040 error= 0.2094494314562256,  3.9249732554134012E-2,  0.11877450360603285
 ii= 4041 error= 0.19492768927481838,  -3.74717425006010282E-2,  -0.11317549246171812
 ii= 4042 error= 0.13108474031154604,  2.49277908595909592E-2,  7.53316590376883616E-2
 ii= 4043 error= 0.1430026840950582,  -2.67509396038661598E-2,  -8.09340042234489021E-2
 ii= 4044 error= 0.21256591580458381,  3.98435606238719889E-2,  0.12057506956222964
 ii= 4045 error= 0.19618124781340246,  -3.77465947140756333E-2,  -0.11399810337798909
 ii= 4046 error= 0.12768768215885642,  2.42288091246148189E-2,  7.32138592257132875E-2
 ii= 4047 error= 0.13968605466566464,  -2.6055171654625741E-2,  -7.8834243579525537E-2
 ii= 4048 error= 0.20709401879255535,  3.87421131177768316E-2,  0.1172368587585832
 ii= 4049 error= 0.19394959056942254,  -3.72329810943387227E-2,  -0.11245888307101291
 ii= 4050 error= 0.13285370179661207,  2.52859087189303035E-2,  7.64169196528700218E-2
 ii= 4051 error= 0.14456840190048242,  -2.70731650892761903E-2,  -8.19056265806249878E-2
 ii= 4052 error= 0.21430641557532518,  4.01964712610769007E-2,  0.12164454175023465
 ii= 4053 error= 0.1968187409394021,  -3.78946218508419072E-2,  -0.11444107211065632
 ii= 4054 error= 0.12550407543949851,  2.37411592389855063E-2,  7.17358829626991573E-2
 ii= 4055 error= 0.13730250714890765,  -2.55197038493574016E-2,  -7.72180030899882741E-2
 ii= 4056 error= 0.20234235852194421,  3.77985510422918156E-2,  0.11437697351186689
 ii= 4057 error= 0.19188948531953354,  -3.67666102246554244E-2,  -0.11106052344395287
 ii= 4058 error= 0.13761805882287023,  2.62352518721013124E-2,  7.92939200639441732E-2
 ii= 4059 error= 0.14886768476849013,  -2.79564147331708077E-2,  -8.45694743233571244E-2
 ii= 4060 error= 0.21868747465640714,  4.11055927389718315E-2,  0.12439919311509187
 ii= 4061 error= 0.19846138566765392,  -3.82836440537004247E-2,  -0.11560621109039992
 ii= 4062 error= 0.12018370944401703,  2.2524753238033695E-2,  6.80488919229691874E-2
 ii= 4063 error= 0.131239540156285,  -2.41358771767406395E-2,  -7.30408380703239796E-2
 ii= 4064 error= 0.18995133249252449,  3.53397053535229599E-2,  0.10692469689087399
 ii= 4065 error= 0.18623062800669327,  -3.54980334754924354E-2,  -0.10725489463854618
 ii= 4066 error= 0.15152669369600905,  2.89550321268037814E-2,  8.7538330885966964E-2
 ii= 4067 error= 0.16054665325697248,  -3.03600634539110265E-2,  -9.18143636244527078E-2
 ii= 4068 error= 0.22061172115957453,  4.17115532012241677E-2,  0.12623042711634844
 ii= 4069 error= 0.19910569284564408,  -3.85012899238880227E-2,  -0.1162616965560071
 ii= 4070 error= 0.11963406056454232,  2.23420603065531478E-2,  6.74941417859768467E-2
 ii= 4071 error= 0.13068577231523021,  -2.39592975586456203E-2,  -7.25091923507030917E-2
 ii= 4072 error= 0.18924017611470056,  3.52128659550614287E-2,  0.10653999257077673
 ii= 4073 error= 0.18589066131638302,  -3.54299456491062939E-2,  -0.10705096212764881
 ii= 4074 error= 0.15271286252391442,  2.91865715219564795E-2,  8.82402681973590564E-2
 ii= 4075 error= 0.16150651868549956,  -3.0560760083153473E-2,  -9.24191727358148474E-2
 ii= 4076 error= 0.22027463272380016,  4.16716810356080464E-2,  0.12610895407238762
 ii= 4077 error= 0.19899692454500231,  -3.84848561709951256E-2,  -0.11621328411407519
 ii= 4078 error= 0.12021619950236383,  2.24659204994742748E-2,  6.7869266336309117E-2
 ii= 4079 error= 0.1313594600044142,  -2.41052315673375081E-2,  -7.29501348106070674E-2
 ii= 4080 error= 0.19083837702990639,  3.55350396352273196E-2,  0.10751639926994182
 ii= 4081 error= 0.18666628742205529,  -3.56056564776480247E-2,  -0.10757855120893374
 ii= 4082 error= 0.1509774703723735,  2.88558855712478524E-2,  8.72377252116901952E-2
 ii= 4083 error= 0.16016846704122883,  -3.02889274054190839E-2,  -9.16004589366499894E-2
 ii= 4084 error= 0.22130639676813579,  4.18383332721303305E-2,  0.1266151197407076
 ii= 4085 error= 0.19942182171787151,  -3.8570335845651782E-2,  -0.11646865655433769
 ii= 4086 error= 0.11851928731146083,  2.20841770648275357E-2,  6.67123498891695615E-2
 ii= 4087 error= 0.12932454173900326,  -2.36462128523589853E-2,  -7.15641063604786354E-2
 ii= 4088 error= 0.18662300603939047,  3.46923242211727156E-2,  0.10496258393760113
 ii= 4089 error= 0.18465004878217622,  -3.51548617494641044E-2,  -0.10622542965250435
 ii= 4090 error= 0.15606107009505651,  2.98353987823135186E-2,  9.02075528709825603E-2
 ii= 4091 error= 0.16409598813982201,  -3.10992673068237087E-2,  -9.40411728336561364E-2
 ii= 4092 error= 0.21834733369173653,  4.13667797958212138E-2,  0.12518298996285121
 ii= 4093 error= 0.19826295806221853,  -3.83411711732699473E-2,  -0.11578480142898254
 ii= 4094 error= 0.1233446807140276,  2.31550161522219994E-2,  6.99574622048797362E-2
 ii= 4095 error= 0.13498428070322763,  -2.49110125048700171E-2,  -7.53832952018588798E-2
 ii= 4096 error= 0.19849343096046232,  3.70661740620127564E-2,  0.11215681315292811
 ii= 4097 error= 0.19020862049383422,  -3.64038284582105937E-2,  -0.10997362222597912
 ii= 4098 error= 0.14246483865547513,  2.72018273159876679E-2,  8.22236277754660461E-2
 ii= 4099 error= 0.15319915868465522,  -2.88585088393910096E-2,  -8.72899168664949959E-2
 ii= 4100 error= 0.22203349579613113,  4.18301515530903265E-2,  0.12659421067145521
 ii= 4101 error= 0.19977000154706306,  -3.86028788774398571E-2,  -0.11656349333554487
 ii= 4102 error= 0.11630555205773932,  2.16085090897650024E-2,  6.52713836543654391E-2
 ii= 4103 error= 0.12658662928143319,  -2.30484998798488223E-2,  -6.97583715574176394E-2
 ii= 4104 error= 0.18060604233515751,  3.34803222473614159E-2,  0.10128988922099894
 ii= 4105 error= 0.18165559542511797,  -3.44838497306081751E-2,  -0.1042102682240801
 ii= 4106 error= 0.16337732142965455,  3.12274361870881582E-2,  9.44286786236094716E-2
 ii= 4107 error= 0.16939695291837539,  -3.21914168769146941E-2,  -9.73287600922997792E-2
 ii= 4108 error= 0.21096389687237016,  4.00905569999404632E-2,  0.12131003939338116
 ii= 4109 error= 0.19523343097872567,  -3.7713111654837643E-2,  -0.11390684066109875
 ii= 4110 error= 0.13449273117347105,  2.55354264366205765E-2,  7.71717927849302487E-2
 ii= 4111 error= 0.14676589691337635,  -2.74780525115035611E-2,  -8.31306265659696592E-2
 ii= 4112 error= 0.21830505745090203,  4.10431722595930928E-2,  0.12420947540551319
 ii= 4113 error= 0.19849258410749848,  -3.82965460123727286E-2,  -0.1156472050500886
 ii= 4114 error= 0.12026887347635724,  2.25243575236929831E-2,  6.80463656353688523E-2
 ii= 4115 error= 0.13121798409228702,  -2.4114065468086681E-2,  -7.29763058433102046E-2
 ii= 4116 error= 0.19072661207917468,  3.55054392048082465E-2,  0.10742701054378678
 ii= 4117 error= 0.18667609889550346,  -3.56057205655640335E-2,  -0.10757916847880973
 ii= 4118 error= 0.15127174479839925,  2.89247214283314368E-2,  8.7446430723630772E-2
 ii= 4119 error= 0.16044650565433358,  -3.03560853097635981E-2,  -9.18031267064303991E-2
 ii= 4120 error= 0.22165745868615272,  4.19116406176276574E-2,  0.12683734435227623
 ii= 4121 error= 0.19960186009616029,  -3.86119872357023053E-2,  -0.11659391938270933
 ii= 4122 error= 0.11799485228154338,  2.1960037432104805E-2,  6.63358686383824225E-2
 ii= 4123 error= 0.12867521085347725,  -2.34937437157110747E-2,  -7.11040607039287453E-2
 ii= 4124 error= 0.18552598232022119,  3.4474022244834035E-2,  0.10430114106145345
 ii= 4125 error= 0.18413460516933733,  -3.50409363200544985E-2,  -0.10588365157774841
 ii= 4126 error= 0.15759737934806864,  3.01354950435490966E-2,  9.11175588194736846E-2
 ii= 4127 error= 0.16526642411751175,  -3.13455807849119805E-2,  -9.47830277755244976E-2
 ii= 4128 error= 0.21731819670361785,  4.11990655324582233E-2,  0.12467387098832815
 ii= 4129 error= 0.19788044266882074,  -3.8264737520326414E-2,  -0.11555689715495585
 ii= 4130 error= 0.12501464228706827,  2.35207674533828744E-2,  7.10658819460075197E-2
 ii= 4131 error= 0.13687083393792793,  -2.53287728361907549E-2,  -7.66446507190185478E-2
 ii= 4132 error= 0.20239221566742388,  3.78446214384109691E-2,  0.11451619824341921
 ii= 4133 error= 0.19194952516124358,  -3.67973101033136213E-2,  -0.11115391021444034
 ii= 4134 error= 0.1384005809136841,  2.64031142283526303E-2,  7.98028536932937349E-2
 ii= 4135 error= 0.14969274352418335,  -2.81399315421930543E-2,  -8.51235225748323832E-2
 ii= 4136 error= 0.22023742172027141,  4.14214365252707911E-2,  0.12535675164178975
 ii= 4137 error= 0.19914007665318456,  -3.8441156988799921E-2,  -0.11607875955523574
 ii= 4138 error= 0.11808239596224186,  2.20340950234016071E-2,  6.65614624313668746E-2
 ii= 4139 error= 0.12869938646021514,  -2.35472464161074202E-2,  -7.12641242882513792E-2
 ii= 4140 error= 0.18515392326764049,  3.43864557965440631E-2,  0.10403617436851016
 ii= 4141 error= 0.18395311673493683,  -3.49931953708136345E-2,  -0.10573985997534582
 ii= 4142 error= 0.15775653162084827,  3.01636566009663119E-2,  9.12031322160998525E-2
 ii= 4143 error= 0.16535892724972315,  -3.13625271874023864E-2,  -9.48337430576888657E-2
 ii= 4144 error= 0.21699023864739833,  4.11367476791066056E-2,  0.1244849944324059
 ii= 4145 error= 0.19772941966220606,  -3.82310007104566529E-2,  -0.11545563080505573
 ii= 4146 error= 0.12556201084947599,  2.36456732513230933E-2,  7.14447104156147317E-2
 ii= 4147 error= 0.13750175970166931,  -2.54727229996095234E-2,  -7.70789342467854549E-2
 ii= 4148 error= 0.20351084914637688,  3.80653119421251393E-2,  0.11518512919029053
 ii= 4149 error= 0.19242544286713567,  -3.69035965664109636E-2,  -0.11147240863056015
 ii= 4150 error= 0.13714959923564943,  2.61520913014996158E-2,  7.90421180012388924E-2
 ii= 4151 error= 0.14856462139571705,  -2.79050583802306594E-2,  -8.44151140192385685E-2
 ii= 4152 error= 0.21918373135561645,  4.11993529931765842E-2,  0.12468392536768601
 ii= 4153 error= 0.1987351643639674,  -3.83441109534896768E-2,  -0.11578789036249093
 ii= 4154 error= 0.1193408402858412,  2.23285522020497569E-2,  6.74540830527388668E-2
 ii= 4155 error= 0.13019903237452635,  -2.38952763155165886E-2,  -7.2314748633419676E-2
 ii= 4156 error= 0.18824181422855449,  3.50010223484545913E-2,  0.10589871976385591
 ii= 4157 error= 0.18545482318672407,  -3.53269471340338925E-2,  -0.10674171060412521
 ii= 4158 error= 0.15392836405765473,  2.9429389837873153E-2,  8.89768501536577217E-2
 ii= 4159 error= 0.162464587682388,  -3.07654319575001757E-2,  -9.30355971814732507E-2
 ii= 4160 error= 0.21984027242975593,  4.16094474181385177E-2,  0.12592011157606453
 ii= 4161 error= 0.19885520407196966,  -3.84588678029686992E-2,  -0.11613610255404137
 ii= 4162 error= 0.12095956032812762,  2.26300492892013982E-2,  6.83667837736552653E-2
 ii= 4163 error= 0.13223026387227252,  -2.42985689799140765E-2,  -7.35339900115807854E-2
 ii= 4164 error= 0.19289679732190795,  3.59457324888714583E-2,  0.10876143125122602
 ii= 4165 error= 0.18765086506238979,  -3.58264023339145837E-2,  -0.1082410768128003
 ii= 4166 error= 0.14873724391794266,  2.84279957800998226E-2,  8.59408351668633358E-2
 ii= 4167 error= 0.15840063543127475,  -2.99301132980025648E-2,  -9.05194021965117779E-2
 ii= 4168 error= 0.22225097883172418,  4.19779481498270199E-2,  0.12703984185955561
 ii= 4169 error= 0.19981815390182028,  -3.86455626561978127E-2,  -0.11669308463028999
 ii= 4170 error= 0.1169205688987356,  2.17273491680304714E-2,  6.56312677322174881E-2
 ii= 4171 error= 0.12738341511140747,  -2.321036245399297E-2,  -7.02477318864413308E-2
 ii= 4172 error= 0.18259987025664906,  3.38836070088601379E-2,  0.10251215299906498
 ii= 4173 error= 0.18266827083585663,  -3.47113685181939524E-2,  -0.10489367675752125
 ii= 4174 error= 0.1610619308730348,  3.07920339399196559E-2,  9.31085534053070485E-2
 ii= 4175 error= 0.16776975757630719,  -3.18588893199459808E-2,  -9.63280086721549772E-2
 ii= 4176 error= 0.21374233071074597,  4.05787384724611705E-2,  0.1227915347365509
 ii= 4177 error= 0.1964100074032403,  -3.79587772075802021E-2,  -0.11464185142139982
 ii= 4178 error= 0.13091367577675408,  2.48109710492626957E-2,  7.49767128459429555E-2
 ii= 4179 error= 0.14333234354179678,  -2.67619003621700075E-2,  -8.09697883117215939E-2
 ii= 4180 error= 0.2138875027289743,  4.01383575284280786E-2,  0.12146789098868688
 ii= 4181 error= 0.19677198876181007,  -3.78935376248959663E-2,  -0.11443969183528821
 ii= 4182 error= 0.12601081118437568,  2.38378823956533828E-2,  7.20283187563410116E-2
 ii= 4183 error= 0.13779531201363904,  -2.56169064403981503E-2,  -7.75122844764790375E-2
 ii= 4184 error= 0.20390982574469554,  3.81189901435078707E-2,  0.11534839128900788
 ii= 4185 error= 0.19263023236322388,  -3.69390970867269422E-2,  -0.11157849128742964
 ii= 4186 error= 0.13643083024558963,  2.60129144209902373E-2,  7.86203117579378358E-2
 ii= 4187 error= 0.1479015427912293,  -2.77710824124214398E-2,  -8.4010978853033505E-2
 ii= 4188 error= 0.21853024871165022,  4.10610552057104755E-2,  0.1242648770856989
 ii= 4189 error= 0.19848495212415257,  -3.82839949184696146E-2,  -0.11560775226295851
 ii= 4190 error= 0.12010471524809054,  2.25062484376841801E-2,  6.79926820305186697E-2
 ii= 4191 error= 0.13109879159127832,  -2.41031237950106031E-2,  -7.2942215599621954E-2
 ii= 4192 error= 0.19006596450633054,  3.53636423144467818E-2,  0.10699764232020557
 ii= 4193 error= 0.18632400072602354,  -3.55203796218084844E-2,  -0.10732227601911856
 ii= 4194 error= 0.15169140609282206,  2.89974239185353498E-2,  8.76671523897540883E-2
 ii= 4195 error= 0.1607197790300213,  -3.04049689959257664E-2,  -9.19498233063762715E-2
 ii= 4196 error= 0.2209919052089209,  4.17879083519780703E-2,  0.12646223101240284
 ii= 4197 error= 0.19930032941915057,  -3.85452257824749414E-2,  -0.11639364241537618
 ii= 4198 error= 0.11907068204028202,  2.22109740225034241E-2,  6.70968515014401107E-2
 ii= 4199 error= 0.12999783549337748,  -2.37998838957851448E-2,  -7.20280463331396115E-2
 ii= 4200 error= 0.18811939252994089,  3.49892882356314661E-2,  0.10586281476302213
 ii= 4201 error= 0.18537766807943512,  -3.53160061103013623E-2,  -0.10670910599766667
 ii= 4202 error= 0.15427790578595826,  2.94952356003636805E-2,  8.91764228726781849E-2
 ii= 4203 error= 0.16274185246533826,  -3.08218122264357561E-2,  -9.32055182348532629E-2
 ii= 4204 error= 0.21964800115965191,  4.1580752667295065E-2,  0.12583288222333883
 ii= 4205 error= 0.19878357040548017,  -3.84455797618334857E-2,  -0.11609657741026064
 ii= 4206 error= 0.12127125737010458,  2.26977205511444992E-2,  6.85717892724628381E-2
 ii= 4207 error= 0.13258954977996298,  -2.43776984047411847E-2,  -7.37729958071246805E-2
 ii= 4208 error= 0.19367297378368264,  3.61016808005430942E-2,  0.10923403489218032
 ii= 4209 error= 0.18801449167378223,  -3.59086950311678435E-2,  -0.10848807985998365
 ii= 4210 error= 0.14787605310789179,  2.82613686217196153E-2,  8.54356827129342106E-2
 ii= 4211 error= 0.15770820670559213,  -2.9788224699568204E-2,  -9.00919110868989709E-2
 ii= 4212 error= 0.2224640088155368,  4.20038132975794412E-2,  0.12711865241192069
 ii= 4213 error= 0.19990651472117357,  -3.86608865043936573E-2,  -0.11673869231022262
 ii= 4214 error= 0.116508055952963,  2.16350606705419946E-2,  6.5351614385891918E-2
 ii= 4215 error= 0.12687327374460539,  -2.30958348858985411E-2,  -6.99018193249523051E-2
 ii= 4216 error= 0.18149077676307609,  3.36609122550051362E-2,  0.10183729890947177
 ii= 4217 error= 0.18210879687596193,  -3.45866847537410552E-2,  -0.10451921465009226
 ii= 4218 error= 0.1624359229117493,  3.10524348095233965E-2,  9.38981858225312466E-2
 ii= 4219 error= 0.16874583724702738,  -3.20599572112810136E-2,  -9.6933172186050659E-2
 ii= 4220 error= 0.21219827090056678,  4.0309117903465197E-2,  0.12197338420558661
 ii= 4221 error= 0.19576767688220387,  -3.78251177465623104E-2,  -0.11424207425618307
 ii= 4222 error= 0.13301187327023589,  2.52422802351276732E-2,  7.62837206761213804E-2
 ii= 4223 error= 0.14539614770592274,  -2.71980130915071977E-2,  -8.22857310678087595E-2
 ii= 4224 error= 0.21681436869051512,  4.07328617611067145E-2,  0.12326947828680734
 ii= 4225 error= 0.19793045150705846,  -3.81626916575136393E-2,  -0.11524616230273695
 ii= 4226 error= 0.12210590805387414,  2.29486303779374116E-2,  6.93325945255257314E-2
 ii= 4227 error= 0.13335304628490507,  -2.46051131334960455E-2,  -7.44585487336571206E-2
 ii= 4228 error= 0.19516785386057359,  3.63869695681196328E-2,  0.11009892303334232
 ii= 4229 error= 0.18874943952272419,  -3.60685861200280705E-2,  -0.108967962601494
 ii= 4230 error= 0.14610074389528765,  2.79224099960317593E-2,  8.44080570037493011E-2
 ii= 4231 error= 0.15627094695541788,  -2.94977600607744632E-2,  -8.92167784735388852E-2
 ii= 4232 error= 0.22282619223255756,  4.20418803352623632E-2,  0.12723481858857222
 ii= 4233 error= 0.20007019899344522,  -3.8687853309751663E-2,  -0.11681902596175997
 ii= 4234 error= 0.11573505369398729,  2.14623323515683133E-2,  6.48281146189235019E-2
 ii= 4235 error= 0.12590878116216445,  -2.2879040400366521E-2,  -6.92471007534561367E-2
 ii= 4236 error= 0.1794285504001307,  3.32461264958378092E-2,  0.1005803019519816
 ii= 4237 error= 0.18105957703096648,  -3.43528161895105058E-2,  -0.10381683357814459
 ii= 4238 error= 0.16503184710827501,  3.15439190791729981E-2,  9.53885566945849445E-2
 ii= 4239 error= 0.17055629318703372,  -3.24337310547355429E-2,  -9.80579970876940821E-2
 ii= 4240 error= 0.20904351363534912,  3.97535379728600827E-2,  0.12028760253901292
 ii= 4241 error= 0.1944331214632557,  -3.75463279004305053E-2,  -0.1134079646658339
 ii= 4242 error= 0.13708596881107624,  2.60563499797541454E-2,  7.87504797770685744E-2
 ii= 4243 error= 0.14917931573568169,  -2.79808372295333764E-2,  -8.46474027536189277E-2
 ii= 4244 error= 0.22091760561356,  4.15877556007361246E-2,  0.12585965954295983
 ii= 4245 error= 0.19951151511692347,  -3.8538146510407198E-2,  -0.1163713051265159
 ii= 4246 error= 0.1170804666302067,  2.17807307711429081E-2,  6.57922727014103592E-2
 ii= 4247 error= 0.12741173425767929,  -2.32319431208197723E-2,  -7.03132787477991072E-2
 ii= 4248 error= 0.18296428025738787,  3.39578739657155765E-2,  0.1027371061706833
 ii= 4249 error= 0.18290679040546201,  -3.47669216590844252E-2,  -0.10506122959437265
 ii= 4250 error= 0.16092089368445475,  3.07767996754534957E-2,  9.30621057096781557E-2
 ii= 4251 error= 0.16771733229563368,  -3.18570266442895628E-2,  -9.63230106436318706E-2
 ii= 4252 error= 0.21436961205761293,  4.06982610817986784E-2,  0.12315386062673284
 ii= 4253 error= 0.19671604987654157,  -3.8026375602148256E-2,  -0.11484491397349864
 ii= 4254 error= 0.12982635574550153,  2.45672695264068514E-2,  7.42375792205739321E-2
 ii= 4255 error= 0.14214087466764067,  -2.64925257107452052E-2,  -8.01574147127040587E-2
 ii= 4256 error= 0.21210916920968273,  3.97866046365758369E-2,  0.120401791823346
 ii= 4257 error= 0.19607149745809202,  -3.77350492953770073E-2,  -0.11396523829827776
 ii= 4258 error= 0.1285938717744784,  2.44173864114259967E-2,  7.37850001822463464E-2
 ii= 4259 error= 0.1406431112896861,  -2.62587538347590528E-2,  -7.94493772591609443E-2
 ii= 4260 error= 0.20936395320601464,  3.91989173936215865E-2,  0.11862159264461374
 ii= 4261 error= 0.19495251872520175,  -3.74630329523121738E-2,  -0.11314908795011687
 ii= 4262 error= 0.13095708525625877,  2.49151830092845562E-2,  7.52937480887493765E-2
 ii= 4263 error= 0.1428925608893728,  -2.67389541012312409E-2,  -8.08977605903705016E-2
 ii= 4264 error= 0.21264062326398964,  3.98526038450849399E-2,  0.1206028495613585
 ii= 4265 error= 0.19623975753978076,  -3.7756889328450137E-2,  -0.11402905833802948
 ii= 4266 error= 0.1275283458845704,  2.41956976251563594E-2,  7.31136024670070994E-2
 ii= 4267 error= 0.13950664209955216,  -2.60163752677097827E-2,  -7.87172007692193837E-2
 ii= 4268 error= 0.20691733467623627,  3.87053969799864353E-2,  0.11712585638447656
 ii= 4269 error= 0.19389065391802743,  -3.72183634621673434E-2,  -0.11241516282708837
 ii= 4270 error= 0.13310425724553429,  2.53412432749379711E-2,  7.65848217225724714E-2
 ii= 4271 error= 0.14481917040845851,  -2.71290028517685092E-2,  -8.20740713105231057E-2
 ii= 4272 error= 0.21479206633143483,  4.02919612075596303E-2,  0.12193422942066803
 ii= 4273 error= 0.19702632978867762,  -3.79407752386100722E-2,  -0.1145793976639909
 ii= 4274 error= 0.12486096104577826,  2.3598085096712261E-2,  7.13023413627101171E-2
 ii= 4275 error= 0.13658214205006014,  -2.53580084599212413E-2,  -7.67299811002533361E-2
 ii= 4276 error= 0.20106582589039262,  3.7543995362191121E-2,  0.11360572953222658
 ii= 4277 error= 0.19134237612038074,  -3.66423703043456672E-2,  -0.11068803030216703
 ii= 4278 error= 0.13904737997275096,  2.65230587363298291E-2,  8.01664381080638283E-2
 ii= 4279 error= 0.15014979723178229,  -2.82242165634359679E-2,  -8.53770118265405054E-2
 ii= 4280 error= 0.21983828191981628,  4.1347264658972975E-2,  0.12513164629439594
 ii= 4281 error= 0.19890773494788169,  -3.83893530123916513E-2,  -0.11592297617352483
 ii= 4282 error= 0.11884388596998532,  2.22148729447234315E-2,  6.71097672225073189E-2
 ii= 4283 error= 0.12966548320147606,  -2.37732063566803743E-2,  -7.19459466607867276E-2
 ii= 4284 error= 0.18679605817127093,  3.47102394087547908E-2,  0.10501726068419832
 ii= 4285 error= 0.18471830800737776,  -3.51601512949268544E-2,  -0.10624069321077886
 ii= 4286 error= 0.15540768708757685,  2.97042748275503365E-2,  8.98101700413807408E-2
 ii= 4287 error= 0.16355287738126295,  -3.09817480887188586E-2,  -9.36868428108934836E-2
 ii= 4288 error= 0.2184207176094618,  4.13638773099233928E-2,  0.12517464996512004
 ii= 4289 error= 0.19825289771182619,  -3.83326687085826096E-2,  -0.11575857112073486
 ii= 4290 error= 0.12325335161934244,  2.31451222601130914E-2,  6.99279149329564281E-2
 ii= 4291 error= 0.1349141231403265,  -2.49035470530126028E-2,  -7.53603384237479523E-2
 ii= 4292 error= 0.19814722007192528,  3.69916445034065289E-2,  0.11193102158008041
 ii= 4293 error= 0.19003170039943595,  -3.63604209523828575E-2,  -0.10984308109054863
 ii= 4294 error= 0.14265711136990897,  2.72352247111602164E-2,  8.23249242241286261E-2
 ii= 4295 error= 0.15332714539283204,  -2.88803120088203663E-2,  -8.73554161378526511E-2
 ii= 4296 error= 0.22179771633755421,  4.17855233229484299E-2,  0.12645888149641857
 ii= 4297 error= 0.19965280080388681,  -3.8576323056172368E-2,  -0.1164837689248355
 ii= 4298 error= 0.11670891583666095,  2.17049121402592415E-2,  6.55637596935896849E-2
 ii= 4299 error= 0.12710058818912551,  -2.31692271487764154E-2,  -7.01227575125485392E-2
 ii= 4300 error= 0.18157923114843139,  3.36731925606836846E-2,  0.10187439060402119
 ii= 4301 error= 0.18213680842404273,  -3.45890672183272255E-2,  -0.10452612807434401
 ii= 4302 error= 0.16203708866413175,  3.0970481128927016E-2,  9.36495283347097557E-2
 ii= 4303 error= 0.16843630672760909,  -3.19907296929373558E-2,  -9.6724655133899537E-2
 ii= 4304 error= 0.21237236664534939,  4.03337142327317155E-2,  0.12204795951617259
 ii= 4305 error= 0.19580864123101352,  -3.78312675432471088E-2,  -0.11426007217900848
 ii= 4306 error= 0.13261099311854171,  2.51558821883942282E-2,  7.60217807325711814E-2
 ii= 4307 error= 0.14496865522513711,  -2.71032967608156768E-2,  -8.19998206436204913E-2
 ii= 4308 error= 0.21596965042896621,  4.05625464831030416E-2,  0.12275310708357549
 ii= 4309 error= 0.19756979611077721,  -3.80794497815185734E-2,  -0.11499658351805869
 ii= 4310 error= 0.12327624262286607,  2.3217315136103079E-2,  7.01470579858313598E-2
 ii= 4311 error= 0.13471611803492337,  -2.49172837498561339E-2,  -7.54007380771931912E-2
 ii= 4312 error= 0.19774707372284595,  3.68979797103426502E-2,  0.11164747620529372
 ii= 4313 error= 0.18990461809117895,  -3.63266444668236613E-2,  -0.10974194086371826
 ii= 4314 error= 0.14305079372325771,  2.73208397346248501E-2,  8.25843549239960312E-2
 ii= 4315 error= 0.15368872578182785,  -2.89618123830143771E-2,  -8.76013135331354109E-2
 ii= 4316 error= 0.22219614320150083,  4.18688163016348383E-2,  0.12671120552188128
 ii= 4317 error= 0.19982593360165204,  -3.86173209340887474E-2,  -0.11660686573622149
 ii= 4318 error= 0.11617011439840959,  2.15763508053174388E-2,  6.51738802785045562E-2
 ii= 4319 error= 0.12643102228534256,  -2.30115139232795196E-2,  -6.96467571274059782E-2
 ii= 4320 error= 0.18027133140572754,  3.34126174394091049E-2,  0.1010846780970415
 ii= 4321 error= 0.18148039456587034,  -3.44442865686148958E-2,  -0.10409145973801633
 ii= 4322 error= 0.16377630056842163,  3.1302194801229026E-2,  9.46553682120765683E-2
 ii= 4323 error= 0.16967039829974218,  -3.22471559760543966E-2,  -9.74965034657874485E-2
 ii= 4324 error= 0.21042990336977116,  3.99951489045979255E-2,  0.12102056377618292
 ii= 4325 error= 0.19500319837965718,  -3.76642011662172566E-2,  -0.11376047382697423
 ii= 4326 error= 0.13515425911853665,  2.56672457645247543E-2,  7.7571222441556259E-2
 ii= 4327 error= 0.14737411939129599,  -2.76032218469784395E-2,  -8.35082455127292012E-2
 ii= 4328 error= 0.21893853422392978,  4.11748823086972721E-2,  0.1246085343742262
 ii= 4329 error= 0.19873275400407403,  -3.83532893864040464E-2,  -0.11581724385014633
 ii= 4330 error= 0.11951150334319054,  2.23494969558466379E-2,  6.75163299030498015E-2
 ii= 4331 error= 0.13033015522328034,  -2.39097021008224074E-2,  -7.23593875835292083E-2
 ii= 4332 error= 0.18889437764233821,  3.51402301880253676E-2,  0.10632018354337111
 ii= 4333 error= 0.18580215124963786,  -3.54103860536400875E-2,  -0.10699293772053398
 ii= 4334 error= 0.1534708298950096,  2.93487546110691271E-2,  8.87320189906991574E-2
 ii= 4335 error= 0.16216018992206979,  -3.07089506366989631E-2,  -9.28660650214131883E-2
 ii= 4336 error= 0.22052274292338236,  4.17348675668541211E-2,  0.12630033073099403
 ii= 4337 error= 0.19915914007984836,  -3.85253591733983256E-2,  -0.11633555700028483
 ii= 4338 error= 0.11985289753294387,  2.23752902549574015E-2,  6.75942116019693923E-2
 ii= 4339 error= 0.13089932316608677,  -2.39931077241956198E-2,  -7.2612142214846298E-2
 ii= 4340 error= 0.19030169119280885,  3.5430425183595203E-2,  0.10719956739179282
 ii= 4341 error= 0.18644636297401376,  -3.55583992129456378E-2,  -0.10743714259084718
 ii= 4342 error= 0.15191295849826644,  2.90461766168391977E-2,  8.78148068560283684E-2
 ii= 4343 error= 0.16094601132594019,  -3.04573485493222149E-2,  -9.21080940988206337E-2
 ii= 4344 error= 0.22130751667455681,  4.18563294500966035E-2,  0.12666948478274542
 ii= 4345 error= 0.19946462248857505,  -3.85845769848983944E-2,  -0.11651208634680289
 ii= 4346 error= 0.11858796796251514,  2.20945493965759715E-2,  6.67436319501152897E-2
 ii= 4347 error= 0.12939403991418413,  -2.36567886334385843E-2,  -7.15963794113637086E-2
 ii= 4348 error= 0.18710592807483581,  3.47896150349482625E-2,  0.10525770499277734
 ii= 4349 error= 0.18490992430899378,  -3.52137904556945533E-2,  -0.10640258115466852
 ii= 4350 error= 0.15570868886179681,  2.97756504909997104E-2,  9.00266197816318725E-2
 ii= 4351 error= 0.16385768171268889,  -3.10567176394027505E-2,  -9.39131917304288216E-2
 ii= 4352 error= 0.21891533298473398,  4.14686913351481196E-2,  0.12549244700106438
 ii= 4353 error= 0.198522431680452,  -3.83961077741486745E-2,  -0.11594940303218063
 ii= 4354 error= 0.12245041298073069,  2.29547891199429963E-2,  6.93506554209599724E-2
 ii= 4355 error= 0.13394435509980457,  -2.46765718054203914E-2,  -7.46756514693356216E-2
 ii= 4356 error= 0.19663394044501212,  3.66949298661311471E-2,  0.11103201023347169
 ii= 4357 error= 0.18938981321736423,  -3.62193233183739569E-2,  -0.10942028945411272
 ii= 4358 error= 0.14466671175407753,  2.76397335481038189E-2,  8.35512839142620312E-2
 ii= 4359 error= 0.15508486341452271,  -2.92520840282958806E-2,  -8.84763075483620681E-2
 ii= 4360 error= 0.22275588574622371,  4.20048035838689743E-2,  0.12712313487534754
 ii= 4361 error= 0.20005559364507819,  -3.86772517716965983E-2,  -0.11678684824198346
 ii= 4362 error= 0.1156449764517465,  2.14475680599670038E-2,  6.47835754577466838E-2
 ii= 4363 error= 0.12578984565779028,  -2.28571660617708575E-2,  -6.91808358705531673E-2
 ii= 4364 error= 0.17916989109469506,  3.31927363014594135E-2,  0.10041865875979877
 ii= 4365 error= 0.18093038277232831,  -3.43234405127520598E-2,  -0.10372851673036412
 ii= 4366 error= 0.1653634737916202,  3.16074702583341721E-2,  9.55813881770121027E-2
 ii= 4367 error= 0.17078539124154007,  -3.24818747104068314E-2,  -9.82027914805968932E-2
 ii= 4368 error= 0.20864577010719074,  3.96832748159654594E-2,  0.12007451653308408
 ii= 4369 error= 0.19426583773213416,  -3.75114206654058174E-2,  -0.11330346749700163
 ii= 4370 error= 0.13763088689853153,  2.61654632323092447E-2,  7.9081223654728583E-2
 ii= 4371 error= 0.14967883262036649,  -2.80849595638225542E-2,  -8.49614223434578403E-2
 ii= 4372 error= 0.22138472421550356,  4.16866158652190108E-2,  0.12615923797492104
 ii= 4373 error= 0.1996934742657798,  -3.85818102529509946E-2,  -0.11650215298472166
 ii= 4374 error= 0.11652826673352633,  2.16504896054228041E-2,  6.53975180692051572E-2
 ii= 4375 error= 0.12674143040554284,  -2.30753223043248419E-2,  -6.98403915097137451E-2
 ii= 4376 error= 0.18159805579724891,  3.36847509836193243E-2,  0.10190946844739839
 ii= 4377 error= 0.18222122678200534,  -3.46148771701883101E-2,  -0.10460462453429747
 ii= 4378 error= 0.16267548958964353,  3.11106173225937782E-2,  9.40744101845604197E-2
 ii= 4379 error= 0.1689670821806761,  -3.21154456980322356E-2,  -9.71007847601849244E-2
 ii= 4380 error= 0.21243269824158956,  4.03606839535288683E-2,  0.12212953308688473
 ii= 4381 error= 0.19591977181781359,  -3.78608698205559896E-2,  -0.11434995965656621
 ii= 4382 error= 0.13299729301475532,  2.52484694041136722E-2,  7.63023634479654961E-2
 ii= 4383 error= 0.14546146259186249,  -2.72207860340358473E-2,  -8.23549131285831459E-2
 ii= 4384 error= 0.21734868920270478,  4.08382733090132607E-2,  0.12358899363491087
 ii= 4385 error= 0.19818585201444361,  -3.82204575744299474E-2,  -0.1154197047393218
 ii= 4386 error= 0.12128328989381068,  2.27586109133459599E-2,  6.87563298346089286E-2
 ii= 4387 error= 0.13237343666230617,  -2.43794000376573936E-2,  -7.37775226969241693E-2
 ii= 4388 error= 0.19339635564245747,  3.6036163925902899E-2,  0.10903576533998544
 ii= 4389 error= 0.18795410535078375,  -3.58914613452848072E-2,  -0.10843686590642147
 ii= 4390 error= 0.1483143983089123,  2.83592375806633636E-2,  8.57323053654377581E-2
 ii= 4391 error= 0.15811073100228851,  -2.98815222320131108E-2,  -9.03734649242852184E-2
 ii= 4392 error= 0.22286954130710201,  4.20896158672186271E-2,  0.12737862418399787
 ii= 4393 error= 0.20010497943655828,  -3.87071048780286767E-2,  -0.11687772155567201
 ii= 4394 error= 0.11594286376654686,  2.15007481662328054E-2,  6.49442329529608814E-2
 ii= 4395 error= 0.12616675066703592,  -2.29291557005963514E-2,  -6.93988942312095403E-2
 ii= 4396 error= 0.18026388143977856,  3.3415410834860132E-2,  0.1010933862009816
 ii= 4397 error= 0.18150435564556053,  -3.4453084112125977E-2,  -0.10411824538530448
 ii= 4398 error= 0.16417717106170415,  3.1388238018004333E-2,  9.4916519836924243E-2
 ii= 4399 error= 0.1699839472865923,  -3.23202283299997631E-2,  -9.77166520393885074E-2
 ii= 4400 error= 0.21032144418828388,  3.99824018406412102E-2,  0.12098203784937989
 ii= 4401 error= 0.19500417412119128,  -3.76666373408865371E-2,  -0.11376833654039313
 ii= 4402 error= 0.13555650973135849,  2.57570808529841745E-2,  7.78436884704497567E-2
 ii= 4403 error= 0.14781099350557864,  -2.77028838794635378E-2,  -8.38090942784388421E-2
 ii= 4404 error= 0.219842177707186,  4.13561834693442418E-2,  0.12515833715513083
 ii= 4405 error= 0.19912559083087805,  -3.84431642082294911E-2,  -0.11608677126335583
 ii= 4406 error= 0.11828744277294834,  2.20657945527514728E-2,  6.66564143009228532E-2
 ii= 4407 error= 0.12885494953260071,  -2.35690719072162679E-2,  -7.13311280640274437E-2
 ii= 4408 error= 0.18609230318673864,  3.45811364804393465E-2,  0.10462612779017223
 ii= 4409 error= 0.18446647729773127,  -3.51130781580070578E-2,  -0.10610060991960515
 ii= 4410 error= 0.15708769593685287,  3.00493025051935744E-2,  9.08563393655413137E-2
 ii= 4411 error= 0.16492403314706447,  -3.1283990001051476E-2,  -9.45978752129527783E-2
 ii= 4412 error= 0.21816100996017024,  4.13505156918942685E-2,  0.1251335427863749
 ii= 4413 error= 0.19825834783028243,  -3.83450060666065337E-2,  -0.11579741423944334
 ii= 4414 error= 0.12365686231476561,  2.32174621783291998E-2,  7.01465281673849667E-2
 ii= 4415 error= 0.13531381225517358,  -2.49782283233033128E-2,  -7.5586691817968496E-2
 ii= 4416 error= 0.19959290088014647,  3.72867281858865821E-2,  0.11282565469926026
 ii= 4417 error= 0.19073779940259572,  -3.65237941105439057E-2,  -0.1103338664808219
 ii= 4418 error= 0.14154921119238159,  2.70323365586538217E-2,  8.17102262002236818E-2
 ii= 4419 error= 0.15246524468563782,  -2.87168571773794706E-2,  -8.68630900059191025E-2
 ii= 4420 error= 0.22219537607129516,  4.18458119429292522E-2,  0.12664249855379997
 ii= 4421 error= 0.19988663388956956,  -3.86228418423761669E-2,  -0.1166234158859268
 ii= 4422 error= 0.11592214802501832,  2.15246656943087547E-2,  6.50174306218721521E-2
 ii= 4423 error= 0.12610255643254939,  -2.29402514044115893E-2,  -6.94315450143503654E-2
 ii= 4424 error= 0.17988705950988326,  3.33331544076430272E-2,  0.10084439594121736
 ii= 4425 error= 0.18131108542861568,  -3.44062427439950427E-2,  -0.10397726896933723
 ii= 4426 error= 0.16449533914809697,  3.14469348310306984E-2,  9.50946975408821921E-2
 ii= 4427 error= 0.17019105217798552,  -3.2361847979186259E-2,  -9.78416710312052795E-2
 ii= 4428 error= 0.20982708051631829,  3.98922020359222182E-2,  0.12070855644945896
 ii= 4429 error= 0.19478312276347473,  -3.76191490356855215E-2,  -0.11362597905492082
 ii= 4430 error= 0.13613769342341803,  2.58714620944658219E-2,  7.81904242354218015E-2
 ii= 4431 error= 0.14832946820878479,  -2.78084914689198034E-2,  -8.41275090372712725E-2
 ii= 4432 error= 0.22027099115524121,  4.14469728962332182E-2,  0.12543348037091331
 ii= 4433 error= 0.19928032029750023,  -3.84804009875479719E-2,  -0.11619823174826016
 ii= 4434 error= 0.11781441379160711,  2.19557505064330409E-2,  6.63229773354609559E-2
 ii= 4435 error= 0.12829578756277593,  -2.34397220946749134E-2,  -7.09405147305511574E-2
 ii= 4436 error= 0.18490531673126331,  3.43436718758675791E-2,  0.10390655172268448
 ii= 4437 error= 0.18387909068427807,  -3.49820297740621178E-2,  -0.10570707759950246
 ii= 4438 error= 0.15853972153251794,  3.03259746451201156E-2,  9.16953233842588145E-2
 ii= 4439 error= 0.16599309536280055,  -3.15037721614299035E-2,  -9.52595311918513626E-2
 ii= 4440 error= 0.21683102998159293,  4.11231429761749478E-2,  0.12444351054480719
 ii= 4441 error= 0.19772385560129718,  -3.82347028804476477E-2,  -0.11546772265383164
 ii= 4442 error= 0.1258059235616448,  2.36910744634406534E-2,  7.15820279410003951E-2
 ii= 4443 error= 0.13774145655332032,  -2.55190131167198735E-2,  -7.72191332361936295E-2
 ii= 4444 error= 0.20429330152851363,  3.82243846753307637E-2,  0.11566745366571787
 ii= 4445 error= 0.1927945068558572,  -3.69887424381838137E-2,  -0.1117281284464043
 ii= 4446 error= 0.13656490641455335,  2.6043387423260022E-2,  7.87128616737765435E-2
 ii= 4447 error= 0.14808939492962492,  -2.78143976473648885E-2,  -8.41419238561452038E-2
 ii= 4448 error= 0.21912218034773062,  4.11794444097937293E-2,  0.12462402546197858
 ii= 4449 error= 0.19875475042181351,  -3.83451918073527964E-2,  -0.11579139722369243
 ii= 4450 error= 0.11929787175587336,  2.23203029054759479E-2,  6.74291052464161683E-2
 ii= 4451 error= 0.13012974345137163,  -2.38803083632864663E-2,  -7.2269681001766381E-2
 ii= 4452 error= 0.18833698227362228,  3.5019022747303119E-2,  0.10595358702256469
 ii= 4453 error= 0.18552042133187693,  -3.53414143022529673E-2,  -0.10678528862045501
 ii= 4454 error= 0.15397419941097037,  2.94443675983070315E-2,  8.90225121389128377E-2
 ii= 4455 error= 0.16251874345413012,  -3.07818050062054274E-2,  -9.30849893812738111E-2
 ii= 4456 error= 0.22003701475013532,  4.16472862218311562E-2,  0.12603512715340254
 ii= 4457 error= 0.19895775400368237,  -3.84810686905599081E-2,  -0.11620277116678818
 ii= 4458 error= 0.12067167342054365,  2.25648937356941852E-2,  6.81694094918083859E-2
 ii= 4459 error= 0.13188631370375317,  -2.42201924041539375E-2,  -7.32974243106853385E-2
 ii= 4460 error= 0.19237803617035096,  3.58412559101635789E-2,  0.10844512326171861
 ii= 4461 error= 0.18742256772871663,  -3.57748506780017211E-2,  -0.10808645002709338
 ii= 4462 error= 0.14945604766431508,  2.85720325411723264E-2,  8.63777694871174506E-2
 ii= 4463 error= 0.15899301684148273,  -3.0056091361747795E-2,  -9.08989817957872454E-2
 ii= 4464 error= 0.22223867382227649,  4.19876862695375067E-2,  0.12706935524906313
 ii= 4465 error= 0.19983020886321434,  -3.86512694396131326E-2,  -0.11671053550936447
 ii= 4466 error= 0.11702570163116996,  2.17495356803786184E-2,  6.56985956536802335E-2
 ii= 4467 error= 0.12751171707933759,  -2.32375317969484955E-2,  -7.0329858358548894E-2
 ii= 4468 error= 0.18306094575751422,  3.39752075086909439E-2,  0.10279005350088695
 ii= 4469 error= 0.18290987848120996,  -3.47650678288642934E-2,  -0.1050549676323939
 ii= 4470 error= 0.16060911838758654,  3.07101173222875147E-2,  9.286042717717298E-2
 ii= 4471 error= 0.16745389900126037,  -3.17972603708684687E-2,  -9.61424982534334338E-2
 ii= 4472 error= 0.21435932345065892,  4.06874471414812658E-2,  0.12312166863809235
 ii= 4473 error= 0.19668041046913359,  -3.80151735589456183E-2,  -0.11481063856595923
 ii= 4474 error= 0.12989955911981227,  2.45907719131045893E-2,  7.43094324045532467E-2
 ii= 4475 error= 0.14224432331788342,  -2.6521568724146273E-2,  -8.02445434959806331E-2
 ii= 4476 error= 0.21219909960656291,  3.97999127460628641E-2,  0.12044250594993944
 ii= 4477 error= 0.19609503421931399,  -3.77381842693005204E-2,  -0.11397419081626046
 ii= 4478 error= 0.12844915663430578,  2.43877359904687736E-2,  7.36954930551060594E-2
 ii= 4479 error= 0.1404927046416557,  -2.6227296339631858E-2,  -7.9354130376200066E-2
 ii= 4480 error= 0.20903169435168167,  3.91308986213823248E-2,  0.11841571496733795
 ii= 4481 error= 0.19480566297074731,  -3.7428837318543233E-2,  -0.1130463205365818
 ii= 4482 error= 0.13123194702881191,  2.49693778435831001E-2,  7.54582041420911037E-2
 ii= 4483 error= 0.14313367276953926,  -2.67873861832676752E-2,  -8.10436392923706422E-2
 ii= 4484 error= 0.21290434041501224,  3.99057913769381295E-2,  0.12076426455232263
 ii= 4485 error= 0.19633220800891568,  -3.77783479868410224E-2,  -0.11409310240358453
 ii= 4486 error= 0.12721283776078654,  2.41258536594571513E-2,  7.29021451487391892E-2
 ii= 4487 error= 0.13916618251226001,  -2.59405644713604985E-2,  -7.8488221879883871E-2
 ii= 4488 error= 0.20624504862541007,  3.85712240079469221E-2,  0.1167193962902621
 ii= 4489 error= 0.19360013516158325,  -3.71523039365944455E-2,  -0.11221697467546997
 ii= 4490 error= 0.1337581121554062,  2.5471879191554983E-2,  7.6980880586341574E-2
 ii= 4491 error= 0.14541228601031983,  -2.72507986468839281E-2,  -8.2441309451202302E-2
 ii= 4492 error= 0.21547705738467093,  4.04320630545704149E-2,  0.12235897092395302
 ii= 4493 error= 0.19728363794215134,  -3.80010977397304828E-2,  -0.1147599367750812
 ii= 4494 error= 0.12400896918812025,  2.34050568202630628E-2,  7.07174270234478403E-2
 ii= 4495 error= 0.13562422231580329,  -2.51409462074134345E-2,  -7.60746969859945055E-2
 ii= 4496 error= 0.19914805338937447,  3.71634496589402438E-2,  0.11245252248550748
 ii= 4497 error= 0.19048930028860725,  -3.64504954846251242E-2,  -0.11011250072908706
 ii= 4498 error= 0.14112019150014737,  2.69323029679650397E-2,  8.14069947957524048E-2
 ii= 4499 error= 0.15195771748460879,  -2.85966011828637789E-2,  -8.64996922083159231E-2
 ii= 4500 error= 0.22093809318982599,  4.15908224801065929E-2,  0.12586944296176311
 ii= 4501 error= 0.19930964966763889,  -3.84896534930956186E-2,  -0.11622355055417057
 ii= 4502 error= 0.11768324539729616,  2.19403948034982213E-2,  6.62779057506471536E-2
 ii= 4503 error= 0.12829042021352119,  -2.34517048125302691E-2,  -7.0975278578034276E-2
 ii= 4504 error= 0.1839316119141953,  3.41396114099471668E-2,  0.10328803944880294
 ii= 4505 error= 0.18330394315944579,  -3.48458662382189685E-2,  -0.105297029167309
 ii= 4506 error= 0.15895084376660343,  3.03807178950776247E-2,  9.18613463057196405E-2
 ii= 4507 error= 0.16619130795342693,  -3.15251978910610423E-2,  -9.53231155922324019E-2
 ii= 4508 error= 0.21542275259373989,  4.08572739253042702E-2,  0.12363702640962043
 ii= 4509 error= 0.19704670213905645,  -3.80857983053696086E-2,  -0.11502083959685715
 ii= 4510 error= 0.12815343558243339,  2.42203781982970011E-2,  7.31869067665540107E-2
 ii= 4511 error= 0.14039613531178027,  -2.61205772869216833E-2,  -7.90340109469188229E-2
 ii= 4512 error= 0.2086261613327253,  3.90821171018030239E-2,  0.11826670237761976
 ii= 4513 error= 0.19457505393782282,  -3.73896226452504338E-2,  -0.11292913076929476
 ii= 4514 error= 0.13181447367835178,  2.50744185964902333E-2,  7.57761284309439037E-2
 ii= 4515 error= 0.14366228073384546,  -2.68858691808906772E-2,  -8.13408805182293942E-2
 ii= 4516 error= 0.21337915597647211,  4.00078231417643274E-2,  0.12107303762984616
 ii= 4517 error= 0.19648648994092024,  -3.78170129942140068E-2,  -0.11420884860242703
 ii= 4518 error= 0.12666120215920201,  2.40003325303947135E-2,  7.25215023941494508E-2
 ii= 4519 error= 0.13856837499020991,  -2.58046760132048178E-2,  -7.80781420633744061E-2
 ii= 4520 error= 0.20494814513600398,  3.83155983426076568E-2,  0.11594429616566208
 ii= 4521 error= 0.19303117975675674,  -3.70246646921327111E-2,  -0.11183431103389001
 ii= 4522 error= 0.13500249306594894,  2.57170230644135009E-2,  7.77235269895068664E-2
 ii= 4523 error= 0.14653096025696621,  -2.74779057451846193E-2,  -8.31263624541328239E-2
 ii= 4524 error= 0.21658715644511231,  4.06639565560664301E-2,  0.1230613339463789
 ii= 4525 error= 0.19768811057453589,  -3.80982464673560242E-2,  -0.11505089359946506
 ii= 4526 error= 0.12265011689520906,  2.30932421122868499E-2,  6.9772113188513632E-2
 ii= 4527 error= 0.13408118249293427,  -2.47881395210172266E-2,  -7.50098112988526883E-2
 ii= 4528 error= 0.19590589272334641,  3.65219962572630313E-2,  0.11050811821510943
 ii= 4529 error= 0.18901583116936077,  -3.61208039564488714E-2,  -0.10912359003073023
 ii= 4530 error= 0.14466947492624566,  2.76258481266839911E-2,  8.35090246318622026E-2
 ii= 4531 error= 0.15497575997821253,  -2.92154027597334408E-2,  -8.83651250057564536E-2
 ii= 4532 error= 0.22183558363564693,  4.18230124854028773E-2,  0.12657169260864917
 ii= 4533 error= 0.19961550457172536,  -3.85773802925046191E-2,  -0.1164870481017007
 ii= 4534 error= 0.11700134711996507,  2.17675377022012728E-2,  6.57536163963517301E-2
 ii= 4535 error= 0.12749040533269035,  -2.32545280814536529E-2,  -7.03802947639359106E-2
 ii= 4536 error= 0.18224848214758038,  3.3807561984046143E-2,  0.10228145468147089
 ii= 4537 error= 0.18245403226038562,  -3.4659190364194091E-2,  -0.10473656908992418
 ii= 4538 error= 0.16106155370495398,  3.07801315003710593E-2,  9.30722569758776624E-2
 ii= 4539 error= 0.16772211600158318,  -3.18391829968060966E-2,  -9.62683934388605667E-2
 ii= 4540 error= 0.21324999615897169,  4.04828861283683811E-2,  0.12250062280497796
 ii= 4541 error= 0.19615043536454593,  -3.79009377063560249E-2,  -0.11446814765610236
 ii= 4542 error= 0.13138813410558073,  2.4905526750078115E-2,  7.52631599347344388E-2
 ii= 4543 error= 0.14376597364963423,  -2.68498001935436985E-2,  -8.12347836717854793E-2
 ii= 4544 error= 0.21413272339308675,  4.01890860762652985E-2,  0.12162126098409748
 ii= 4545 error= 0.19682454503633362,  -3.79063662661445547E-2,  -0.11447781150228156
 ii= 4546 error= 0.1257332355210698,  2.37761650315094393E-2,  7.18411843950495788E-2
 ii= 4547 error= 0.13750403278929349,  -2.55518601699179018E-2,  -7.73158694392645368E-2
 ii= 4548 error= 0.20309323518245706,  3.79565745446784689E-2,  0.11485579677259324
 ii= 4549 error= 0.19225120410194893,  -3.68533616776987871E-2,  -0.11132128193961507
 ii= 4550 error= 0.13712851471346935,  2.61452367782612875E-2,  7.90210671490641781E-2
 ii= 4551 error= 0.14849187694931915,  -2.7886574431391465E-2,  -8.43592420140160948E-2
 ii= 4552 error= 0.21878632877445547,  4.11205346642969788E-2,  0.1244446648719878
 ii= 4553 error= 0.1985461078965744,  -3.83015619396328E-2,  -0.11566026625599783
 ii= 4554 error= 0.11989094483268542,  2.24550418457300539E-2,  6.78373686796302638E-2
 ii= 4555 error= 0.13086126753578664,  -2.40472871667912133E-2,  -7.27736398181499516E-2
 ii= 4556 error= 0.18937251786780987,  3.52265126562599715E-2,  0.10658173226855269
 ii= 4557 error= 0.18597530641164955,  -3.5442743659245525E-2,  -0.10708920864485588
 ii= 4558 error= 0.15238861810903642,  2.91264939142638242E-2,  8.80582163197269202E-2
 ii= 4559 error= 0.16124780877347003,  -3.05090970953986081E-2,  -9.22634879772131627E-2
 ii= 4560 error= 0.22045267407490743,  4.16980652753485143E-2,  0.1261892114081693
 ii= 4561 error= 0.19906657355204094,  -3.84977272889378622E-2,  -0.11625163577297638
 ii= 4562 error= 0.11992789350496232,  2.24030817700013318E-2,  6.76789203495281461E-2
 ii= 4563 error= 0.13102193414003818,  -2.40306382530667828E-2,  -7.2724844282016407E-2
 ii= 4564 error= 0.19012770090708384,  3.53918706893505894E-2,  0.10708258642291726
 ii= 4565 error= 0.18632783965320951,  -3.55290841698212984E-2,  -0.10734869462963875
 ii= 4566 error= 0.15179887826619445,  2.90144320932754288E-2,  8.77184628254796817E-2
 ii= 4567 error= 0.16081125481596625,  -3.04211658962155879E-2,  -9.19987868307600154E-2
 ii= 4568 error= 0.22092284427967362,  4.17793620347102906E-2,  0.12643600096380961
 ii= 4569 error= 0.19926986287244758,  -3.8540597580195797E-2,  -0.11637994023055181
 ii= 4570 error= 0.11916779355603932,  2.22298572935189093E-2,  6.7153868991929544E-2
 ii= 4571 error= 0.13010497667041188,  -2.38219501201276489E-2,  -7.20947988558077874E-2
 ii= 4572 error= 0.18830471116669101,  3.50285198130028258E-2,  0.1059814973441781
 ii= 4573 error= 0.18546562512667691,  -3.53370296205317083E-2,  -0.10677230613214306
 ii= 4574 error= 0.15405135954332017,  2.94505686863869021E-2,  8.90408143241575578E-2
 ii= 4575 error= 0.16257027641007843,  -3.07855969528060582E-2,  -9.30965383217850773E-2
 ii= 4576 error= 0.21979194509058395,  4.16052530182929314E-2,  0.12590708627105093
 ii= 4577 error= 0.1988369635965121,  -3.84570923626994451E-2,  -0.11613099555138406
 ii= 4578 error= 0.1210216564037748,  2.26403736845584326E-2,  6.83978437167096498E-2
 ii= 4579 error= 0.13229194059862828,  -2.4309801415792507E-2,  -7.35680585391426251E-2
 ii= 4580 error= 0.19300853157606729,  3.59703902578674337E-2,  0.10883596647200293
 ii= 4581 error= 0.18770301847042212,  -3.58396105119805075E-2,  -0.10828082725990294
 ii= 4582 error= 0.14862281551541984,  2.84050863284204605E-2,  8.5871220528592182E-2
 ii= 4583 error= 0.15831203045744779,  -2.99114464042074257E-2,  -9.04632636927946709E-2
 ii= 4584 error= 0.2222927907450368,  4.19851395585008266E-2,  0.12706153002695467
 ii= 4585 error= 0.19983341932488088,  -3.86492647082303104E-2,  -0.11670419649141735
 ii= 4586 error= 0.11683098062529705,  2.17051443361552313E-2,  6.55638321421622566E-2
 ii= 4587 error= 0.12726654119178257,  -2.31825334285509985E-2,  -7.01637685083735529E-2
 ii= 4588 error= 0.18231510300258552,  3.38279339573845095E-2,  0.10234328923247876
 ii= 4589 error= 0.18252403906501449,  -3.46801123245334408E-2,  -0.1047998742280758
 ii= 4590 error= 0.16140731881056899,  3.0856714925791881E-2,  9.330455477908986E-2
 ii= 4591 error= 0.16801779519957638,  -3.19092876275003517E-2,  -9.647976813693461E-2
 ii= 4592 error= 0.21336073626447982,  4.05130259394212433E-2,  0.12259199055068931
 ii= 4593 error= 0.19624957004587884,  -3.7925976369107571E-2,  -0.11454379001025118
 ii= 4594 error= 0.13154057461084576,  2.49454368801847529E-2,  7.53841854629372088E-2
 ii= 4595 error= 0.14399315724094219,  -2.69067065330275169E-2,  -8.14067925043383961E-2
 ii= 4596 error= 0.21491750191480544,  4.03456245569879732E-2,  0.12209590071348225
 ii= 4597 error= 0.19718531478328719,  -3.79888984987341513E-2,  -0.11472546110149241
 ii= 4598 error= 0.12455488973289579,  2.35068727130945086E-2,  7.10247335144835318E-2
 ii= 4599 error= 0.1361506865185256,  -2.52428408066534896E-2,  -7.6383433956945232E-2
 ii= 4600 error= 0.20070125886841322,  3.74847700594281019E-2,  0.11342602232458905
 ii= 4601 error= 0.19123171476198927,  -3.66253690862324913E-2,  -0.11063792151071426
 ii= 4602 error= 0.13986883742694339,  2.66959436161690877E-2,  8.06903270672991169E-2
 ii= 4603 error= 0.15095662302939925,  -2.84011473280769006E-2,  -8.59110424463690459E-2
 ii= 4604 error= 0.22100213619469872,  4.15887500100449448E-2,  0.12586341447733515
 ii= 4605 error= 0.19940542025394042,  -3.85072208317900205E-2,  -0.11627663983698151
 ii= 4606 error= 0.1172746948220547,  2.18433443059435697E-2,  6.59832652872017755E-2
 ii= 4607 error= 0.12774351731762398,  -2.3323857629219083E-2,  -7.05896611651501693E-2
 ii= 4608 error= 0.18303923489110277,  3.39645744038801767E-2,  0.10275749971355383
 ii= 4609 error= 0.18288969378031919,  -3.47565726026485139E-2,  -0.10502931296709619
 ii= 4610 error= 0.16030407671970268,  3.06456255336078863E-2,  9.26644671149687016E-2
 ii= 4611 error= 0.16721013378333416,  -3.17412091818683947E-2,  -9.59737417973009904E-2
 ii= 4612 error= 0.21440794150884671,  4.06908246956293809E-2,  0.12313159683754939
 ii= 4613 error= 0.19666750463881605,  -3.80108026619516565E-2,  -0.11479724805089762
 ii= 4614 error= 0.12980603045987951,  2.45735560343460085E-2,  7.42570592793215661E-2
 ii= 4615 error= 0.14216203068970781,  -2.65056908726976383E-2,  -8.0196597776534595E-2
 ii= 4616 error= 0.21186053000630228,  3.97316995144728208E-2,  0.12023530195064268
 ii= 4617 error= 0.19593546966199529,  -3.77015720970326068E-2,  -0.11386438890615713
 ii= 4618 error= 0.12885197481946523,  2.44761603312578097E-2,  7.39632425792452891E-2
 ii= 4619 error= 0.14092765065728663,  -2.63237327946041107E-2,  -7.96451766385337379E-2
 ii= 4620 error= 0.20961981176884351,  3.92482465250940174E-2,  0.11877090709613924
 ii= 4621 error= 0.19503163127470363,  -3.74805308669780707E-2,  -0.11320120022617226
 ii= 4622 error= 0.13055362559082417,  2.48264114002110445E-2,  7.50245961405610617E-2
 ii= 4623 error= 0.14247249380779908,  -2.66454390018515189E-2,  -8.06154754099157184E-2
 ii= 4624 error= 0.21174213963865018,  3.96740584390936971E-2,  0.12006146141080587
 ii= 4625 error= 0.19585218180997449,  -3.76690252320419638E-2,  -0.11376559885110098
 ii= 4626 error= 0.12845133673266249,  2.43893650578812723E-2,  7.3700404545341297E-2
 ii= 4627 error= 0.14043112189986315,  -2.62133560797068906E-2,  -7.93115177834102791E-2
 ii= 4628 error= 0.20831936635576676,  3.89860589545785244E-2,  0.11797625273109649
 ii= 4629 error= 0.19444859055387914,  -3.73461554117869993E-2,  -0.11279796080994189
 ii= 4630 error= 0.13162170240890289,  2.50350881002868349E-2,  7.56569131100827408E-2
 ii= 4631 error= 0.14340866336454977,  -2.68308892684369811E-2,  -8.11746600759744447E-2
 ii= 4632 error= 0.21268809278754019,  3.98673500414042856E-2,  0.12064714288041467
 ii= 4633 error= 0.19617922314556496,  -3.7745499122050101E-2,  -0.11399427914496631
 ii= 4634 error= 0.12746913701458076,  2.41781795669814871E-2,  7.30605407623506342E-2
 ii= 4635 error= 0.13942973622691007,  -2.59951290670956993E-2,  -7.86527389156729539E-2
 ii= 4636 error= 0.2063346338712013,  3.85891669027311826E-2,  0.11677324520146966
 ii= 4637 error= 0.19359673684890258,  -3.71514645123062898E-2,  -0.11221418335311985
 ii= 4638 error= 0.13346522081961484,  2.54032067091980625E-2,  7.67723519591868436E-2
 ii= 4639 error= 0.14508817796256063,  -2.71743657346642242E-2,  -8.22106902209119722E-2
 ii= 4640 error= 0.21466792727082992,  4.02722089376420858E-2,  0.12187393728755913
 ii= 4641 error= 0.19692543095197884,  -3.792017734075466E-2,  -0.11451734601408045
 ii= 4642 error= 0.12515020890668158,  2.36636175622664154E-2,  7.15009761117038345E-2
 ii= 4643 error= 0.13693145054444064,  -2.54374926341834791E-2,  -7.69697202982047024E-2
 ii= 4644 error= 0.20147789938770769,  3.76253583146023349E-2,  0.11385197618273085
 ii= 4645 error= 0.19149681792384154,  -3.66769141561080758E-2,  -0.11079139700887318
 ii= 4646 error= 0.13843223964413087,  2.63937314314838384E-2,  7.9774178206723681E-2
 ii= 4647 error= 0.14957026957368999,  -2.80980395014899173E-2,  -8.49964604787146472E-2
 ii= 4648 error= 0.21909225872093721,  4.11948205457883382E-2,  0.12466934581995325
 ii= 4649 error= 0.19859360135487858,  -3.8316852173248539E-2,  -0.11570561155089272
 ii= 4650 error= 0.11978688993403873,  2.24326528946836336E-2,  6.77697489103302325E-2
 ii= 4651 error= 0.13078855956324495,  -2.40317663498922918E-2,  -7.27264958741491857E-2
 ii= 4652 error= 0.18892508209677705,  3.51352155804684901E-2,  0.10630485565461527
 ii= 4653 error= 0.18573118314629175,  -3.53861508996780177E-2,  -0.10691902417030739
 ii= 4654 error= 0.15268591999760855,  2.91760779894249603E-2,  8.82084247545041333E-2
 ii= 4655 error= 0.16144480072088366,  -3.05429065702645733E-2,  -9.23651094501234532E-2
 ii= 4656 error= 0.21994089651106807,  4.16044424615163722E-2,  0.12590502220240235
 ii= 4657 error= 0.19883154290939237,  -3.8446695010552763E-2,  -0.11609866380841245
 ii= 4658 error= 0.1207405115230152,  2.25893994578987879E-2,  6.82436667852515805E-2
 ii= 4659 error= 0.13200005587078328,  -2.42543750395021393E-2,  -7.34002053252185843E-2
 ii= 4660 error= 0.19195549778329984,  3.57556949320969666E-2,  0.10818498197586655
 ii= 4661 error= 0.18717327003909096,  -3.57174207021343504E-2,  -0.1079137704264085
 ii= 4662 error= 0.14950171749620231,  2.8565390907888559E-2,  8.63569280783470228E-2
 ii= 4663 error= 0.1589683566210561,  -3.00372852364100586E-2,  -9.0842203019546805E-2
 ii= 4664 error= 0.22156996473863452,  4.18609391385662E-2,  0.12668420902516125
 ii= 4665 error= 0.19950386964846281,  -3.85801456084819139E-2,  -0.11649725017210563
 ii= 4666 error= 0.11800155678261481,  2.19738567868204213E-2,  6.63781698911806856E-2
 ii= 4667 error= 0.12871127135804211,  -2.35133511055666267E-2,  -7.11626469762914327E-2
 ii= 4668 error= 0.18511022176221598,  3.43875235168479912E-2,  0.10403873928559605
 ii= 4669 error= 0.18389352091799435,  -3.49843204826969442E-2,  -0.10571325509900151
 ii= 4670 error= 0.15774200441332911,  3.01522476609626354E-2,  9.11681455888447012E-2
 ii= 4671 error= 0.16533100782671475,  -3.13497501891010291E-2,  -9.4795297965863709E-2
 ii= 4672 error= 0.21674471529714107,  4.10912075539056343E-2,  0.12434647820137039
 ii= 4673 error= 0.19760053700346225,  -3.82036710643133409E-2,  -0.11537366731766502
 ii= 4674 error= 0.12594156827582317,  2.37297758446695407E-2,  7.16994347732964332E-2
 ii= 4675 error= 0.13793374869564368,  -2.55696094387057767E-2,  -7.7371365909851289E-2
 ii= 4676 error= 0.20412362647897889,  3.8188399779137322E-2,  0.11555775021607612
 ii= 4677 error= 0.19267123018671903,  -3.6959876109770036E-2,  -0.11164109939426323
 ii= 4678 error= 0.13639767282063339,  2.5996371747740301E-2,  7.85698239301442225E-2
 ii= 4679 error= 0.14786665760536399,  -2.77559177536519167E-2,  -8.39653912134448732E-2
 ii= 4680 error= 0.21831374407606285,  4.10222260244481815E-2,  0.12414676575326222
 ii= 4681 error= 0.19838287470377713,  -3.82628496149371375E-2,  -0.11554443914612129
 ii= 4682 error= 0.1204166876807559,  2.25754360560231383E-2,  6.82021736695223174E-2
 ii= 4683 error= 0.13146587391371303,  -2.41855710376899478E-2,  -7.3191190605259665E-2
 ii= 4684 error= 0.19070545244647127,  3.54929739803732103E-2,  0.10738926875532165
 ii= 4685 error= 0.18661971432944086,  -3.55875434168286126E-2,  -0.10752388439169192
 ii= 4686 error= 0.15086801236404329,  2.88353171134973045E-2,  8.71753996120640806E-2
 ii= 4687 error= 0.16006500097758053,  -3.0267541250598981E-2,  -9.15358891892920079E-2
 ii= 4688 error= 0.22125522977433304,  4.18244700405716527E-2,  0.1265731554948957
 ii= 4689 error= 0.19939241397537485,  -3.85622845311603263E-2,  -0.11644436552878268
 ii= 4690 error= 0.11859009926860341,  2.21028943353995255E-2,  6.6769155268251279E-2
 ii= 4691 error= 0.12941892186734236,  -2.36697667118880295E-2,  -7.16351309048070539E-2
 ii= 4692 error= 0.18675407929497626,  3.47173699350780615E-2,  0.10503845292250946
 ii= 4693 error= 0.18470826688127162,  -3.51669236249554096E-2,  -0.10626157114171315
 ii= 4694 error= 0.15584172213259695,  2.97919434910692386E-2,  9.00757682687699651E-2
 ii= 4695 error= 0.16392300934456921,  -3.10623052337640621E-2,  -9.39298196656323664E-2
 ii= 4696 error= 0.21843597462832903,  4.1379110699881802E-2,  0.12522044285739012
 ii= 4697 error= 0.19829121279438661,  -3.83458717384667427E-2,  -0.11579871438656579
 ii= 4698 error= 0.12320448677474248,  2.31257122232750335E-2,  6.98686779154566173E-2
 ii= 4699 error= 0.13482992248016862,  -2.48779010357267627E-2,  -7.52832814897160113E-2
 ii= 4700 error= 0.19814179619265559,  3.69952674298394471E-2,  0.11194187473938157
 ii= 4701 error= 0.19004731271516009,  -3.63669272141656716E-2,  -0.10986289401577849
 ii= 4702 error= 0.14281516810372824,  2.72698446568230175E-2,  8.2429759058687449E-2
 ii= 4703 error= 0.15349203273578718,  -2.89179343555755336E-2,  -8.74690383023503243E-2
 ii= 4704 error= 0.2220835390910699,  4.18452229114947283E-2,  0.12663971462170454
 ii= 4705 error= 0.19978201503399109,  -3.86072053689964501E-2,  -0.11657649847682688
 ii= 4706 error= 0.11629849729075811,  2.16060361446821954E-2,  6.52638567131623021E-2
 ii= 4707 error= 0.12658452210539684,  -2.30471843026771629E-2,  -6.97544237003549922E-2
 ii= 4708 error= 0.18058440802889569,  3.34760879984705023E-2,  0.10127700144455509
 ii= 4709 error= 0.18164237545504758,  -3.44808282165014121E-2,  -0.1042011932278938
 ii= 4710 error= 0.16338739456150536,  3.12287461306501798E-2,  9.44326071143975904E-2
 ii= 4711 error= 0.16940226888849394,  -3.21919883398865056E-2,  -9.73304818221314982E-2
 ii= 4712 error= 0.21092608098465601,  4.00834933997864309E-2,  0.12128856751500813
 ii= 4713 error= 0.19521514430358519,  -3.77090963767259882E-2,  -0.11389480937685922
 ii= 4714 error= 0.13452557373982879,  2.55415335934470016E-2,  7.71902568905000752E-2
 ii= 4715 error= 0.14679320187022965,  -2.74831804472170961E-2,  -8.31461025103649859E-2
 ii= 4716 error= 0.21831071450626166,  4.10447134712081316E-2,  0.12421408827341131
 ii= 4717 error= 0.19849255758625312,  -3.82966661132101011E-2,  -0.11564756708296114
 ii= 4718 error= 0.12026900947787325,  2.25244475415533919E-2,  6.80466093927885179E-2
 ii= 4719 error= 0.1312201183770455,  -2.41145586167018158E-2,  -7.29778069869869428E-2
 ii= 4720 error= 0.19071769124746887,  3.550367604244032E-2,  0.10742161930832275
 ii= 4721 error= 0.18667105769173684,  -3.56045372367134044E-2,  -0.10757562496537472
 ii= 4722 error= 0.15127242717419725,  2.89245604485646284E-2,  8.7445900598904891E-2
 ii= 4723 error= 0.16044615009595556,  -3.03557153649439485E-2,  -9.18020246414644192E-2
 ii= 4724 error= 0.22164266357359813,  4.19088538093961988E-2,  0.1268288474445686
 ii= 4725 error= 0.19959500608546604,  -3.86104651492819098E-2,  -0.11658936874412235
 ii= 4726 error= 0.11801631175082081,  2.19650363847072282E-2,  6.63509888999791186E-2
 ii= 4727 error= 0.12870211340439258,  -2.3499934585953744E-2,  -7.11227682726150445E-2
 ii= 4728 error= 0.18557219879139583,  3.44833148021485847E-2,  0.10432925805609304
 ii= 4729 error= 0.1841568935382818,  -3.50458757008319244E-2,  -0.10589849342071336
 ii= 4730 error= 0.15753301323189808,  3.01229907420374615E-2,  9.10796041742950729E-2
 ii= 4731 error= 0.16521835308108521,  -3.13354624530833084E-2,  -9.47525766575676026E-2
 ii= 4732 error= 0.21736504226004452,  4.1206864190325522E-2,  0.12469750414034242
 ii= 4733 error= 0.19789844759373654,  -3.82683676502509756E-2,  -0.11556774668684094
 ii= 4734 error= 0.12493770082928897,  2.35039559715340581E-2,  7.10148997907549123E-2
 ii= 4735 error= 0.13678503019876614,  -2.53097491880223784E-2,  -7.65872371493960119E-2
 ii= 4736 error= 0.20221830604211624,  3.78099519380036622E-2,  0.11441108429873262
 ii= 4737 error= 0.19187323477109211,  -3.67800323193446105E-2,  -0.11110210919377315
 ii= 4738 error= 0.13857846501851745,  2.64382881552438359E-2,  7.99094244345629617E-2
 ii= 4739 error= 0.14984916098172502,  -2.81720081670461357E-2,  -8.52202604144247505E-2
 ii= 4740 error= 0.22034731004525271,  4.14452732594533177E-2,  0.12542891695255218
 ii= 4741 error= 0.19917992815007804,  -3.84509476202739842E-2,  -0.11610810556647522
 ii= 4742 error= 0.11796173349203087,  2.20057260004756679E-2,  6.64754450629018168E-2
 ii= 4743 error= 0.12855665134267957,  -2.3513966766470322E-2,  -7.11636654138558394E-2
 ii= 4744 error= 0.18484748447651694,  3.43254187065003477E-2,  0.10385115782205644
 ii= 4745 error= 0.18380134962294936,  -3.49594472465065767E-2,  -0.1056385448069206
 ii= 4746 error= 0.15813112617526659,  3.02349632603693512E-2,  9.14193099460042929E-2
 ii= 4747 error= 0.16563549981800901,  -3.14193286896460658E-2,  -9.50047751353294417E-2
 ii= 4748 error= 0.21664627643905501,  4.10780932289191159E-2,  0.12430693288473106
 ii= 4749 error= 0.19759062265622732,  -3.8202423738297471E-2,  -0.115370235055011
 ii= 4750 error= 0.12612056448587922,  2.37682781114802351E-2,  7.18162772348473755E-2
 ii= 4751 error= 0.13812630018101987,  -2.56114086363225212E-2,  -7.74975792292965093E-2
 ii= 4752 error= 0.20469167888624895,  3.83009456946752092E-2,  0.11589922539604081
 ii= 4753 error= 0.19293463965949834,  -3.70189891311536803E-2,  -0.1118184088930874
 ii= 4754 error= 0.13592935268945255,  2.59083706683317615E-2,  7.8303437354917016E-2
 ii= 4755 error= 0.14747080740364454,  -2.76791646665742949E-2,  -8.37338894727352179E-2
 ii= 4756 error= 0.21815062939287355,  4.09832323993501446E-2,  0.12402905560885152
 ii= 4757 error= 0.19834825781092749,  -3.82518440113864405E-2,  -0.11551152545032253
 ii= 4758 error= 0.12056148148662375,  2.26113064228311081E-2,  6.83110850326788394E-2
 ii= 4759 error= 0.13162934491619094,  -2.42247775061531744E-2,  -7.33095096971145554E-2
 ii= 4760 error= 0.19121855229657789,  3.55933708137438493E-2,  0.10769389725278955
 ii= 4761 error= 0.18687627595281336,  -3.56440751675273504E-2,  -0.10769354434661967
 ii= 4762 error= 0.15036322857373982,  2.87423553546465489E-2,  8.68938607748038078E-2
 ii= 4763 error= 0.15967722009919877,  -3.01916537372325829E-2,  -9.13072224061545201E-2
 ii= 4764 error= 0.22160368552637685,  4.18809579670089555E-2,  0.12674499368616343
 ii= 4765 error= 0.19954697220546971,  -3.85929755600302529E-2,  -0.11653609150871883
 ii= 4766 error= 0.11804118468887746,  2.19805211748635258E-2,  6.63984921494755187E-2
 ii= 4767 error= 0.12875776684517262,  -2.35211627375249664E-2,  -7.11863231624979276E-2
 ii= 4768 error= 0.18548318173012582,  3.44612575435485555E-2,  0.10426262059236016
 ii= 4769 error= 0.18409514150031056,  -3.5029201020825608E-2,  -0.10584804208010418
 ii= 4770 error= 0.15746338118906419,  3.0105369144775615E-2,  9.1026369138563476E-2
 ii= 4771 error= 0.16514187965235169,  -3.13161530984160594E-2,  -9.46941231440376063E-2
 ii= 4772 error= 0.21720524409661399,  4.11731799931515444E-2,  0.12459556484286977
 ii= 4773 error= 0.19781256741168438,  -3.82481086171366363E-2,  -0.11550671755246722
 ii= 4774 error= 0.12521465399451276,  2.35693161171260102E-2,  7.12132914791634153E-2
 ii= 4775 error= 0.13711206224855038,  -2.53861786144699078E-2,  -7.6817669599772459E-2
 ii= 4776 error= 0.2027457001060616,  3.79127904399504945E-2,  0.11472287000449445
 ii= 4777 error= 0.19209158900764925,  -3.68281282466618662E-2,  -0.11124609358206304
 ii= 4778 error= 0.13793812910298345,  2.6308587543593092E-2,  7.95164160214964083E-2
 ii= 4779 error= 0.1492638135033276,  -2.80489155272909962E-2,  -8.48489134100025855E-2
 ii= 4780 error= 0.2197583022947453,  4.13215018551987973E-2,  0.12505397434906496
 ii= 4781 error= 0.19894635093768923,  -3.83952657746512993E-2,  -0.11594112226465041
 ii= 4782 error= 0.11868354144295143,  2.21750027911934121E-2,  6.69886700052655937E-2
 ii= 4783 error= 0.12942315038949825,  -2.37154947695685271E-2,  -7.17719744484308364E-2
 ii= 4784 error= 0.18660095333233573,  3.46743854959487771E-2,  0.10490878670478551
 ii= 4785 error= 0.18465639692344707,  -3.51492157810052788E-2,  -0.10620816679726229
 ii= 4786 error= 0.15591664898622029,  2.98101095782300034E-2,  9.01311708146121521E-2
 ii= 4787 error= 0.16397647365296281,  -3.10762799798966066E-2,  -9.39717386418925382E-2
 ii= 4788 error= 0.21843437779656918,  4.13779232694596946E-2,  0.12521714815903709
 ii= 4789 error= 0.19829732153930654,  -3.83463286033293854E-2,  -0.11580002549358188
 ii= 4790 error= 0.12322641929479133,  2.31323728094600597E-2,  6.98891049317415247E-2
 ii= 4791 error= 0.13485890011441579,  -2.48856368990222343E-2,  -7.53065238989339969E-2
 ii= 4792 error= 0.19827195573896442,  3.7019441504180732E-2,  0.11201543312121613
 ii= 4793 error= 0.19010995345646534,  -3.63800100714425298E-2,  -0.10990205603401702
 ii= 4794 error= 0.14269960489853944,  2.72490722118411549E-2,  8.23670430790178904E-2
 ii= 4795 error= 0.15339632386244265,  -2.88998452161037499E-2,  -8.7414407124023874E-2
 ii= 4796 error= 0.22210664805242344,  4.18466029567435421E-2,  0.12664422024297259
 ii= 4797 error= 0.19979807055489252,  -3.86093479300054568E-2,  -0.11658283585832531
 ii= 4798 error= 0.11626117412262206,  2.15994661140161207E-2,  6.52441503927892047E-2
 ii= 4799 error= 0.12654135580016973,  -2.30387758820868281E-2,  -6.97289291978692299E-2
 ii= 4800 error= 0.18055881230134155,  3.34693548114475686E-2,  0.10125685082650836
 ii= 4801 error= 0.1816320674478186,  -3.44777579857954014E-2,  -0.10419189457596705
 ii= 4802 error= 0.16345391990046534,  3.12429254182743817E-2,  9.44758304571307606E-2
 ii= 4803 error= 0.16944877029885966,  -3.22029874430832599E-2,  -9.73634994290832473E-2
 ii= 4804 error= 0.2108794810584394,  4.0074889982997762E-2,  0.12126268835462321
 ii= 4805 error= 0.19520068237154503,  -3.77056853237816986E-2,  -0.11388457906999054
 ii= 4806 error= 0.13461749926642255,  2.5561646717060911E-2,  7.72514024273937283E-2
 ii= 4807 error= 0.14688459407988572,  -2.75036327619913104E-2,  -8.32077318459853443E-2
 ii= 4808 error= 0.2184764683977771,  4.10773149627207609E-2,  0.12431311547339337
 ii= 4809 error= 0.19856246446803408,  -3.8312248911142148E-2,  -0.11569421507696645
 ii= 4810 error= 0.12006053314363227,  2.24773354999769498E-2,  6.79039627510656107E-2
 ii= 4811 error= 0.13097493582383818,  -2.40589343662348763E-2,  -7.28098162849365044E-2
 ii= 4812 error= 0.19026889727196133,  3.54133890977304383E-2,  0.10714819955162838
 ii= 4813 error= 0.18646131057878629,  -3.55572734115487399E-2,  -0.10743373274219166
 ii= 4814 error= 0.15183989194198821,  2.90355213113140838E-2,  8.77824900946515829E-2
 ii= 4815 error= 0.1608941704168616,  -3.04492185907930396E-2,  -9.20836371351976546E-2
 ii= 4816 error= 0.22143111388657857,  4.18781800180184696E-2,  0.12673577737478028
 ii= 4817 error= 0.19951749562799262,  -3.85958883807404202E-2,  -0.11654594938290457
 ii= 4818 error= 0.11838359366853178,  2.20473687393328809E-2,  6.66006016670497442E-2
 ii= 4819 error= 0.12914472635354832,  -2.3599435776659617E-2,  -7.14232295474683809E-2
 ii= 4820 error= 0.18658653891510832,  3.46859715578623565E-2,  0.10494359761680129
 ii= 4821 error= 0.18465711770079682,  -3.51574916613279845E-2,  -0.106233582266143
 ii= 4822 error= 0.15634409621525536,  2.98972853288117547E-2,  9.0395412288155827E-2
 ii= 4823 error= 0.16433564421778915,  -3.11550934959636781E-2,  -9.42094415905090077E-2
 ii= 4824 error= 0.21841905418941029,  4.13856993711042356E-2,  0.12524049938631115
 ii= 4825 error= 0.19832525763053699,  -3.83559347007584733E-2,  -0.11582941295884655
 ii= 4826 error= 0.12324754752432253,  2.31311757870179373E-2,  6.98852174273932175E-2
 ii= 4827 error= 0.13486155911358338,  -2.48812665822676256E-2,  -7.52936599486618285E-2
 ii= 4828 error= 0.19848303649838317,  3.70640750220366036E-2,  0.11215075793244823
 ii= 4829 error= 0.19022381702927216,  -3.640726907250285E-2,  -0.10998409875310892
 ii= 4830 error= 0.14262238418348738,  2.72386595511717698E-2,  8.23355277855026824E-2
 ii= 4831 error= 0.15335870621074699,  -2.88965641258203919E-2,  -8.74046872526777346E-2
 ii= 4832 error= 0.22233605000435186,  4.18902306594241408E-2,  0.12677660782238337
 ii= 4833 error= 0.1999094794977771,  -3.86340098966347356E-2,  -0.11665687549327536
 ii= 4834 error= 0.11591062980721792,  2.15173429100688242E-2,  6.49951856917002357E-2
 ii= 4835 error= 0.126100958578825,  -2.29362861460313296E-2,  -6.94195609439868661E-2
 ii= 4836 error= 0.17976155040972347,  3.33097323411313123E-2,  0.10077323665507737
 ii= 4837 error= 0.18123528505439446,  -3.4390140041873421E-2,  -0.10392882916942613
 ii= 4838 error= 0.16456965516495681,  3.14572725996132285E-2,  9.51259142576094813E-2
 ii= 4839 error= 0.17023546305755469,  -3.23680768867368462E-2,  -9.78603619970842692E-2
 ii= 4840 error= 0.20963259403802889,  3.98571214810127319E-2,  0.12060199362925497
 ii= 4841 error= 0.19468604942515672,  -3.75989312461386879E-2,  -0.11356532749261336
 ii= 4842 error= 0.13631679665063198,  2.59037309218568962E-2,  7.82880798620744639E-2
 ii= 4843 error= 0.14847661895893219,  -2.7835908228747451E-2,  -8.42101749751215517E-2
 ii= 4844 error= 0.22027942114883689,  4.14520049129113305E-2,  0.12544850151466497
 ii= 4845 error= 0.1992693187974954,  -3.84795482569704403E-2,  -0.11619563118935443
 ii= 4846 error= 0.11783349485411998,  2.19584260665890499E-2,  6.6331002050163318E-2
 ii= 4847 error= 0.12832009692462987,  -2.34441895703119789E-2,  -7.09540069238123738E-2
 ii= 4848 error= 0.1848645048888754,  3.43367512494661478E-2,  0.10388540205091004
 ii= 4849 error= 0.18385255757847985,  -3.49767264343892811E-2,  -0.10569114196301843
 ii= 4850 error= 0.15853663993181788,  3.03230287477041921E-2,  9.16862436117002605E-2
 ii= 4851 error= 0.16598666097543124,  -3.15005072687150611E-2,  -9.52497094118300996E-2
 ii= 4852 error= 0.21676981870515249,  4.11120993317598757E-2,  0.12440985881233402
 ii= 4853 error= 0.19769014855588202,  -3.82278656778060263E-2,  -0.11544720781503273
 ii= 4854 error= 0.12589305269275314,  2.37097530794816019E-2,  7.16385483374900045E-2
 ii= 4855 error= 0.13783936225576826,  -2.55405669013459881E-2,  -7.72841979829259063E-2
 ii= 4856 error= 0.20440711430010297,  3.82479008849286109E-2,  0.11573855272502817
 ii= 4857 error= 0.19283759185827062,  -3.69990357001659942E-2,  -0.11175898026912663
 ii= 4858 error= 0.13641327716625251,  2.6011120962577728E-2,  7.86149301463564126E-2
 ii= 4859 error= 0.14794663154717588,  -2.77832456898653574E-2,  -8.40480018663871814E-2
 ii= 4860 error= 0.21891644203347052,  4.11383900687477683E-2,  0.1244994418643026
 ii= 4861 error= 0.19866958061228726,  -3.8326019369660895E-2,  -0.11573396554784528
 ii= 4862 error= 0.11955110334747648,  2.23777768237990553E-2,  6.76032045244690516E-2
 ii= 4863 error= 0.1304278427513455,  -2.39482021277527962E-2,  -7.24746860162593792E-2
 ii= 4864 error= 0.18889827961055033,  3.51317714587987967E-2,  0.10629512705100093
 ii= 4865 error= 0.18578677481193051,  -3.54012980325916771E-2,  -0.10696505473715119
 ii= 4866 error= 0.15326299380266284,  2.93061242344239935E-2,  8.86032338498006916E-2
 ii= 4867 error= 0.16196827995695823,  -3.06671855464951126E-2,  -9.27397967058900541E-2
 ii= 4868 error= 0.22042625123377568,  4.17090891169347167E-2,  0.12622270148087728
 ii= 4869 error= 0.19910480330826139,  -3.85102747937005122E-2,  -0.11628989296125246
 ii= 4870 error= 0.12002973944117865,  2.24215654324950442E-2,  6.77349689844188724E-2
 ii= 4871 error= 0.13112865082948497,  -2.40502879883162692E-2,  -7.27843937780099648E-2
 ii= 4872 error= 0.19072883208586572,  3.55121359596044309E-2,  0.10744754628890617
 ii= 4873 error= 0.18664204983362992,  -3.5600034763336702E-2,  -0.10756180361957013
 ii= 4874 error= 0.15134265112423376,  2.89353361145153545E-2,  8.74790671052049496E-2
 ii= 4875 error= 0.1604858735965782,  -3.03619778156087212E-2,  -9.182054156884846E-2
 ii= 4876 error= 0.22148889306767713,  4.18788680513043909E-2,  0.12673838917710381
 ii= 4877 error= 0.1995298431320181,  -3.85950298208820736E-2,  -0.11654291830021908
 ii= 4878 error= 0.11829565558783307,  2.20325350852000508E-2,  6.65560321050445575E-2
 ii= 4879 error= 0.12905111363447994,  -2.35826051139650002E-2,  -7.13720998958034814E-2
 ii= 4880 error= 0.18635398143840703,  3.46368915135992148E-2,  0.10479512578238959
 ii= 4881 error= 0.18453961335642632,  -3.5129771935986126E-2,  -0.1061501450203579
 ii= 4882 error= 0.15658513861958964,  2.99429951644522192E-2,  9.05342414266610968E-2
 ii= 4883 error= 0.16450835981570491,  -3.11904378104186156E-2,  -9.43156809641726851E-2
 ii= 4884 error= 0.21817878548652012,  4.13431590811534216E-2,  0.12511162637191181
 ii= 4885 error= 0.19822623509736534,  -3.83347673262891056E-2,  -0.11576598272136841
 ii= 4886 error= 0.12364718558814522,  2.32212097024920433E-2,  7.01583065780738702E-2
 ii= 4887 error= 0.13532329883205232,  -2.49857097848216608E-2,  -7.56088155879144075E-2
 ii= 4888 error= 0.19940630069780826,  3.7247096944464618E-2,  0.11270563122835307
 ii= 4889 error= 0.19063514351551664,  -3.64994229639902593E-2,  -0.11026038841958347
 ii= 4890 error= 0.14160613488163573,  2.7038733873514003E-2,  8.17296920057501292E-2
 ii= 4891 error= 0.1524858846979826,  -2.87168949446655469E-2,  -8.68629425025339297E-2
 ii= 4892 error= 0.22198029453841089,  4.18048322988363308E-2,  0.12651826594835974
 ii= 4893 error= 0.19978111672138996,  -3.85998020711100231E-2,  -0.11655415119333118
 ii= 4894 error= 0.11624390759427176,  2.15992508736477691E-2,  6.52436370934790927E-2
 ii= 4895 error= 0.12650257987967203,  -2.30330398856426893E-2,  -6.97115431603632374E-2
 ii= 4896 error= 0.18060037006948559,  3.34764128094896737E-2,  0.10127851415295586
 ii= 4897 error= 0.18166491526736095,  -3.44848113159097192E-2,  -0.10421309154131285
 ii= 4898 error= 0.16349608225182935,  3.12545774804961624E-2,  9.45113806826606007E-2
 ii= 4899 error= 0.16948660961797199,  -3.22138703016366448E-2,  -9.73962474997736583E-2
 ii= 4900 error= 0.21095086512948621,  4.00888524173854746E-2,  0.12130524723030479
 ii= 4901 error= 0.19524529160501891,  -3.7715402467645362E-2,  -0.11391376714440093
 ii= 4902 error= 0.13460907919153209,  2.55632471042127121E-2,  7.72564503427721344E-2
 ii= 4903 error= 0.14689593678410942,  -2.75091702156591567E-2,  -8.32244291419833027E-2
 ii= 4904 error= 0.21863464037163838,  4.11074491192267438E-2,  0.12440470471919947
 ii= 4905 error= 0.19863792684689222,  -3.83287889655847536E-2,  -0.11574379244820376
 ii= 4906 error= 0.11983243238048309,  2.2425339689798332E-2,  6.77464791186459248E-2
 ii= 4907 error= 0.13070061370358579,  -2.3996323849423129E-2,  -7.26207705138566528E-2
 ii= 4908 error= 0.18979686602889043,  3.53187428587893315E-2,  0.10686158794751863
 ii= 4909 error= 0.1862435906986899,  -3.55085103396257373E-2,  -0.10728737565415794
 ii= 4910 error= 0.15246775950086461,  2.91589783644191566E-2,  8.81569815869889944E-2
 ii= 4911 error= 0.1613912205412997,  -3.05536652174643701E-2,  -9.23982279985720717E-2
 ii= 4912 error= 0.22120732039647809,  4.18464853523603172E-2,  0.12663959966335353
 ii= 4913 error= 0.19943970143754824,  -3.85816437103458226E-2,  -0.11650359398710086
 ii= 4914 error= 0.1187691259523969,  2.21331086269835053E-2,  6.68605239558026504E-2
 ii= 4915 error= 0.12960527697429414,  -2.37023675101154865E-2,  -7.17340749093476893E-2
 ii= 4916 error= 0.18766572988926294,  3.49017138450656156E-2,  0.10559761859077831
 ii= 4917 error= 0.18518769523568079,  -3.52761318180345659E-2,  -0.10658975603977165
 ii= 4918 error= 0.15510690242266895,  2.96625641383796192E-2,  8.96839164384426041E-2
 ii= 4919 error= 0.16340923035953703,  -3.09663685832642262E-2,  -9.36411017365385984E-2
 ii= 4920 error= 0.21944623828308241,  4.15586468958782651E-2,  0.12576568687438466
 ii= 4921 error= 0.19874151590953301,  -3.84410343184280537E-2,  -0.11608367855620956
 ii= 4922 error= 0.12161043558352189,  2.27680900649449916E-2,  6.8784950255683916E-2
 ii= 4923 error= 0.13296656106281557,  -2.44576111077707825E-2,  -7.40145346791612757E-2
 ii= 4924 error= 0.19471090061121554,  3.63103754117958255E-2,  0.10986676703405648
 ii= 4925 error= 0.18851518095870698,  -3.60223312125108053E-2,  -0.1088292545329532
 ii= 4926 error= 0.14687472222683151,  2.8072554732024517E-2,  8.48635101074721732E-2
 ii= 4927 error= 0.15691824028757229,  -2.96310660856641886E-2,  -8.96184303482272793E-2
 ii= 4928 error= 0.22286171792519452,  4.20626056808825269E-2,  0.12729762644722409
 ii= 4929 error= 0.20009039541714965,  -3.86962897285424504E-2,  -0.11684452024063885
 ii= 4930 error= 0.11580948113212743,  2.14771330160574668E-2,  6.48731239205139476E-2
 ii= 4931 error= 0.12600372227710274,  -2.28986235279339569E-2,  -6.93062337448955568E-2
 ii= 4932 error= 0.17978130708369022,  3.33166115343771288E-2,  0.10079421191337259
 ii= 4933 error= 0.18124881674912927,  -3.43951568315677969E-2,  -0.10394396838524451
 ii= 4934 error= 0.16469140777623878,  3.14829334107004991E-2,  9.52038896699770598E-2
 ii= 4935 error= 0.17032915955515565,  -3.23897492365716813E-2,  -9.79256037105675353E-2
 ii= 4936 error= 0.20959232247678325,  3.98518831701934889E-2,  0.1205862400184014
 ii= 4937 error= 0.19468196670235366,  -3.75988311010760842E-2,  -0.1135651504116512
 ii= 4938 error= 0.13645214950098403,  2.59334420219537176E-2,  7.83782717371182686E-2
 ii= 4939 error= 0.14861869255275298,  -2.78681036453140782E-2,  -8.43073013446381248E-2
 ii= 4940 error= 0.22055147574480838,  4.15067582212962985E-2,  0.12561462761434633
 ii= 4941 error= 0.19938621317457492,  -3.85064580496472519E-2,  -0.1162762894494251
 ii= 4942 error= 0.1174710908817754,  2.18737931846364891E-2,  6.60745520381516294E-2
 ii= 4943 error= 0.12787681830567843,  -2.33413984323884542E-2,  -7.06436446164536297E-2
 ii= 4944 error= 0.18401896338786886,  3.41676371591524489E-2,  0.1033730753775759
 ii= 4945 error= 0.18343902163460332,  -3.48849290163727038E-2,  -0.10541551329172147
 ii= 4946 error= 0.1596519960848041,  3.05375310076174064E-2,  9.23368139475527344E-2
 ii= 4947 error= 0.16680586350055568,  -3.16710394906246917E-2,  -9.57630796657595318E-2
 ii= 4948 error= 0.21576052256598444,  4.09398650182435792E-2,  0.1238872743546182
 ii= 4949 error= 0.19729089032028527,  -3.81457691988447492E-2,  -0.11520188762699146
 ii= 4950 error= 0.12754213465250422,  2.40699077915737837E-2,  7.2730232806230477E-2
 ii= 4951 error= 0.13965935464221843,  -2.59437024297713807E-2,  -7.85010034664067463E-2
 ii= 4952 error= 0.20783364696828194,  3.89318114126880818E-2,  0.11781144130615624
 ii= 4953 error= 0.19430104065277498,  -3.73312980827432209E-2,  -0.11275508690383763
 ii= 4954 error= 0.13298982438675122,  2.53254559229628036E-2,  7.65371207555784888E-2
 ii= 4955 error= 0.14484632269861633,  -2.71442320959704476E-2,  -8.21206428223189705E-2
 ii= 4956 error= 0.21557236181576028,  4.04477851887116158E-2,  0.12240687997055993
 ii= 4957 error= 0.19741072351019551,  -3.80287748560858979E-2,  -0.1148436997070779
 ii= 4958 error= 0.12364394054254699,  2.33172073890092584E-2,  7.04507482850612599E-2
 ii= 4959 error= 0.13515263787224005,  -2.50298135264795038E-2,  -7.57397588531002752E-2
 ii= 4960 error= 0.19865093736330416,  3.70691036177178412E-2,  0.11216680280322637
 ii= 4961 error= 0.19031336927377979,  -3.64138826581900457E-2,  -0.11000323770884453
 ii= 4962 error= 0.14199815514097375,  2.71166425194840771E-2,  8.19659150110755991E-2
 ii= 4963 error= 0.1527797460673897,  -2.87766614776718103E-2,  -8.7042854166663991E-2
 ii= 4964 error= 0.22187810219692081,  4.17873189439556675E-2,  0.12646508510322546
 ii= 4965 error= 0.19971701537402631,  -3.85855591554634184E-2,  -0.11651133171679716
 ii= 4966 error= 0.11647530991323631,  2.16553505676172313E-2,  6.54138149197511509E-2
 ii= 4967 error= 0.12680794059867287,  -2.31051912399933349E-2,  -6.99292905459604486E-2
 ii= 4968 error= 0.18113833361918835,  3.35822330602398578E-2,  0.10159917797688195
 ii= 4969 error= 0.18192593536113352,  -3.45410836326396006E-2,  -0.10438198116486802
 ii= 4970 error= 0.16270582169525813,  3.1101995414671936E-2,  9.40486969881497159E-2
 ii= 4971 error= 0.16891669078218086,  -3.20938187292370766E-2,  -9.70348550923475633E-2
 ii= 4972 error= 0.21173779048943656,  4.02234716358978034E-2,  0.12171378425259853
 ii= 4973 error= 0.19556152620334136,  -3.77796388661972571E-2,  -0.11410573778091183
 ii= 4974 error= 0.13351689143944095,  2.53424245717473219E-2,  7.65873362143141556E-2
 ii= 4975 error= 0.14584934610237221,  -2.72900099417623318E-2,  -8.2563126716132737E-2
 ii= 4976 error= 0.21727361358838868,  4.08268139666389043E-2,  0.12355432487553711
 ii= 4977 error= 0.19809755419612199,  -3.8201346204894078E-2,  -0.11536183276295717
 ii= 4978 error= 0.12158434258132549,  2.2831318096378457E-2,  6.89772025393259602E-2
 ii= 4979 error= 0.13276246423130952,  -2.44715895784105436E-2,  -7.40553765113446533E-2
 ii= 4980 error= 0.19395740763836419,  3.61446029619779743E-2,  0.10936453201771822
 ii= 4981 error= 0.1881883314729822,  -3.59417795798862086E-2,  -0.10858741994110244
 ii= 4982 error= 0.14747306832268753,  2.81897234304306424E-2,  8.52185476833588751E-2
 ii= 4983 error= 0.15739269495101482,  -2.97285207114844248E-2,  -8.99121084725217484E-2
 ii= 4984 error= 0.22270693504871686,  4.20420004098201114E-2,  0.12723473097695567
 ii= 4985 error= 0.200016712391199,  -3.86825185409636965E-2,  -0.11680345389914897
 ii= 4986 error= 0.11609954766954853,  2.1542618914009732E-2,  6.50714677920430223E-2
 ii= 4987 error= 0.12636825103598898,  -2.29809438571315743E-2,  -6.95549152230587331E-2
 ii= 4988 error= 0.18048724328407442,  3.3458503626944136E-2,  0.10122402239277183
 ii= 4989 error= 0.18160237808584914,  -3.44734695966026697E-2,  -0.10417922707297934
 ii= 4990 error= 0.16373673038817249,  3.13003031379214466E-2,  9.46499250636173711E-2
 ii= 4991 error= 0.16965969120702903,  -3.22497035977300159E-2,  -9.75042228016338997E-2
 ii= 4992 error= 0.21068680588986999,  4.00434493612118539E-2,  0.12116737389840807
 ii= 4993 error= 0.19513727093272459,  -3.76932181083833376E-2,  -0.11384753508902634
 ii= 4994 error= 0.13497169809678042,  2.56363000310456043E-2,  7.74777362555237326E-2
 ii= 4995 error= 0.147238961572347,  -2.75806846734914062E-2,  -8.34402772545003862E-2
 ii= 4996 error= 0.21904538555477165,  4.11925709641768473E-2,  0.12466256560046367
 ii= 4997 error= 0.19879905605707004,  -3.8366846723773558E-2,  -0.11585791706506492
 ii= 4998 error= 0.11931664669563116,  2.23054166416328248E-2,  6.73828863196904576E-2
 ii= 4999 error= 0.13008857293844139,  -2.38547853173658661E-2,  -7.21935602244343499E-2
 ii= 5000 error= 0.18854693502675385,  3.50700840320380472E-2,  0.10610794151187097
 --------------------------------------------------------------
 finished transported alpha density profile
 --------------------------------------------------------------
 alpha density in 10**19 1/m**3
 0.40642209495516041
 0.38212802507154453
 0.37766962726543707
 0.37021096268336745
 0.34266399171457373
 0.3155555620564604
 0.29806522907055499
 0.28549078012318629
 0.27288789003696451
 0.26230671473878808
 0.25397628261410488
 0.24684713343021014
 0.23958584487202941
 0.22874600627877686
 0.21313479497251708
 0.20026866810289309
 0.18975335528799489
 0.1804428211479453
 0.1718788026994833
 0.16446855829170087
 0.15773509279471887
 0.1513585974323898
 0.14532911286949382
 0.13961139762886865
 0.13404578179963023
 0.12854324821341961
 0.12301818082424612
 0.11741402479101166
 0.11185661650352004
 0.10632780572964744
 0.10070422596203528
 9.50727682523888895E-2
 8.94867188837057403E-2
 8.39746073596067538E-2
 7.84787287730387279E-2
 7.29996448290837763E-2
 6.74504167589616982E-2
 6.19245037603020701E-2
 5.61942684798190234E-2
 5.0791525681633122E-2
 4.51047726687779718E-2
 3.9774262144258922E-2
 3.39859378070279661E-2
 2.84665846549920082E-2
 2.20736336255021905E-2
 1.64213713798497495E-2
 1.03891692334075591E-2
 6.53745755950265687E-3
 2.79336747567964687E-3
 1.37658924358865305E-3
 0.
 --------------------------------------------------------------
 finished transported alpha pressure profile
 --------------------------------------------------------------
 alpha presure in 10**4 N/m**2
 1.8221285501977231
 1.7130843224890573
 1.6928322619022338
 1.6589855453990912
 1.5349988925502469
 1.412900662515022
 1.333792211067917
 1.2765929844043198
 1.2191857224798388
 1.1707417549506405
 1.1322723612852312
 1.0990828170717561
 1.0652339304648086
 1.0154394141545049
 0.94450541519550391
 0.88581509470826558
 0.837581810945073
 0.7947116143107007
 0.75517093342042574
 0.72073532502245785
 0.6892931177270446
 0.65943756981685964
 0.63112275411259544
 0.60419279386783908
 0.57796082568782181
 0.55205363247916106
 0.52611857357308567
 0.49993316830371959
 0.47405267955192681
 0.44841543773172765
 0.42251974587656799
 0.39675172527525704
 0.37134594222565831
 0.34642864517138022
 0.32176941461560377
 0.29738178476903998
 0.27292562769434958
 0.24879489052523368
 0.22409236708870053
 0.20093482538940804
 0.17684297106099633
 0.15426683142198425
 0.1299986209267309
 0.10693345494838057
 8.10036773441252522E-2
 5.84507605190562191E-2
 3.54800493184835378E-2
 2.07319186796157684E-2
 7.9498855639117804E-3
 3.41593687979999247E-3
 0.
 --------------------------------------------------------------
 finished flow of alpha density profile
 --------------------------------------------------------------
 alpha flow in [10**19 1/m**3]*[m/sec]*m**2
 0.
 8.99505364356052162E-2
 0.36159474348818477
 0.81299168311043279
 1.4379316014271071
 2.2266266251208173
 3.1593770845189875
 4.2121575067749086
 5.363050822004193
 6.5885849839600255
 7.8623702722315327
 9.1593593188523261
 10.457893430845962
 11.744901199186963
 13.018217417249575
 14.271585396093338
 15.491748428995196
 16.668497885388945
 17.794728417019133
 18.865046647993761
 19.874950073096425
 20.821680585109078
 21.703470545592257
 22.51886817145791
 23.267437194051862
 23.949412784317321
 24.565527546676005
 25.117025137848181
 25.604799135753115
 26.029247195158216
 26.390764471447469
 26.68935554020992
 26.924232817034195
 27.094934648294583
 27.202600678963368
 27.249645321820022
 27.240457118088486
 27.181363887516714
 27.080193322334729
 26.94461862202408
 26.783347817669465
 26.604718701523272
 26.417531398965838
 26.230406304150918
 26.05415574243564
 25.898095825956645
 25.77150080556574
 25.671243507070042
 25.597932568237567
 25.554352966724814
 25.577395321662085
 --------------------------------------------------------------
 finished transported alpha density gradient profile
 --------------------------------------------------------------
 alpha density in 10**19 1/m**3*1/m
 0.
 1.2012834925115417
 0.49789707816961543
 1.4625415268392543
 2.2835115958595837
 1.8633435290673077
 1.2561117365517565
 1.0519135960909272
 0.96863427441822569
 0.79013026193687408
 0.64590401930933217
 0.60123499514187018
 0.75626811764431501
 1.1051289523813432
 1.1897874318418791
 0.97688005951321966
 0.82832685750577895
 0.74680144178004559
 0.66740701704384997
 0.59092621280792945
 0.54773597148302733
 0.51832347985973271
 0.4907994832029573
 0.47141889869937537
 0.46242847105539436
 0.46073421220099037
 0.46497983059745945
 0.46633083431194655
 0.46318267469728169
 0.46594702209674621
 0.47023523846217369
 0.46866677619670433
 0.4636799491259716
 0.45991189885019823
 0.45853101011593794
 0.46075848885392351
 0.46271296321197158
 0.47027204090629798
 0.46512162971171428
 0.46329489323096423
 0.4602492605164662
 0.46439404919071769
 0.4720584582466737
 0.496552505755255
 0.50062157672944951
 0.48497210056033935
 0.41079676658069175
 0.31598483794115301
 0.21494683092487596
 0.11670678892736816
 0.11502769436608899
 --------------------------------------------------------------
 finished transported alpha pressure gradient profile
 --------------------------------------------------------------
 alpha pressure  gradient in 10**4 N/m**2/m
 0.
 5.4020277870692546
 2.2602589829847259
 6.5943134037819293
 10.281481339041662
 8.4064600665683447
 5.694965218661987
 4.7882846761721938
 4.4224879951497238
 3.6312596318918153
 2.9939264206017211
 2.8008806042893717
 3.4946400451294615
 5.0440643174994406
 5.4157330017721401
 4.4672920535382046
 3.8063237475281277
 3.4431448590967535
 3.0907458797740524
 2.7523898452039841
 2.561033895643257
 2.4303707768550029
 2.3081390711309013
 2.2211172366255219
 2.1783858015509105
 2.1659808658082276
 2.1776046278082108
 2.1753246745808945
 2.1524222833112607
 2.1530574723636327
 2.1585214390314893
 2.1380529397755645
 2.1025095200782955
 2.0713183902376842
 2.0491887760647467
 2.0407043206940254
 2.029971287285544
 2.0402645288783066
 1.9996042049081297
 1.9740903132545837
 1.9497992053929545
 1.9571674054105994
 1.9775990350307522
 2.0470196797471352
 2.0256177957765438
 1.9019873408949219
 1.5759016318168808
 1.1502163870697282
 0.72346558494559499
 0.33214799346850493
 0.28543721071686701
 --------------------------------------------------------------
 threshold alpha density gradient profile
 rg_n_alpha_th_rho(25)= 0.33069999999999999
 --------------------------------------------------------------
 1.3440000000000001
 1.4307000000000001
 0.35389999999999999
 1.494
 2.1987999999999999
 1.8238000000000001
 1.117
 0.93200000000000005
 0.81540000000000001
 0.60550000000000004
 0.39229999999999998
 0.33560000000000001
 0.51300000000000001
 1.0095000000000001
 1.0580000000000001
 0.84309999999999996
 0.66020000000000001
 0.59519999999999995
 0.49840000000000001
 0.41660000000000003
 0.37530000000000002
 0.35730000000000001
 0.33329999999999999
 0.32679999999999998
 0.33069999999999999
 0.34539999999999998
 0.36499999999999999
 0.3826
 0.38819999999999999
 0.40560000000000002
 0.42099999999999999
 0.42980000000000002
 0.43380000000000002
 0.4385
 0.44529999999999997
 0.45390000000000003
 0.46229999999999999
 0.47289999999999999
 0.47320000000000001
 0.47110000000000002
 0.4743
 0.47760000000000002
 0.49030000000000001
 0.5101
 0.51329999999999998
 0.48770000000000002
 0.47060000000000002
 0.3075
 0.20580000000000001
 6.86999999999999972E-2
 8.42999999999999999E-2
 --------------------------------------------------------------
 finished D_alpha
 --------------------------------------------------------------
 D_alpha in m**2/sec
 1.49999999999999994E-2
 1.49999999999999994E-2
 0.47769609701542604
 1.49999999999999994E-2
 0.1717769581758691
 7.13886401452041019E-2
 0.3855506366487324
 0.35544224130753049
 0.4818120358414979
 0.62252670002744082
 0.90277738423829412
 1.0057038025742651
 0.97460122648658065
 0.41214473112788702
 0.58578455503024918
 0.66062083492520507
 0.89998220468481527
 0.89401929164214156
 1.0817182376887666
 1.2215355860664487
 1.325570095470654
 1.3680107729726507
 1.4760722076586998
 1.510272976363991
 1.537195023843775
 1.5179070441803588
 1.4916634858128215
 1.4376551546117893
 1.4735957135724762
 1.4056344012802611
 1.375070481128033
 1.3484012077636145
 1.3401878946949335
 1.3234938874978528
 1.283884762492814
 1.2643342245921105
 1.1829846608778933
 1.2038235125733976
 1.0279522190954662
 1.2643116417439109
 0.83863993578078733
 1.3134098942950283
 0.54760340824136011
 1.2304528406740216
 1.49999999999999994E-2
 1.0306618569124775
 1.49999999999999994E-2
 1.7384723855085522
 1.49999999999999994E-2
 6.4128288412680554
 1.49999999999999994E-2
 --------------------------------------------------------------
 --------------------------------------------------------------
 source flow
 --------------------------------------------------------------
 in [10**19 1/m**3]*[m/sec]*m**2
 0.
 0.13440934653215048
 0.5375653464937743
 1.2022958694702977
 2.1068246293228996
 3.222067398184405
 4.520502006411637
 5.9761913786444767
 7.5623501895979057
 9.2502680761985516
 11.01144378916657
 12.819386731430919
 14.649658531549251
 16.481457909081602
 18.298877326032958
 20.089084445222174
 21.841613976132901
 23.548071057066089
 25.2016671831514
 26.797801204913451
 28.333114854761753
 29.805103291949326
 31.21194903994202
 32.552252047890335
 33.825415771036262
 35.031143966472676
 36.169342007806939
 37.240127206283177
 38.243376225871529
 39.178653768805361
 40.045124035406921
 40.841377246426326
 41.565454330101772
 42.215862239279204
 42.79255782198252
 43.296513360067195
 43.730254675164566
 44.098077686851639
 44.405066779299702
 44.657049729937789
 44.86056734612508
 45.022373378481014
 45.149352134160502
 45.248104278243005
 45.324127111193434
 45.38229526310041
 45.426592844620032
 45.461212421905493
 45.491661451617425
 45.528286650686979
 45.589693357197014
 --------------------------------------------------------------
 --------------------------------------------------------------
 source energy flow
 --------------------------------------------------------------
 in MW
 0.
 1.73744693114488112E-2
 6.94885650182097692E-2
 0.15541517927398507
 0.27233939313899863
 0.41650162413209812
 0.58434420975296408
 0.77251438524601945
 0.97754973654431998
 1.1957390089248208
 1.4233979788292124
 1.6571023303320946
 1.893693029143056
 2.1304811907613699
 2.3654105219466786
 2.5968222463244195
 2.8233635646019608
 3.0439493121629475
 3.257701970645873
 3.4640267709188257
 3.6624896053940841
 3.8527666849914133
 4.0346230729963537
 4.2078777913657373
 4.3724537275411102
 4.5283125875836125
 4.6754421395808237
 4.8138575478101089
 4.9435428691981533
 5.064441834832988
 5.1764464047886243
 5.2793743434769507
 5.3729724108288606
 5.4570476076026484
 5.5315943557436364
 5.5967383375923427
 5.6528060543300631
 5.7003528194434034
 5.7400358675595005
 5.7726085282845672
 5.7989163012781617
 5.8198322123818809
 5.8362461638717162
 5.8490113929355365
 5.8588385099638209
 5.8663576356517781
 5.8720837774011549
 5.8765588886835216
 5.8804948927334095
 5.885229261389143
 5.8931670199253086
 --------------------------------------------------------------
 --------------------------------------------------------------
 renormed source flow
 --------------------------------------------------------------
 in [10**19 1/m**3]*[m/sec]*m**2
 0.
 4.44753910756908108E-2
 0.17603661398530759
 0.38945165585054092
 0.66915285061519481
 0.9958425377568827
 1.361696837133747
 1.7648027223364862
 2.2002905043132399
 2.6629204974213962
 3.1505799294102665
 3.6618244874316548
 4.1938735869159336
 4.7389966298170272
 5.2834507156850181
 5.8206597934500337
 6.353415042754798
 6.8835301289322572
 7.4113219143130475
 7.937582766177016
 8.4634571865276502
 8.9891988214121898
 9.514758316353765
 10.040187987291596
 10.565328240282078
 11.089648450530849
 11.612322298050582
 12.132224468494615
 12.648339193601352
 13.159834772277115
 13.665481604712697
 14.163866801854642
 14.65382046251699
 15.134312925232701
 15.604163292442395
 16.061931502049667
 16.505757050862677
 16.933610398621408
 17.3427506946148
 17.731335257220525
 18.097200207944191
 18.438765823347129
 18.754117903041841
 19.041229106001222
 19.294709887128509
 19.509923863333508
 19.681453296058162
 19.816714775267521
 19.920628577754936
 20.000833878514573
 20.03919846935813
 --------------------------------------------------------------
 --------------------------------------------------------------
 check alpha flow
 --------------------------------------------------------------
 in [10**19 1/m**3]*[m/sec]*m**2
 0.
 8.99339554564596716E-2
 0.36152873250846668
 0.81284421361975678
 1.4376717787077047
 2.2262248604275223
 3.1588051692778905
 4.2113886563079914
 5.3620596852846658
 6.5873475787771563
 7.8608638597563036
 9.1575622439992657
 10.455784944633319
 11.742461279264573
 13.015426610347939
 14.268424651772142
 15.488198933378104
 16.664540928133832
 17.790345268838355
 18.860218438736435
 19.869657668234101
 20.815904470537134
 21.697190723588253
 22.512064060598739
 23.260087530754181
 23.941495515941831
 24.557019709756354
 25.107902737788564
 25.595037032270181
 26.018818996528246
 26.379642430694222
 26.677510444571684
 26.911633867584786
 27.081549314046502
 27.188394529540123
 27.234581858017528
 27.22449762430189
 27.164467288230231
 27.062316084684905
 26.925714472717267
 26.76336713818089
 26.583607555133881
 26.395234231118661
 26.206875172241784
 26.029417224064925
 25.872371399766905
 25.745139548561873
 25.644497646637976
 25.571032873862492
 25.527452772172403
 25.550494887838884
 --------------------------------------------------------------
 --------------------------------------------------------------
 source
 --------------------------------------------------------------
 in [10**19 1/m**3]/sec
 15.154033520537697
 15.209504138344384
 15.235734324054729
 15.013124099927388
 14.512962302527631
 13.904717020204753
 13.265814960056922
 12.612934048044568
 11.931673072442049
 11.217499756681487
 10.488324144948635
 9.7563645101972014
 9.0303142257892368
 8.3309271416493011
 7.6711271667275023
 7.0489144019423531
 6.4691928389292697
 5.9281068993078829
 5.4266985724367913
 4.9653980840135237
 4.5392101687769566
 4.1471381734084751
 3.7847835938700469
 3.4505667498384724
 3.1430264108538752
 2.8584122776355243
 2.5953725639477505
 2.3511051458746217
 2.1229348967849142
 1.9085833727456312
 1.705656655962249
 1.5117462062498073
 1.3251751428652003
 1.1478451566368675
 0.98176175839577018
 0.82689605381395859
 0.68686762640314314
 0.56212336003347607
 0.45257602664624647
 0.35847015599017956
 0.27959964396015463
 0.21466574927259319
 0.16331135930244525
 0.12318122280893444
 9.17966322733971274E-2
 6.85393118281749647E-2
 5.05191709775843975E-2
 4.01809764601812683E-2
 3.75492324195669802E-2
 5.33401833716826979E-2
 9.448621420824109E-2
 --------------------------------------------------------------
 --------------------------------------------------------------
 renormed source
 --------------------------------------------------------------
 in [10**19 1/m**3]/sec
 5.3741867085556283
 5.0327500436020554
 4.9370534675669839
 4.7895792063834568
 4.3769623392765036
 3.9722136697034576
 3.6923800036427794
 3.4765198744997363
 3.263967163529006
 3.0801577825600761
 2.9275715741282102
 2.7938234954778469
 2.6639779460541186
 2.5008149901473389
 2.2933533749892252
 2.1233169481337115
 1.9849134854506119
 1.8649424253622231
 1.7578170607671155
 1.6669741049020195
 1.5869192579852986
 1.5139681129205924
 1.4476480361256336
 1.3872777247922623
 1.3309446758612367
 1.2774634210412124
 1.2256920574560612
 1.1747748007349534
 1.1256836396835384
 1.0779593938844374
 1.0300657570053755
 0.98259020800849295
 0.93582959927615728
 0.88986737122112503
 0.84389211146977716
 0.79766660792381017
 0.74996534888758482
 0.70154913105085248
 0.64953231802538103
 0.59992252659273737
 0.5459879550682325
 0.49625002738746821
 0.4415172653222838
 0.39058419099291225
 0.32570072802799499
 0.26716956321047741
 0.1938936223278418
 0.16039317014315224
 0.10545084386675428
 9.41881943878319361E-2
 0.
 --------------------------------------------------------------
 n_He_tran_rho(n_rho_grid-1)= 7.7281334315087958E-4
 --------------------------------------------------------------
 finished transported He density profile
 --------------------------------------------------------------
 He density in 10**19 1/m**3
 5.48043896123394658E-2
 5.41097292693441187E-2
 5.31485603289783073E-2
 5.23395396470528532E-2
 5.12662496871617857E-2
 5.03617234631763833E-2
 4.92013147559022535E-2
 4.82260354853126377E-2
 4.69969922583727204E-2
 4.59662808572137566E-2
 4.46819781763542895E-2
 4.36066322507854889E-2
 4.22747551150436801E-2
 4.11611727701931412E-2
 3.97897206314775306E-2
 3.86516932090702411E-2
 3.72586820221325193E-2
 3.61139658164779803E-2
 3.4714577461385919E-2
 3.3576947448626597E-2
 3.21837676420292443E-2
 3.10648902215033343E-2
 2.96885004443496192E-2
 2.85986339657442537E-2
 2.72489783007541612E-2
 2.6198980874030952E-2
 2.48870453355836477E-2
 2.38880328235286793E-2
 2.26247617341435794E-2
 2.16882774491482626E-2
 2.04855732229074737E-2
 1.9623698792723028E-2
 1.84906308563891654E-2
 1.77078704960432383E-2
 1.66445888596045248E-2
 1.59383266792082791E-2
 1.49388941542892353E-2
 1.43002880547925953E-2
 1.33528325997173819E-2
 1.27640925903349019E-2
 1.18241918528718716E-2
 1.11819482760311083E-2
 1.0085342727493344E-2
 9.22811268592115333E-3
 7.88582612905847427E-3
 6.79355920570517795E-3
 5.20403372121170174E-3
 3.68911445636315501E-3
 1.87484522318189417E-3
 7.7281334315087958E-4
 0.
 --------------------------------------------------------------
 finished flow of He density profile
 --------------------------------------------------------------
 He flow in [10**19 1/m**3]*[m/sec]*m**2
 0.
 4.44753910756908108E-2
 0.17603661398530759
 0.38945165585054092
 0.66915285061519481
 0.9958425377568827
 1.361696837133747
 1.7648027223364862
 2.2002905043132399
 2.6629204974213962
 3.1505799294102665
 3.6618244874316548
 4.1938735869159336
 4.7389966298170272
 5.2834507156850181
 5.8206597934500337
 6.353415042754798
 6.8835301289322572
 7.4113219143130475
 7.937582766177016
 8.4634571865276502
 8.9891988214121898
 9.514758316353765
 10.040187987291596
 10.565328240282078
 11.089648450530849
 11.612322298050582
 12.132224468494615
 12.648339193601352
 13.159834772277115
 13.665481604712697
 14.163866801854642
 14.65382046251699
 15.134312925232701
 15.604163292442395
 16.061931502049667
 16.505757050862677
 16.933610398621408
 17.3427506946148
 17.731335257220525
 18.097200207944191
 18.438765823347129
 18.754117903041841
 19.041229106001222
 19.294709887128509
 19.509923863333508
 19.681453296058162
 19.816714775267521
 19.920628577754936
 20.000833878514573
 20.03919846935813
 --------------------------------------------------------------
 finished transported He density gradient profile
 --------------------------------------------------------------
 He density in 10**19 1/m**3*1/m
 9.99999999999999955E-7
 6.91809170802933221E-2
 7.39589175688088879E-2
 7.86433587927190814E-2
 8.26336016591490558E-2
 8.62734423718417437E-2
 8.92295204527706609E-2
 9.20970860053053064E-2
 9.44130527942956821E-2
 9.67218051143117069E-2
 9.85866455076686993E-2
 0.10057431685243118
 0.1021718429853231
 0.10382529544367394
 0.1048466162407324
 0.10574735808795736
 0.10602681694512678
 0.10629325645415465
 0.10599719373318146
 0.105737799191173
 0.10495431170162543
 0.10425282052352634
 0.10304073689413636
 0.10192377972023475
 0.1002580418328539
 9.86820865258442315E-2
 9.65519254099291985E-2
 9.45187138650188663E-2
 9.19062705806421854E-2
 8.93757735184724372E-2
 8.6258557129735472E-2
 8.33491373929065027E-2
 8.00437338948640498E-2
 7.71280467072412435E-2
 7.39319356726848009E-2
 7.12643055407149173E-2
 6.843761937824272E-2
 6.6266005797618141E-2
 6.41825894213215176E-2
 6.38669516330873654E-2
 6.61023426247950713E-2
 7.26495046118318527E-2
 8.16316870985310666E-2
 9.18962944683363731E-2
 0.10171618785511302
 0.11204588544128391
 0.12970439461526206
 0.13909423860372191
 0.12184371149951516
 7.83314519357008326E-2
 6.45766279752452294E-2
 --------------------------------------------------------------
 finished He diffusivity in m**2/sec profile
 --------------------------------------------------------------
 3.2258159209291968
 3.2258159209291968
 3.9387320140499069
 4.2650609237440626
 4.4190562027753586
 4.4844362091516512
 4.5108057875320524
 4.5255143940240501
 4.5344966542240401
 4.5362094649241973
 4.5307398973709603
 4.5185202420850636
 4.5007245456632168
 4.4803673043978831
 4.4610125795642297
 4.4447740284810839
 4.4342376895887918
 4.4303087960212864
 4.4336902329372494
 4.4449904852873807
 4.4641801553114684
 4.4919322952406526
 4.5285113728525674
 4.5757763453710174
 4.6361331095954599
 4.7103848823168244
 4.7996135663963146
 4.9055909415424699
 5.0312734807446065
 5.1808894798069005
 5.3567860754094472
 5.5547720009703756
 5.7685145232595705
 5.9934326281874384
 6.2236257801178949
 6.4503983779052527
 6.6621202989885662
 6.8474450255480397
 6.9690312139428707
 6.8902770961496245
 6.4155288668064232
 5.5891390332667195
 4.7247042249838858
 4.0250772480938855
 3.484843403182416
 3.0513936516528046
 2.5266784271026101
 2.2751293021813108
 2.5120270440933967
 3.7961006620576843
 5.7229482499263327
 --------------------------------------------------------------
 finished transported He density profile without pinch
 --------------------------------------------------------------
 He density in 10**19 1/m**3
 3.62073079951340249E-2
 3.63208371010714307E-2
 3.59838662694225153E-2
 3.59579551264085154E-2
 3.54880504359889881E-2
 3.53390542806872529E-2
 3.47591453208821871E-2
 3.45099333186493842E-2
 3.38370487680125093E-2
 3.35014469092857967E-2
 3.274765128010277E-2
 3.23349654490161023E-2
 3.15066707910553606E-2
 3.10218902767769415E-2
 3.01259199467307712E-2
 2.95815814977144972E-2
 2.86351164385851079E-2
 2.80481946855627023E-2
 2.70660568190313616E-2
 2.64499579561505403E-2
 2.54447536441161463E-2
 2.48111205622239331E-2
 2.37937735973416144E-2
 2.31531332812504251E-2
 2.21342158904250727E-2
 2.14979668466840565E-2
 2.04893912572662561E-2
 1.9869489579178095E-2
 1.8883431768733222E-2
 1.82925587210402106E-2
 1.73424707095467152E-2
 1.67941734137602681E-2
 1.58910140941533225E-2
 1.53915180174608781E-2
 1.45374605546133122E-2
 1.40858827539413652E-2
 1.3276952080437953E-2
 1.2866027367174562E-2
 1.20920804424080354E-2
 1.17052733650875457E-2
 1.09231288641278429E-2
 1.04570783839277454E-2
 9.50079884467350255E-3
 8.78936263029560585E-3
 7.56367111863819053E-3
 6.57953561069305175E-3
 5.07591393143309866E-3
 3.6240623204690809E-3
 1.852570652081975E-3
 7.61676057600920104E-4
 0.
