 ----------------------------------------
 Alpha_driver calling Alpha_mainsub
 ----------------------------------------
       
 ----------------------------------------------------------
 ----------------------------------------------------------
 reading TGLF_ITERalpha_ncrit.input
 reading TGLF_ITER_NBI_ncrit.input
 crit_grad_n_alpha_rho(25)=  1.336892700000000E-002
 crit_grad_n_alpha2_rho(25)=  4.627297700000000E-002
 E_alpha2 HARDWIRE =   1.00000000000000     
 n_en
 Convec_factor
 I4/I2=  0.388883861446389     
 T_e_rho=   15.9477099182080     
 E_c_hat_rho=  0.150521244820469     
           1  5.000000000000000E-004  0.109733623760109     
   1.00000000000000       1.914146467563604E-007  3.828292935127208E-004
  4.999999999999999E-004
           2  1.500000000000000E-003  0.329200871280328     
   1.00304175742503       1.188259048597753E-006  1.047392228073649E-003
  1.134492902227453E-003
           3  2.500000000000000E-003  0.548668118800546     
   1.02590292904172       3.379504214837879E-006  1.923890294569700E-003
  1.756599232490928E-003
           4  3.500000000000000E-003  0.768135366320765     
   1.04876410065841       7.084997334444756E-006  2.982602614457379E-003
  2.375441267335481E-003
           5  4.500000000000000E-003  0.987602613840983     
   1.07162527227510       1.259593945302142E-005  4.207256418585527E-003
  2.993860654030722E-003
           6  5.500000000000000E-003   1.20706986136120     
   1.09448644389179       2.018756624972938E-005  5.587552199805156E-003
  3.612953495169735E-003
           7  6.500000000000000E-003   1.42653710888142     
   1.11734761550848       3.012517232971161E-005  7.116414673648576E-003
  4.233195184825630E-003
           8  7.500000000000000E-003   1.64600435640164     
   1.14020878712517       4.266743470133705E-005  8.788716323198635E-003
  4.854797120793669E-003
           9  8.500000000000001E-003   1.86547160392186     
   1.16306995874186       5.806841374400615E-005  1.060059621057147E-002
  5.477844131643962E-003
          10  9.500000000000000E-003   2.08493885144208     
   1.18593113035855       7.657882646642313E-005  1.254906070766799E-002
  6.102355247961331E-003
          11  1.050000000000000E-002   2.30440609896229     
   1.20879230197524       9.844688596639752E-005  1.463173304099889E-002
  6.728313432902592E-003
          12  1.150000000000000E-002   2.52387334648251     
   1.23165347359193       1.239188667894572E-004  1.684668789517799E-002
  7.355681280527927E-003
          13  1.250000000000000E-002   2.74334059400273     
   1.22851063849412       1.526317214713291E-004  1.914371626972775E-002
  7.972941059134271E-003
          14  1.350000000000000E-002   2.96280784152295     
   1.17704072702138       1.834199185602532E-004  2.142432346149990E-002
  8.561293377121746E-003
          15  1.450000000000000E-002   3.18227508904317     
   1.12489733888701       2.160767161058323E-004  2.367651639567778E-002
  9.126203893123307E-003
          16  1.550000000000000E-002   3.40174233656339     
   1.07255459459635       2.503851718105341E-004  2.588996515081983E-002
  9.671128190089721E-003
          17  1.650000000000000E-002   3.62120958408361     
   1.02043504457525       2.861232992058506E-004  2.805591226568750E-002
  1.019832456333208E-002
          18  1.750000000000000E-002   3.84067683160383     
  0.968909275413206       3.230686236628120E-004  3.016707366322815E-002
  1.070931265224486E-002
          19  1.850000000000000E-002   4.06014407912404     
  0.918296726561617       3.610021126608492E-004  3.221753252798691E-002
  1.120514466299527E-002
          20  1.950000000000000E-002   4.27961132664426     
  0.868867491367235       3.997114769408892E-004  3.420262813209153E-002
  1.168657202005624E-002
          21  2.050000000000000E-002   4.49907857416448     
  0.820844886150459       4.389938581429777E-004  3.611884184926658E-002
  1.215415101001894E-002
          22  2.150000000000000E-002   4.71854582168470     
  0.774408587054141       4.786579338552489E-004  3.796368258006989E-002
  1.260831145254949E-002
          23  2.250000000000000E-002   4.93801306920492     
  0.729698154572628       5.185254826159145E-004  3.973557363609947E-002
  1.304940221486668E-002
          24  2.350000000000000E-002   5.15748031672514     
  0.686816788264980       5.584324594935914E-004  4.143374286493679E-002
  1.347772180065739E-002
          25  2.450000000000000E-002   5.37694756424536     
  0.645835177694797       5.982296377626948E-004  4.305811748816550E-002
  1.389353907372095E-002
          26  2.550000000000000E-002   5.59641481176557     
  0.606795338953880       6.377828743207752E-004  4.460922480416866E-002
  1.429710731626915E-002
          27  2.650000000000000E-002   5.81588205928579     
  0.569714348335280       6.769730563357105E-004  4.608809959718509E-002
  1.468867369782064E-002
          28  2.750000000000000E-002   6.03534930680601     
  0.534587905199547       7.156957846378921E-004  4.749619880817351E-002
  1.506848553351452E-002
          29  2.850000000000000E-002   6.25481655432623     
  0.501393674428252       7.538608460374256E-004  4.883532376956065E-002
  1.543679426790883E-002
          30  2.950000000000000E-002   6.47428380184645     
  0.470094374871471       7.913915224585865E-004  5.010755008892204E-002
  1.579385783288476E-002
          31  3.050000000000000E-002   6.69375104936667     
  0.440640593811798       8.282237799007350E-004  5.131516508702527E-002
  1.613994183778133E-002
          32  3.150000000000000E-002   6.91321829688689     
  0.412973318742721       8.643053750570414E-004  5.246061255230484E-002
  1.647531992111801E-002
          33  3.250000000000000E-002   7.13268554440710     
  0.387026186832601       8.995949121929137E-004  5.354644446417783E-002
  1.680027350452253E-002
          34  3.350000000000000E-002   7.35215279192732     
  0.362727459511034       9.340608777938151E-004  5.457527925823459E-002
  1.711509112714030E-002
          35  3.450000000000000E-002   7.57162003944754     
  0.340001734898123       9.676806756766221E-004  5.554976615338842E-002
  1.742006749415624E-002
          36  3.550000000000000E-002   7.79108728696776     
  0.318771414538662       1.000439680815975E-003  5.647255503055329E-002
  1.771550234046801E-002
          37  3.650000000000000E-002   8.01055453448798     
  0.298957943341880       1.032330326126717E-003  5.734627134043664E-002
  1.800169918630419E-002
          38  3.750000000000000E-002   8.23002178200820     
  0.280482842991907       1.063351232895093E-003  5.817349552092666E-002
  1.827896404321407E-002
          39  3.850000000000000E-002   8.44948902952842     
  0.263268559595715       1.093506392470770E-003  5.895674641899618E-002
  1.854760411470800E-002
          40  3.950000000000000E-002   8.66895627704863     
  0.247239146163849       1.122804404206988E-003  5.969846823510296E-002
  1.880792652476758E-002
          41  4.050000000000000E-002   8.88842352456885     
  0.232320799840662       1.151257772442293E-003  6.040102053720928E-002
  1.906023709869398E-002
          42  4.150000000000000E-002   9.10789077208907     
  0.218442272757200       1.178882263520811E-003  6.106667092464344E-002
  1.930483921377599E-002
          43  4.250000000000000E-002   9.32735801960929     
  0.205535174090034       1.205696322410141E-003  6.169758995733356E-002
  1.954203273165014E-002
          44  4.350000000000000E-002   9.54682526712951     
  0.193534179470339       1.231720547355615E-003  6.229584800205709E-002
  1.977211301971428E-002
          45  4.450000000000000E-002   9.76629251464973     
  0.182377162376890       1.256977220165412E-003  6.286341368317612E-002
  1.999537006533597E-002
          46  4.550000000000000E-002   9.98575976216994     
  0.172005260624574       1.281489889112924E-003  6.340215366004454E-002
  2.021208768371078E-002
          47  4.650000000000000E-002   10.2052270096902     
  0.162362889571780       1.305283001033100E-003  6.391383348628488E-002
  2.042254281795189E-002
          48  4.750000000000000E-002   10.4246942572104     
  0.153397712248489       1.328381578943782E-003  6.440011933703606E-002
  2.062700492823216E-002
          49  4.850000000000000E-002   10.6441615047306     
  0.145060575274267       1.350810941410313E-003  6.486258041882020E-002
  2.082573546547291E-002
          50  4.950000000000000E-002   10.8636287522508     
  0.137305418205758       1.372596459864581E-003  6.530269190274482E-002
  2.101898742411395E-002
          51  5.050000000000000E-002   11.0830959997710     
  0.130089162834021       1.393763350164465E-003  6.572183824531677E-002
  2.120700496784693E-002
          52  5.150000000000000E-002   11.3025632472913     
  0.123371587945282       1.414336494816263E-003  6.612131678224488E-002
  2.139002312180276E-002
          53  5.250000000000000E-002   11.5220304948115     
  0.117115194162942       1.434340292464051E-003  6.650234149934561E-002
  2.156826752450762E-002
          54  5.350000000000000E-002   11.7414977423317     
  0.111285062699507       1.453798531462132E-003  6.686604690117891E-002
  2.174195423292625E-002
          55  5.450000000000000E-002   11.9609649898519     
  0.105848711158309       1.472734284578411E-003  6.721349191248678E-002
  2.191128957406258E-002
          56  5.550000000000000E-002   12.1804322373721     
  0.100775948929038       1.491169822118684E-003  6.754566376005927E-002
  2.207647003685875E-002
          57  5.650000000000000E-002   12.3998994848923     
  9.603873421008813E-002  1.509126541007373E-003  6.786348179348739E-002
  2.223768219850161E-002
          58  5.750000000000000E-002   12.6193667324126     
  9.161103425622527E-002  1.526624907603896E-003  6.816780121255736E-002
  2.239510267968968E-002
          59  5.850000000000000E-002   12.8388339799328     
  8.746869008391477E-002  1.543684412271759E-003  6.845941667696527E-002
  2.254889812391824E-002
          60  5.950000000000000E-002   13.0583012274530     
  8.358928656073862E-002  1.560323533946738E-003  6.873906578074644E-002
  2.269922519639159E-002
          61  6.050000000000000E-002   13.2777684749732     
  7.995202855225514E-002  1.576559713169619E-003  6.900743237947174E-002
  2.284623059875811E-002
          62  6.150000000000000E-002   13.4972357224934     
  7.653762359233296E-002  1.592409332256590E-003  6.926514976299973E-002
  2.299005109647837E-002
          63  6.250000000000000E-002   13.7167029700137     
  7.332817137502175E-002  1.607887701476332E-003  6.951280367051560E-002
  2.313081355627050E-002
          64  6.350000000000000E-002   13.9361702175339     
  7.030706023152923E-002  1.623009050286857E-003  6.975093514784671E-002
  2.326863499172686E-002
          65  6.450000000000000E-002   14.1556374650541     
  6.745887064958761E-002  1.637786522857674E-003  6.998004324971983E-002
  2.340362261585529E-002
          66  6.550000000000000E-002   14.3751047125743     
  6.476928580967413E-002  1.652232177264156E-003  7.020058759180353E-002
  2.353587389996529E-002
          67  6.650000000000000E-002   14.5945719600945     
  6.222500904897798E-002  1.666356987891722E-003  7.041299075913535E-002
  2.366547663898980E-002
          68  6.750000000000000E-002   14.8140392076148     
  5.981368811593087E-002  1.680170850728043E-003  7.061764057893270E-002
  2.379250902400281E-002
          69  6.850000000000001E-002   15.0335064551350     
  5.752384604221832E-002  1.693682591352442E-003  7.081489226688013E-002
  2.391703972336015E-002
          70  6.950000000000001E-002   15.2529737026552     
  5.534481843251585E-002  1.706899975553254E-003  7.100507045681988E-002
  2.403912797454748E-002
          71  7.049999999999999E-002   15.4724409501754     
  5.326669695215634E-002  1.719829722616320E-003  7.118847112438111E-002
  2.415882368946257E-002
          72  7.149999999999999E-002   15.6919081976956     
  5.128027877724192E-002  1.732477521430839E-003  7.136536341549327E-002
  2.427616757647901E-002
          73  7.250000000000000E-002   15.9113754452158     
  4.937702175834626E-002  1.744848049652194E-003  7.153599139096023E-002
  2.439119128322704E-002
          74  7.350000000000000E-002   16.1308426927361     
  4.754900503617269E-002  1.756944996244384E-003  7.170057569833697E-002
  2.450391756457173E-002
          75  7.450000000000000E-002   16.3503099402563     
  4.578889483381494E-002  1.768771087796401E-003  7.185931518225665E-002
  2.461436048075701E-002
          76  7.550000000000000E-002   16.5697771877765     
  4.408991513436002E-002  1.780328119065954E-003  7.201238844410504E-002
  2.472252563109774E-002
          77  7.650000000000000E-002   16.7892444352967     
  4.244582293344008E-002  1.791616988248874E-003  7.215995536152883E-002
  2.482841042892401E-002
          78  7.750000000000000E-002   17.0087116828169     
  4.085088773322505E-002  1.802637737501297E-003  7.230215857768912E-002
  2.493200442369022E-002
          79  7.850000000000000E-002   17.2281789303372     
  3.929987491676962E-002  1.813389599252426E-003  7.243912496942326E-002
  2.503328967623315E-002
          80  7.950000000000000E-002   17.4476461778574     
  3.778803260939412E-002  1.823871048835864E-003  7.257096710254826E-002
  2.513224119307375E-002
          81  8.050000000000000E-002   17.6671134253776     
  3.631108159707305E-002  1.834079863934941E-003  7.269778468141878E-002
  2.522882742537990E-002
          82  8.150000000000000E-002   17.8865806728978     
  3.486520783114357E-002  1.844013191279836E-003  7.281966599853407E-002
  2.532301083771736E-002
          83  8.250000000000000E-002   18.1060479204180     
  3.344705700499970E-002  1.853667620949376E-003  7.293668938846788E-002
  2.541474855098732E-002
          84  8.350000000000000E-002   18.3255151679383     
  3.205373064317708E-002  1.863039268516584E-003  7.304892468867397E-002
  2.550399306295939E-002
          85  8.450000000000001E-002   18.5449824154585     
  3.068278309822381E-002  1.872123865132939E-003  7.315643470780243E-002
  2.559069304854012E-002
          86  8.550000000000001E-002   18.7644496629787     
  2.933221880831380E-002  1.880916855471571E-003  7.325927670006714E-002
  2.567479424035655E-002
          87  8.649999999999999E-002   18.9839169104989     
  2.800048913143952E-002  1.889413503244682E-003  7.335750384195282E-002
  2.575624038837776E-002
          88  8.749999999999999E-002   19.2033841580191     
  2.668648804343995E-002  1.897609003777173E-003  7.345116670518130E-002
  2.583497429515050E-002
          89  8.850000000000000E-002   19.4228514055393     
  2.538954597053792E-002  1.905498602859915E-003  7.354031471741568E-002
  2.591093892080746E-002
          90  8.950000000000000E-002   19.6423186530596     
  2.410942102625164E-002  1.913077720827183E-003  7.362499759973153E-002
  2.598407854935074E-002
          91  9.050000000000000E-002   19.8617859005798     
  2.284628694125191E-002  1.920342080510165E-003  7.370526676749928E-002
  2.605434000487127E-002
          92  9.150000000000000E-002   20.0812531481000     
  2.160071701663112E-002  1.927287837420581E-003  7.378117667908853E-002
  2.612167390340392E-002
          93  9.250000000000000E-002   20.3007203956202     
  2.037366349934535E-002  1.933911710225820E-003  7.385278611482084E-002
  2.618603592312844E-002
          94  9.350000000000000E-002   20.5201876431404     
  1.916643187590157E-002  1.940211109301684E-003  7.392015936696912E-002
  2.624738807271374E-002
          95  9.450000000000000E-002   20.7396548906607     
  1.798064970823842E-002  1.946184260904527E-003  7.398336732043836E-002
  2.630569993489444E-002
          96  9.550000000000000E-002   20.9591221381809     
  1.681822979451695E-002  1.951830324306014E-003  7.404248840317645E-002
  2.636094986000335E-002
          97  9.650000000000000E-002   21.1785893857011     
  1.568132762586978E-002  1.957149499096204E-003  7.409760938545822E-002
  2.641312608231457E-002
          98  9.750000000000000E-002   21.3980566332213     
  1.457229332484525E-002  1.962143119799206E-003  7.414882600805311E-002
  2.646222773083559E-002
          99  9.850000000000000E-002   21.6175238807415     
  1.349361848708364E-002  1.966813734974313E-003  7.419624342099837E-002
  2.650826570577672E-002
         100  9.950000000000001E-002   21.8369911282618     
  1.244787859718529E-002  1.971165168106147E-003  7.423997641729821E-002
  2.655126339246597E-002
         101  0.100500000000000        22.0564583757820     
  1.143767194320928E-002  1.975202557828818E-003  7.428014944936459E-002
  2.659125718608411E-002
         102  0.101500000000000        22.2759256233022     
  1.046555620021317E-002  1.978932375385934E-003  7.431689642037066E-002
  2.662829680335653E-002
         103  0.102500000000000        22.4953928708224     
  9.533984078626965E-003  1.982362417699926E-003  7.435036024782425E-002
  2.666244536129113E-002
         104  0.103500000000000        22.7148601183426     
  8.645239623974317E-003  1.985501775004018E-003  7.438069220245315E-002
  2.669377920818185E-002
         105  0.104500000000000        22.9343273658628     
  7.801376896258008E-003  1.988360772664972E-003  7.440805103174457E-002
  2.672238749831899E-002
         106  0.105500000000000        23.1537946133831     
  7.004162836701757E-003  1.990950887574605E-003  7.443260188396858E-002
  2.674837150900967E-002
         107  0.106500000000000        23.3732618609033     
  6.255026134791028E-003  1.993284640286368E-003  7.445451505497105E-002
  2.677184370638492E-002
         108  0.107500000000000        23.5927291084235     
  5.555013830906647E-003  1.995375464887756E-003  7.447396458614676E-002
  2.679292657475798E-002
         109  0.108500000000000        23.8121963559437     
  4.904757224508524E-003  1.997237559393015E-003  7.449112674748555E-002
  2.681175123264505E-002
         110  0.109500000000000        24.0316636034639     
  4.304448404949693E-003  1.998885720174049E-003  7.450617844411600E-002
  2.682845586656053E-002
         111  0.110500000000000        24.2511308509842     
  3.753828387286458E-003  2.000335164580462E-003  7.451929558806543E-002
  2.684318402092925E-002
         112  0.111500000000000        24.4705980985044     
  3.252187430538742E-003  2.001601346394411E-003  7.453065147877348E-002
  2.685608278849504E-002
         113  0.112500000000000        24.6900653460246     
  2.798377658100191E-003  2.002699769089422E-003  7.454041523606247E-002
  2.686730095005589E-002
         114  0.113500000000000        24.9095325935448     
  2.390837611893514E-003  2.003645801988919E-003  7.454875032768800E-002
  2.687698711489667E-002
         115  0.114500000000000        25.1289998410650     
  2.027627879817874E-003  2.004454504334625E-003  7.455581323027058E-002
  2.688528791368332E-002
         116  0.115500000000000        25.3484670885852     
  1.706476468754948E-003  2.005140461973500E-003  7.456175225744699E-002
  2.689234629371566E-002
         117  0.116500000000000        25.5679343361055     
  1.424832181846597E-003  2.005717640863804E-003  7.456670658268566E-002
  2.689829996232568E-002
         118  0.117500000000000        25.7874015836257     
  1.179923925897679E-003  2.006199260908607E-003  7.457080547668397E-002
  2.690328001802105E-002
         119  0.118500000000000        26.0068688311459     
  9.688236452734567E-004  2.006597692783159E-003  7.457416777098400E-002
  2.690740980101027E-002
         120  0.119500000000000        26.2263360786661     
  7.885104688630775E-004  2.006924379475755E-003  7.457690155083836E-002
  2.691080398543581E-002
         121  0.120500000000000        26.4458033261863     
  6.359336748526322E-004  2.007189783262026E-003  7.457910407188625E-002
  2.691356792550512E-002
         122  0.121500000000000        26.6652705737066     
  5.080722234305730E-004  2.007403357835719E-003  7.458086188730759E-002
  2.691579725733024E-002
         123  0.122500000000000        26.8847378212268     
  4.019888700862634E-004  2.007573544380101E-003  7.458225116522091E-002
  2.691757774826016E-002
         124  0.123500000000000        27.1042050687470     
  3.148772331604480E-004  2.007707789533727E-003  7.458333817051342E-002
  2.691898537638096E-002
         125  0.124500000000000        27.3236723162672     
  2.441006228777868E-004  2.007812582524540E-003  7.458417988128301E-002
  2.692008661515635E-002
         126  0.125500000000000        27.5431395637874     
  1.872219143532011E-004  2.007893508247799E-003  7.458482470776315E-002
  2.692093889226246E-002
         127  0.126500000000000        27.7626068113077     
  1.420242308330516E-004  2.007955312763024E-003  7.458531328100604E-002
  2.692159118777037E-002
         128  0.127500000000000        27.9820740588279     
  1.065226631433834E-004  2.008001977585687E-003  7.458567927961515E-002
  2.692208473503156E-002
         129  0.128500000000000        28.2015413063481     
  7.896765785730532E-005  2.008036799239262E-003  7.458595026524609E-002
  2.692245378785397E-002
         130  0.129500000000000        28.4210085538683     
  5.784103682309247E-005  2.008062470789009E-003  7.458614850115146E-002
  2.692272641961139E-002
         131  0.130500000000000        28.6404758013885     
  4.184584881255575E-005  2.008081162467188E-003  7.458629173240187E-002
  2.692292532348588E-002
         132  0.131500000000000        28.8599430489087     
  2.989139310488307E-005  2.008094598981429E-003  7.458639391121739E-002
  2.692306858770688E-002
         133  0.132500000000000        29.0794102964290     
  2.107479631089897E-005  2.008104131631944E-003  7.458646585574959E-002
  2.692317042498867E-002
         134  0.133500000000000        29.2988775439492     
  1.466047683362499E-005  2.008110803909359E-003  7.458651583535569E-002
  2.692324184095309E-002
         135  0.134500000000000        29.5183447914694     
  1.005871129564040E-005  2.008115409767322E-003  7.458655007965281E-002
  2.692329123176775E-002
         136  0.135500000000000        29.7378120389896     
  6.804343282464822E-006  2.008118544234177E-003  7.458657321224953E-002
  2.692332490620952E-002
         137  0.136500000000000        29.9572792865098     
  4.536467813535775E-006  2.008120646425346E-003  7.458658861291743E-002
  2.692334753164412E-002
         138  0.137500000000000        30.1767465340301     
  2.979705543808939E-006  2.008122035331259E-003  7.458659871405135E-002
  2.692336250684870E-002
         139  0.138500000000000        30.3962137815503     
  1.927466969779583E-006  2.008122938981291E-003  7.458660523860032E-002
  2.692337226714323E-002
         140  0.139500000000000        30.6156810290705     
  1.227413329534593E-006  2.008123517726328E-003  7.458660938731027E-002
  2.692337852896124E-002
         141  0.140500000000000        30.8351482765907     
  7.691574807640794E-007  2.008123882450568E-003  7.458661198321233E-002
  2.692338248186617E-002
         142  0.141500000000000        31.0546155241109     
  4.741202685029899E-007  2.008124108530025E-003  7.458661358094701E-002
  2.692338493623467E-002
         143  0.142500000000000        31.2740827716311     
  2.873670074835411E-007  2.008124246315522E-003  7.458661454786278E-002
  2.692338643453101E-002
         144  0.143500000000000        31.4935500191514     
  1.711925106858146E-007  2.008124328846441E-003  7.458661512299113E-002
  2.692338733343915E-002
         145  0.144500000000000        31.7130172666716     
  1.001969409393776E-007  2.008124377411448E-003  7.458661545908114E-002
  2.692338786324367E-002
         146  0.145500000000000        31.9324845141918     
  5.759256407291336E-008  2.008124405475135E-003  7.458661565195872E-002
  2.692338816987736E-002
         147  0.146500000000000        32.1519517617120     
  3.249668441218087E-008  2.008124421393533E-003  7.458661576061673E-002
  2.692338834407693E-002
         148  0.147500000000000        32.3714190092322     
  1.799238961355865E-008  2.008124430252933E-003  7.458661582068046E-002
  2.692338844117586E-002
         149  0.148500000000000        32.5908862567525     
  9.770803883349778E-009  2.008124435088801E-003  7.458661585324523E-002
  2.692338849425662E-002
         150  0.149500000000000        32.8103535042727     
  5.202066897464872E-009  2.008124437676554E-003  7.458661587055462E-002
  2.692338852270308E-002
         151  0.150500000000000        33.0298207517929     
  2.714165461515350E-009  2.008124439033493E-003  7.458661587957083E-002
  2.692338853764131E-002
         152  0.151500000000000        33.2492879993131     
  1.387139222339913E-009  2.008124439730434E-003  7.458661588417109E-002
  2.692338854532482E-002
         153  0.152500000000000        33.4687552468333     
  6.941187181857537E-010  2.008124440080893E-003  7.458661588646918E-002
  2.692338854919396E-002
         154  0.153500000000000        33.6882224943536     
  3.399242051196247E-010  2.008124440253352E-003  7.458661588759270E-002
  2.692338855110061E-002
         155  0.154500000000000        33.9076897418738     
  1.628424941470920E-010  2.008124440336367E-003  7.458661588813001E-002
  2.692338855201966E-002
         156  0.155500000000000        34.1271569893940     
  7.627662039424017E-011  2.008124440375436E-003  7.458661588838125E-002
  2.692338855245277E-002
         157  0.156500000000000        34.3466242369142     
  3.491820694986251E-011  2.008124440393405E-003  7.458661588849608E-002
  2.692338855265224E-002
         158  0.157500000000000        34.5660914844344     
  1.561514448427559E-011  2.008124440401478E-003  7.458661588854733E-002
  2.692338855274198E-002
         159  0.158500000000000        34.7855587319546     
  6.818180220006223E-012  2.008124440405019E-003  7.458661588856967E-002
  2.692338855278139E-002
         160  0.159500000000000        35.0050259794749     
  2.905441871899312E-012  2.008124440406535E-003  7.458661588857918E-002
  2.692338855279828E-002
         161  0.160500000000000        35.2244932269951     
  1.207724929565341E-012  2.008124440407167E-003  7.458661588858312E-002
  2.692338855280534E-002
         162  0.161500000000000        35.4439604745153     
  4.894686803265477E-013  2.008124440407425E-003  7.458661588858471E-002
  2.692338855280822E-002
         163  0.162500000000000        35.6634277220355     
  1.933168744293191E-013  2.008124440407527E-003  7.458661588858534E-002
  2.692338855280936E-002
         164  0.163500000000000        35.8828949695557     
  7.436825257042084E-014  2.008124440407567E-003  7.458661588858558E-002
  2.692338855280980E-002
         165  0.164500000000000        36.1023622170760     
  2.785231838529648E-014  2.008124440407582E-003  7.458661588858567E-002
  2.692338855280997E-002
         166  0.165500000000000        36.3218294645962     
  1.015014216781026E-014  2.008124440407587E-003  7.458661588858570E-002
  2.692338855281003E-002
         167  0.166500000000000        36.5412967121164     
  3.597484815866024E-015  2.008124440407589E-003  7.458661588858571E-002
  2.692338855281005E-002
         168  0.167500000000000        36.7607639596366     
  1.239421386314423E-015  2.008124440407590E-003  7.458661588858571E-002
  2.692338855281006E-002
         169  0.168500000000000        36.9802312071568     
  4.148654868494992E-016  2.008124440407590E-003  7.458661588858571E-002
  2.692338855281007E-002
         170  0.169500000000000        37.1996984546770     
  1.348456987660605E-016  2.008124440407590E-003  7.458661588858571E-002
  2.692338855281007E-002
         171  0.170500000000000        37.4191657021973     
  4.253824380932860E-017  2.008124440407590E-003  7.458661588858571E-002
  2.692338855281007E-002
         172  0.171500000000000        37.6386329497175     
  1.301679031951231E-017  2.008124440407590E-003  7.458661588858571E-002
  2.692338855281007E-002
         173  0.172500000000000        37.8581001972377     
  3.861690084826721E-018  2.008124440407590E-003  7.458661588858571E-002
  2.692338855281007E-002
         174  0.173500000000000        38.0775674447579     
  1.110108356024107E-018  2.008124440407590E-003  7.458661588858571E-002
  2.692338855281007E-002
         175  0.174500000000000        38.2970346922781     
  3.090516711056790E-019  2.008124440407590E-003  7.458661588858571E-002
  2.692338855281007E-002
         176  0.175500000000000        38.5165019397984     
  8.327908516429443E-020  2.008124440407590E-003  7.458661588858571E-002
  2.692338855281007E-002
         177  0.176500000000000        38.7359691873186     
  2.170897441211957E-020  2.008124440407590E-003  7.458661588858571E-002
  2.692338855281007E-002
         178  0.177500000000000        38.9554364348388     
  5.471401657118022E-021  2.008124440407590E-003  7.458661588858571E-002
  2.692338855281007E-002
         179  0.178500000000000        39.1749036823590     
  1.332506291746737E-021  2.008124440407590E-003  7.458661588858571E-002
  2.692338855281007E-002
         180  0.179500000000000        39.3943709298792     
  3.134041915144866E-022  2.008124440407590E-003  7.458661588858571E-002
  2.692338855281007E-002
         181  0.180500000000000        39.6138381773995     
  7.114701886645515E-023  2.008124440407590E-003  7.458661588858571E-002
  2.692338855281007E-002
         182  0.181500000000000        39.8333054249197     
  1.558025401814736E-023  2.008124440407590E-003  7.458661588858571E-002
  2.692338855281007E-002
         183  0.182500000000000        40.0527726724399     
  3.289317965661318E-024  2.008124440407590E-003  7.458661588858571E-002
  2.692338855281007E-002
         184  0.183500000000000        40.2722399199601     
  6.691080960283714E-025  2.008124440407590E-003  7.458661588858571E-002
  2.692338855281007E-002
         185  0.184500000000000        40.4917071674803     
  1.310658224419860E-025  2.008124440407590E-003  7.458661588858571E-002
  2.692338855281007E-002
         186  0.185500000000000        40.7111744150005     
  2.470739996186543E-026  2.008124440407590E-003  7.458661588858571E-002
  2.692338855281007E-002
         187  0.186500000000000        40.9306416625208     
  4.479698173521626E-027  2.008124440407590E-003  7.458661588858571E-002
  2.692338855281007E-002
         188  0.187500000000000        41.1501089100410     
  7.807146274324388E-028  2.008124440407590E-003  7.458661588858571E-002
  2.692338855281007E-002
         189  0.188500000000000        41.3695761575612     
  1.307053908565190E-028  2.008124440407590E-003  7.458661588858571E-002
  2.692338855281007E-002
         190  0.189500000000000        41.5890434050814     
  2.100806746083367E-029  2.008124440407590E-003  7.458661588858571E-002
  2.692338855281007E-002
         191  0.190500000000000        41.8085106526016     
  3.239678815066295E-030  2.008124440407590E-003  7.458661588858571E-002
  2.692338855281007E-002
         192  0.191500000000000        42.0279779001219     
  4.790390524247681E-031  2.008124440407590E-003  7.458661588858571E-002
  2.692338855281007E-002
         193  0.192500000000000        42.2474451476421     
  6.787672621518576E-032  2.008124440407590E-003  7.458661588858571E-002
  2.692338855281007E-002
         194  0.193500000000000        42.4669123951623     
  9.210385008771611E-033  2.008124440407590E-003  7.458661588858571E-002
  2.692338855281007E-002
         195  0.194500000000000        42.6863796426825     
  1.196094705271123E-033  2.008124440407590E-003  7.458661588858571E-002
  2.692338855281007E-002
         196  0.195500000000000        42.9058468902027     
  1.485614827134623E-034  2.008124440407590E-003  7.458661588858571E-002
  2.692338855281007E-002
         197  0.196500000000000        43.1253141377230     
  1.763679945592718E-035  2.008124440407590E-003  7.458661588858571E-002
  2.692338855281007E-002
         198  0.197500000000000        43.3447813852432     
  1.999973650437184E-036  2.008124440407590E-003  7.458661588858571E-002
  2.692338855281007E-002
         199  0.198500000000000        43.5642486327634     
  2.164889829533546E-037  2.008124440407590E-003  7.458661588858571E-002
  2.692338855281007E-002
         200  0.199500000000000        43.7837158802836     
  2.235468066767172E-038  2.008124440407590E-003  7.458661588858571E-002
  2.692338855281007E-002
         201  0.200500000000000        44.0031831278038     
  2.200566165959148E-039  2.008124440407590E-003  7.458661588858571E-002
  2.692338855281007E-002
         202  0.201500000000000        44.2226503753240     
  2.063687155630989E-040  2.008124440407590E-003  7.458661588858571E-002
  2.692338855281007E-002
         203  0.202500000000000        44.4421176228443     
  1.842489280309917E-041  2.008124440407590E-003  7.458661588858571E-002
  2.692338855281007E-002
         204  0.203500000000000        44.6615848703645     
  1.565034799982383E-042  2.008124440407590E-003  7.458661588858571E-002
  2.692338855281007E-002
         205  0.204500000000000        44.8810521178847     
  1.263878196595311E-043  2.008124440407590E-003  7.458661588858571E-002
  2.692338855281007E-002
         206  0.205500000000000        45.1005193654049     
  9.697302502171908E-045  2.008124440407590E-003  7.458661588858571E-002
  2.692338855281007E-002
         207  0.206500000000000        45.3199866129251     
  7.064175827684673E-046  2.008124440407590E-003  7.458661588858571E-002
  2.692338855281007E-002
         208  0.207500000000000        45.5394538604454     
  4.882421403654638E-047  2.008124440407590E-003  7.458661588858571E-002
  2.692338855281007E-002
         209  0.208500000000000        45.7589211079656     
  3.199400621770747E-048  2.008124440407590E-003  7.458661588858571E-002
  2.692338855281007E-002
         210  0.209500000000000        45.9783883554858     
  1.986351140516539E-049  2.008124440407590E-003  7.458661588858571E-002
  2.692338855281007E-002
         211  0.210500000000000        46.1978556030060     
  1.167588803509955E-050  2.008124440407590E-003  7.458661588858571E-002
  2.692338855281007E-002
         212  0.211500000000000        46.4173228505262     
  6.493230391795850E-052  2.008124440407590E-003  7.458661588858571E-002
  2.692338855281007E-002
         213  0.212500000000000        46.6367900980464     
  3.413950530366102E-053  2.008124440407590E-003  7.458661588858571E-002
  2.692338855281007E-002
         214  0.213500000000000        46.8562573455667     
  1.695765178143443E-054  2.008124440407590E-003  7.458661588858571E-002
  2.692338855281007E-002
         215  0.214500000000000        47.0757245930869     
  7.951899276786800E-056  2.008124440407590E-003  7.458661588858571E-002
  2.692338855281007E-002
         216  0.215500000000000        47.2951918406071     
  3.517671803852886E-057  2.008124440407590E-003  7.458661588858571E-002
  2.692338855281007E-002
         217  0.216500000000000        47.5146590881273     
  1.466897295909382E-058  2.008124440407590E-003  7.458661588858571E-002
  2.692338855281007E-002
         218  0.217500000000000        47.7341263356475     
  5.762125676366303E-060  2.008124440407590E-003  7.458661588858571E-002
  2.692338855281007E-002
         219  0.218500000000000        47.9535935831678     
  2.130497796256499E-061  2.008124440407590E-003  7.458661588858571E-002
  2.692338855281007E-002
         220  0.219500000000000        48.1730608306880     
  7.409169754104549E-063  2.008124440407590E-003  7.458661588858571E-002
  2.692338855281007E-002
         221  0.220500000000000        48.3925280782082     
  2.421702966983049E-064  2.008124440407590E-003  7.458661588858571E-002
  2.692338855281007E-002
         222  0.221500000000000        48.6119953257284     
  7.433714661717548E-066  2.008124440407590E-003  7.458661588858571E-002
  2.692338855281007E-002
         223  0.222500000000000        48.8314625732486     
  2.141378449939892E-067  2.008124440407590E-003  7.458661588858571E-002
  2.692338855281007E-002
         224  0.223500000000000        49.0509298207689     
  5.784294164570479E-069  2.008124440407590E-003  7.458661588858571E-002
  2.692338855281007E-002
         225  0.224500000000000        49.2703970682891     
  1.464001844467959E-070  2.008124440407590E-003  7.458661588858571E-002
  2.692338855281007E-002
         226  0.225500000000000        49.4898643158093     
  3.469206281255431E-072  2.008124440407590E-003  7.458661588858571E-002
  2.692338855281007E-002
         227  0.226500000000000        49.7093315633295     
  7.690894281691408E-074  2.008124440407590E-003  7.458661588858571E-002
  2.692338855281007E-002
         228  0.227500000000000        49.9287988108497     
  1.593825526799296E-075  2.008124440407590E-003  7.458661588858571E-002
  2.692338855281007E-002
         229  0.228500000000000        50.1482660583699     
  3.085169058453169E-077  2.008124440407590E-003  7.458661588858571E-002
  2.692338855281007E-002
         230  0.229500000000000        50.3677333058902     
  5.573737010204602E-079  2.008124440407590E-003  7.458661588858571E-002
  2.692338855281007E-002
         231  0.230500000000000        50.5872005534104     
  9.390665977491573E-081  2.008124440407590E-003  7.458661588858571E-002
  2.692338855281007E-002
         232  0.231500000000000        50.8066678009306     
  1.474279596517480E-082  2.008124440407590E-003  7.458661588858571E-002
  2.692338855281007E-002
         233  0.232500000000000        51.0261350484508     
  2.154993770504748E-084  2.008124440407590E-003  7.458661588858571E-002
  2.692338855281007E-002
         234  0.233500000000000        51.2456022959710     
  2.930502367839063E-086  2.008124440407590E-003  7.458661588858571E-002
  2.692338855281007E-002
         235  0.234500000000000        51.4650695434913     
  3.704360554583488E-088  2.008124440407590E-003  7.458661588858571E-002
  2.692338855281007E-002
         236  0.235500000000000        51.6845367910115     
  4.349134083988216E-090  2.008124440407590E-003  7.458661588858571E-002
  2.692338855281007E-002
         237  0.236500000000000        51.9040040385317     
  4.738621294176149E-092  2.008124440407590E-003  7.458661588858571E-002
  2.692338855281007E-002
         238  0.237500000000000        52.1234712860519     
  4.787405152192116E-094  2.008124440407590E-003  7.458661588858571E-002
  2.692338855281007E-002
         239  0.238500000000000        52.3429385335721     
  4.481100565386573E-096  2.008124440407590E-003  7.458661588858571E-002
  2.692338855281007E-002
         240  0.239500000000000        52.5624057810924     
  3.882763213198309E-098  2.008124440407590E-003  7.458661588858571E-002
  2.692338855281007E-002
         241  0.240500000000000        52.7818730286126     
  3.111732411508765E-100  2.008124440407590E-003  7.458661588858571E-002
  2.692338855281007E-002
         242  0.241500000000000        53.0013402761328     
  2.304624353755134E-102  2.008124440407590E-003  7.458661588858571E-002
  2.692338855281007E-002
         243  0.242500000000000        53.2208075236530     
  1.576028596108912E-104  2.008124440407590E-003  7.458661588858571E-002
  2.692338855281007E-002
         244  0.243500000000000        53.4402747711732     
  9.943095042493956E-107  2.008124440407590E-003  7.458661588858571E-002
  2.692338855281007E-002
         245  0.244500000000000        53.6597420186934     
  5.782267500221359E-109  2.008124440407590E-003  7.458661588858571E-002
  2.692338855281007E-002
         246  0.245500000000000        53.8792092662137     
  3.096830462418529E-111  2.008124440407590E-003  7.458661588858571E-002
  2.692338855281007E-002
         247  0.246500000000000        54.0986765137339     
  1.526163094674352E-113  2.008124440407590E-003  7.458661588858571E-002
  2.692338855281007E-002
         248  0.247500000000000        54.3181437612541     
  6.914620750282157E-116  2.008124440407590E-003  7.458661588858571E-002
  2.692338855281007E-002
         249  0.248500000000000        54.5376110087743     
  2.877645888029343E-118  2.008124440407590E-003  7.458661588858571E-002
  2.692338855281007E-002
         250  0.249500000000000        54.7570782562945     
  1.099065564836941E-120  2.008124440407590E-003  7.458661588858571E-002
  2.692338855281007E-002
         251  0.250500000000000        54.9765455038148     
  3.848937397165317E-123  2.008124440407590E-003  7.458661588858571E-002
  2.692338855281007E-002
         252  0.251500000000000        55.1960127513350     
  1.234812026822921E-125  2.008124440407590E-003  7.458661588858571E-002
  2.692338855281007E-002
         253  0.252500000000000        55.4154799988552     
  3.625879813676711E-128  2.008124440407590E-003  7.458661588858571E-002
  2.692338855281007E-002
         254  0.253500000000000        55.6349472463754     
  9.736129314663163E-131  2.008124440407590E-003  7.458661588858571E-002
  2.692338855281007E-002
         255  0.254500000000000        55.8544144938956     
  2.388501368069487E-133  2.008124440407590E-003  7.458661588858571E-002
  2.692338855281007E-002
         256  0.255500000000000        56.0738817414158     
  5.348534177034210E-136  2.008124440407590E-003  7.458661588858571E-002
  2.692338855281007E-002
         257  0.256500000000000        56.2933489889361     
  1.092235017730329E-138  2.008124440407590E-003  7.458661588858571E-002
  2.692338855281007E-002
         258  0.257500000000000        56.5128162364563     
  2.032213858233134E-141  2.008124440407590E-003  7.458661588858571E-002
  2.692338855281007E-002
         259  0.258500000000000        56.7322834839765     
  3.441855995551603E-144  2.008124440407590E-003  7.458661588858571E-002
  2.692338855281007E-002
         260  0.259500000000000        56.9517507314967     
  5.301295009534973E-147  2.008124440407590E-003  7.458661588858571E-002
  2.692338855281007E-002
         261  0.260500000000000        57.1712179790169     
  7.418759389470654E-150  2.008124440407590E-003  7.458661588858571E-002
  2.692338855281007E-002
         262  0.261500000000000        57.3906852265372     
  9.423944366954589E-153  2.008124440407590E-003  7.458661588858571E-002
  2.692338855281007E-002
         263  0.262500000000000        57.6101524740574     
  1.085616325797914E-155  2.008124440407590E-003  7.458661588858571E-002
  2.692338855281007E-002
         264  0.263500000000000        57.8296197215776     
  1.133053414265040E-158  2.008124440407590E-003  7.458661588858571E-002
  2.692338855281007E-002
         265  0.264500000000000        58.0490869690978     
  1.070387283881011E-161  2.008124440407590E-003  7.458661588858571E-002
  2.692338855281007E-002
         266  0.265500000000000        58.2685542166180     
  9.143916308473339E-165  2.008124440407590E-003  7.458661588858571E-002
  2.692338855281007E-002
         267  0.266500000000000        58.4880214641382     
  7.056779126812576E-168  2.008124440407590E-003  7.458661588858571E-002
  2.692338855281007E-002
         268  0.267500000000000        58.7074887116585     
  4.915232384451478E-171  2.008124440407590E-003  7.458661588858571E-002
  2.692338855281007E-002
         269  0.268500000000000        58.9269559591787     
  3.086904082675287E-174  2.008124440407590E-003  7.458661588858571E-002
  2.692338855281007E-002
         270  0.269500000000000        59.1464232066989     
  1.746304991024680E-177  2.008124440407590E-003  7.458661588858571E-002
  2.692338855281007E-002
         271  0.270500000000000        59.3658904542191     
  8.890154303101417E-181  2.008124440407590E-003  7.458661588858571E-002
  2.692338855281007E-002
         272  0.271500000000000        59.5853577017394     
  4.068770003757001E-184  2.008124440407590E-003  7.458661588858571E-002
  2.692338855281007E-002
         273  0.272500000000000        59.8048249492596     
  1.672445784918948E-187  2.008124440407590E-003  7.458661588858571E-002
  2.692338855281007E-002
         274  0.273500000000000        60.0242921967798     
  6.168001615292432E-191  2.008124440407590E-003  7.458661588858571E-002
  2.692338855281007E-002
         275  0.274500000000000        60.2437594443000     
  2.038951626598376E-194  2.008124440407590E-003  7.458661588858571E-002
  2.692338855281007E-002
         276  0.275500000000000        60.4632266918202     
  6.035370013745618E-198  2.008124440407590E-003  7.458661588858571E-002
  2.692338855281007E-002
         277  0.276500000000000        60.6826939393404     
  1.598077978919790E-201  2.008124440407590E-003  7.458661588858571E-002
  2.692338855281007E-002
         278  0.277500000000000        60.9021611868607     
  3.781374631032948E-205  2.008124440407590E-003  7.458661588858571E-002
  2.692338855281007E-002
         279  0.278500000000000        61.1216284343809     
  7.987626235416964E-209  2.008124440407590E-003  7.458661588858571E-002
  2.692338855281007E-002
         280  0.279500000000000        61.3410956819011     
  1.504730420106368E-212  2.008124440407590E-003  7.458661588858571E-002
  2.692338855281007E-002
         281  0.280500000000000        61.5605629294213     
  2.525383185566458E-216  2.008124440407590E-003  7.458661588858571E-002
  2.692338855281007E-002
         282  0.281500000000000        61.7800301769415     
  3.772039198581889E-220  2.008124440407590E-003  7.458661588858571E-002
  2.692338855281007E-002
         283  0.282500000000000        61.9994974244617     
  5.009059404379439E-224  2.008124440407590E-003  7.458661588858571E-002
  2.692338855281007E-002
         284  0.283500000000000        62.2189646719820     
  5.907667095731015E-228  2.008124440407590E-003  7.458661588858571E-002
  2.692338855281007E-002
         285  0.284500000000000        62.4384319195022     
  6.181622786579227E-232  2.008124440407590E-003  7.458661588858571E-002
  2.692338855281007E-002
         286  0.285500000000000        62.6578991670224     
  5.732716668063079E-236  2.008124440407590E-003  7.458661588858571E-002
  2.692338855281007E-002
         287  0.286500000000000        62.8773664145426     
  4.706876652599037E-240  2.008124440407590E-003  7.458661588858571E-002
  2.692338855281007E-002
         288  0.287500000000000        63.0968336620628     
  3.417908407025970E-244  2.008124440407590E-003  7.458661588858571E-002
  2.692338855281007E-002
         289  0.288500000000000        63.3163009095831     
  2.192715162872348E-248  2.008124440407590E-003  7.458661588858571E-002
  2.692338855281007E-002
         290  0.289500000000000        63.5357681571033     
  1.241467002482372E-252  2.008124440407590E-003  7.458661588858571E-002
  2.692338855281007E-002
         291  0.290500000000000        63.7552354046235     
  6.196611942046219E-257  2.008124440407590E-003  7.458661588858571E-002
  2.692338855281007E-002
         292  0.291500000000000        63.9747026521437     
  2.723783625871979E-261  2.008124440407590E-003  7.458661588858571E-002
  2.692338855281007E-002
         293  0.292500000000000        64.1941698996639     
  1.053224992102636E-265  2.008124440407590E-003  7.458661588858571E-002
  2.692338855281007E-002
         294  0.293500000000000        64.4136371471842     
  3.578730913589152E-270  2.008124440407590E-003  7.458661588858571E-002
  2.692338855281007E-002
         295  0.294500000000000        64.6331043947044     
  1.067390650701349E-274  2.008124440407590E-003  7.458661588858571E-002
  2.692338855281007E-002
         296  0.295500000000000        64.8525716422246     
  2.791446828836132E-279  2.008124440407590E-003  7.458661588858571E-002
  2.692338855281007E-002
         297  0.296500000000000        65.0720388897448     
  6.393963128125409E-284  2.008124440407590E-003  7.458661588858571E-002
  2.692338855281007E-002
         298  0.297500000000000        65.2915061372650     
  1.281347469650521E-288  2.008124440407590E-003  7.458661588858571E-002
  2.692338855281007E-002
         299  0.298500000000000        65.5109733847852     
  2.244083301106719E-293  2.008124440407590E-003  7.458661588858571E-002
  2.692338855281007E-002
         300  0.299500000000000        65.7304406323055     
  3.430864643391534E-298  2.008124440407590E-003  7.458661588858571E-002
  2.692338855281007E-002
         301  0.300500000000000        65.9499078798257     
  4.573788305358931E-303  2.008124440407590E-003  7.458661588858571E-002
  2.692338855281007E-002
         302  0.301500000000000        66.1693751273459     
  5.310919822437998E-308  2.008124440407590E-003  7.458661588858571E-002
  2.692338855281007E-002
         303  0.302500000000000        66.3888423748661     
  0.000000000000000E+000  2.008124440407590E-003  7.458661588858571E-002
  2.692338855281007E-002
         304  0.303500000000000        66.6083096223863     
  0.000000000000000E+000  2.008124440407590E-003  7.458661588858571E-002
  2.692338855281007E-002
         305  0.304500000000000        66.8277768699066     
  0.000000000000000E+000  2.008124440407590E-003  7.458661588858571E-002
  2.692338855281007E-002
         306  0.305500000000000        67.0472441174268     
  0.000000000000000E+000  2.008124440407590E-003  7.458661588858571E-002
  2.692338855281007E-002
         307  0.306500000000000        67.2667113649470     
  0.000000000000000E+000  2.008124440407590E-003  7.458661588858571E-002
  2.692338855281007E-002
         308  0.307500000000000        67.4861786124672     
  0.000000000000000E+000  2.008124440407590E-003  7.458661588858571E-002
  2.692338855281007E-002
         309  0.308500000000000        67.7056458599874     
  0.000000000000000E+000  2.008124440407590E-003  7.458661588858571E-002
  2.692338855281007E-002
         310  0.309500000000000        67.9251131075077     
  0.000000000000000E+000  2.008124440407590E-003  7.458661588858571E-002
  2.692338855281007E-002
         311  0.310500000000000        68.1445803550279     
  0.000000000000000E+000  2.008124440407590E-003  7.458661588858571E-002
  2.692338855281007E-002
         312  0.311500000000000        68.3640476025481     
  0.000000000000000E+000  2.008124440407590E-003  7.458661588858571E-002
  2.692338855281007E-002
         313  0.312500000000000        68.5835148500683     
  0.000000000000000E+000  2.008124440407590E-003  7.458661588858571E-002
  2.692338855281007E-002
         314  0.313500000000000        68.8029820975885     
  0.000000000000000E+000  2.008124440407590E-003  7.458661588858571E-002
  2.692338855281007E-002
         315  0.314500000000000        69.0224493451087     
  0.000000000000000E+000  2.008124440407590E-003  7.458661588858571E-002
  2.692338855281007E-002
         316  0.315500000000000        69.2419165926290     
  0.000000000000000E+000  2.008124440407590E-003  7.458661588858571E-002
  2.692338855281007E-002
         317  0.316500000000000        69.4613838401492     
  0.000000000000000E+000  2.008124440407590E-003  7.458661588858571E-002
  2.692338855281007E-002
         318  0.317500000000000        69.6808510876694     
  0.000000000000000E+000  2.008124440407590E-003  7.458661588858571E-002
  2.692338855281007E-002
         319  0.318500000000000        69.9003183351896     
  0.000000000000000E+000  2.008124440407590E-003  7.458661588858571E-002
  2.692338855281007E-002
         320  0.319500000000000        70.1197855827098     
  0.000000000000000E+000  2.008124440407590E-003  7.458661588858571E-002
  2.692338855281007E-002
         321  0.320500000000000        70.3392528302301     
  0.000000000000000E+000  2.008124440407590E-003  7.458661588858571E-002
  2.692338855281007E-002
         322  0.321500000000000        70.5587200777503     
  0.000000000000000E+000  2.008124440407590E-003  7.458661588858571E-002
  2.692338855281007E-002
         323  0.322500000000000        70.7781873252705     
  0.000000000000000E+000  2.008124440407590E-003  7.458661588858571E-002
  2.692338855281007E-002
         324  0.323500000000000        70.9976545727907     
  0.000000000000000E+000  2.008124440407590E-003  7.458661588858571E-002
  2.692338855281007E-002
         325  0.324500000000000        71.2171218203109     
  0.000000000000000E+000  2.008124440407590E-003  7.458661588858571E-002
  2.692338855281007E-002
         326  0.325500000000000        71.4365890678312     
  0.000000000000000E+000  2.008124440407590E-003  7.458661588858571E-002
  2.692338855281007E-002
         327  0.326500000000000        71.6560563153514     
  0.000000000000000E+000  2.008124440407590E-003  7.458661588858571E-002
  2.692338855281007E-002
         328  0.327500000000000        71.8755235628716     
  0.000000000000000E+000  2.008124440407590E-003  7.458661588858571E-002
  2.692338855281007E-002
         329  0.328500000000000        72.0949908103918     
  0.000000000000000E+000  2.008124440407590E-003  7.458661588858571E-002
  2.692338855281007E-002
         330  0.329500000000000        72.3144580579120     
  0.000000000000000E+000  2.008124440407590E-003  7.458661588858571E-002
  2.692338855281007E-002
         331  0.330500000000000        72.5339253054322     
  0.000000000000000E+000  2.008124440407590E-003  7.458661588858571E-002
  2.692338855281007E-002
         332  0.331500000000000        72.7533925529525     
  0.000000000000000E+000  2.008124440407590E-003  7.458661588858571E-002
  2.692338855281007E-002
         333  0.332500000000000        72.9728598004727     
  0.000000000000000E+000  2.008124440407590E-003  7.458661588858571E-002
  2.692338855281007E-002
         334  0.333500000000000        73.1923270479929     
  0.000000000000000E+000  2.008124440407590E-003  7.458661588858571E-002
  2.692338855281007E-002
         335  0.334500000000000        73.4117942955131     
  0.000000000000000E+000  2.008124440407590E-003  7.458661588858571E-002
  2.692338855281007E-002
         336  0.335500000000000        73.6312615430333     
  0.000000000000000E+000  2.008124440407590E-003  7.458661588858571E-002
  2.692338855281007E-002
         337  0.336500000000000        73.8507287905536     
  0.000000000000000E+000  2.008124440407590E-003  7.458661588858571E-002
  2.692338855281007E-002
         338  0.337500000000000        74.0701960380738     
  0.000000000000000E+000  2.008124440407590E-003  7.458661588858571E-002
  2.692338855281007E-002
         339  0.338500000000000        74.2896632855940     
  0.000000000000000E+000  2.008124440407590E-003  7.458661588858571E-002
  2.692338855281007E-002
         340  0.339500000000000        74.5091305331142     
  0.000000000000000E+000  2.008124440407590E-003  7.458661588858571E-002
  2.692338855281007E-002
         341  0.340500000000000        74.7285977806344     
  0.000000000000000E+000  2.008124440407590E-003  7.458661588858571E-002
  2.692338855281007E-002
         342  0.341500000000000        74.9480650281546     
  0.000000000000000E+000  2.008124440407590E-003  7.458661588858571E-002
  2.692338855281007E-002
         343  0.342500000000000        75.1675322756749     
  0.000000000000000E+000  2.008124440407590E-003  7.458661588858571E-002
  2.692338855281007E-002
         344  0.343500000000000        75.3869995231951     
  0.000000000000000E+000  2.008124440407590E-003  7.458661588858571E-002
  2.692338855281007E-002
         345  0.344500000000000        75.6064667707153     
  0.000000000000000E+000  2.008124440407590E-003  7.458661588858571E-002
  2.692338855281007E-002
         346  0.345500000000000        75.8259340182355     
  0.000000000000000E+000  2.008124440407590E-003  7.458661588858571E-002
  2.692338855281007E-002
         347  0.346500000000000        76.0454012657557     
  0.000000000000000E+000  2.008124440407590E-003  7.458661588858571E-002
  2.692338855281007E-002
         348  0.347500000000000        76.2648685132760     
  0.000000000000000E+000  2.008124440407590E-003  7.458661588858571E-002
  2.692338855281007E-002
         349  0.348500000000000        76.4843357607962     
  0.000000000000000E+000  2.008124440407590E-003  7.458661588858571E-002
  2.692338855281007E-002
         350  0.349500000000000        76.7038030083164     
  0.000000000000000E+000  2.008124440407590E-003  7.458661588858571E-002
  2.692338855281007E-002
         351  0.350500000000000        76.9232702558366     
  0.000000000000000E+000  2.008124440407590E-003  7.458661588858571E-002
  2.692338855281007E-002
         352  0.351500000000000        77.1427375033568     
  0.000000000000000E+000  2.008124440407590E-003  7.458661588858571E-002
  2.692338855281007E-002
         353  0.352500000000000        77.3622047508771     
  0.000000000000000E+000  2.008124440407590E-003  7.458661588858571E-002
  2.692338855281007E-002
         354  0.353500000000000        77.5816719983973     
  0.000000000000000E+000  2.008124440407590E-003  7.458661588858571E-002
  2.692338855281007E-002
         355  0.354500000000000        77.8011392459175     
  0.000000000000000E+000  2.008124440407590E-003  7.458661588858571E-002
  2.692338855281007E-002
         356  0.355500000000000        78.0206064934377     
  0.000000000000000E+000  2.008124440407590E-003  7.458661588858571E-002
  2.692338855281007E-002
         357  0.356500000000000        78.2400737409579     
  0.000000000000000E+000  2.008124440407590E-003  7.458661588858571E-002
  2.692338855281007E-002
         358  0.357500000000000        78.4595409884781     
  0.000000000000000E+000  2.008124440407590E-003  7.458661588858571E-002
  2.692338855281007E-002
         359  0.358500000000000        78.6790082359984     
  0.000000000000000E+000  2.008124440407590E-003  7.458661588858571E-002
  2.692338855281007E-002
         360  0.359500000000000        78.8984754835186     
  0.000000000000000E+000  2.008124440407590E-003  7.458661588858571E-002
  2.692338855281007E-002
         361  0.360500000000000        79.1179427310388     
  0.000000000000000E+000  2.008124440407590E-003  7.458661588858571E-002
  2.692338855281007E-002
         362  0.361500000000000        79.3374099785590     
  0.000000000000000E+000  2.008124440407590E-003  7.458661588858571E-002
  2.692338855281007E-002
         363  0.362500000000000        79.5568772260792     
  0.000000000000000E+000  2.008124440407590E-003  7.458661588858571E-002
  2.692338855281007E-002
         364  0.363500000000000        79.7763444735995     
  0.000000000000000E+000  2.008124440407590E-003  7.458661588858571E-002
  2.692338855281007E-002
         365  0.364500000000000        79.9958117211197     
  0.000000000000000E+000  2.008124440407590E-003  7.458661588858571E-002
  2.692338855281007E-002
         366  0.365500000000000        80.2152789686399     
  0.000000000000000E+000  2.008124440407590E-003  7.458661588858571E-002
  2.692338855281007E-002
         367  0.366500000000000        80.4347462161601     
  0.000000000000000E+000  2.008124440407590E-003  7.458661588858571E-002
  2.692338855281007E-002
         368  0.367500000000000        80.6542134636803     
  0.000000000000000E+000  2.008124440407590E-003  7.458661588858571E-002
  2.692338855281007E-002
         369  0.368500000000000        80.8736807112005     
  0.000000000000000E+000  2.008124440407590E-003  7.458661588858571E-002
  2.692338855281007E-002
         370  0.369500000000000        81.0931479587208     
  0.000000000000000E+000  2.008124440407590E-003  7.458661588858571E-002
  2.692338855281007E-002
         371  0.370500000000000        81.3126152062410     
  0.000000000000000E+000  2.008124440407590E-003  7.458661588858571E-002
  2.692338855281007E-002
         372  0.371500000000000        81.5320824537612     
  0.000000000000000E+000  2.008124440407590E-003  7.458661588858571E-002
  2.692338855281007E-002
         373  0.372500000000000        81.7515497012814     
  0.000000000000000E+000  2.008124440407590E-003  7.458661588858571E-002
  2.692338855281007E-002
         374  0.373500000000000        81.9710169488016     
  0.000000000000000E+000  2.008124440407590E-003  7.458661588858571E-002
  2.692338855281007E-002
         375  0.374500000000000        82.1904841963219     
  0.000000000000000E+000  2.008124440407590E-003  7.458661588858571E-002
  2.692338855281007E-002
         376  0.375500000000000        82.4099514438421     
  0.000000000000000E+000  2.008124440407590E-003  7.458661588858571E-002
  2.692338855281007E-002
         377  0.376500000000000        82.6294186913623     
  0.000000000000000E+000  2.008124440407590E-003  7.458661588858571E-002
  2.692338855281007E-002
         378  0.377500000000000        82.8488859388825     
  0.000000000000000E+000  2.008124440407590E-003  7.458661588858571E-002
  2.692338855281007E-002
         379  0.378500000000000        83.0683531864027     
  0.000000000000000E+000  2.008124440407590E-003  7.458661588858571E-002
  2.692338855281007E-002
         380  0.379500000000000        83.2878204339229     
  0.000000000000000E+000  2.008124440407590E-003  7.458661588858571E-002
  2.692338855281007E-002
         381  0.380500000000000        83.5072876814432     
  0.000000000000000E+000  2.008124440407590E-003  7.458661588858571E-002
  2.692338855281007E-002
         382  0.381500000000000        83.7267549289634     
  0.000000000000000E+000  2.008124440407590E-003  7.458661588858571E-002
  2.692338855281007E-002
         383  0.382500000000000        83.9462221764836     
  0.000000000000000E+000  2.008124440407590E-003  7.458661588858571E-002
  2.692338855281007E-002
         384  0.383500000000000        84.1656894240038     
  0.000000000000000E+000  2.008124440407590E-003  7.458661588858571E-002
  2.692338855281007E-002
         385  0.384500000000000        84.3851566715240     
  0.000000000000000E+000  2.008124440407590E-003  7.458661588858571E-002
  2.692338855281007E-002
         386  0.385500000000000        84.6046239190443     
  0.000000000000000E+000  2.008124440407590E-003  7.458661588858571E-002
  2.692338855281007E-002
         387  0.386500000000000        84.8240911665645     
  0.000000000000000E+000  2.008124440407590E-003  7.458661588858571E-002
  2.692338855281007E-002
         388  0.387500000000000        85.0435584140847     
  0.000000000000000E+000  2.008124440407590E-003  7.458661588858571E-002
  2.692338855281007E-002
         389  0.388500000000000        85.2630256616049     
  0.000000000000000E+000  2.008124440407590E-003  7.458661588858571E-002
  2.692338855281007E-002
         390  0.389500000000000        85.4824929091251     
  0.000000000000000E+000  2.008124440407590E-003  7.458661588858571E-002
  2.692338855281007E-002
         391  0.390500000000000        85.7019601566454     
  0.000000000000000E+000  2.008124440407590E-003  7.458661588858571E-002
  2.692338855281007E-002
         392  0.391500000000000        85.9214274041656     
  0.000000000000000E+000  2.008124440407590E-003  7.458661588858571E-002
  2.692338855281007E-002
         393  0.392500000000000        86.1408946516858     
  0.000000000000000E+000  2.008124440407590E-003  7.458661588858571E-002
  2.692338855281007E-002
         394  0.393500000000000        86.3603618992060     
  0.000000000000000E+000  2.008124440407590E-003  7.458661588858571E-002
  2.692338855281007E-002
         395  0.394500000000000        86.5798291467262     
  0.000000000000000E+000  2.008124440407590E-003  7.458661588858571E-002
  2.692338855281007E-002
         396  0.395500000000000        86.7992963942465     
  0.000000000000000E+000  2.008124440407590E-003  7.458661588858571E-002
  2.692338855281007E-002
         397  0.396500000000000        87.0187636417667     
  0.000000000000000E+000  2.008124440407590E-003  7.458661588858571E-002
  2.692338855281007E-002
         398  0.397500000000000        87.2382308892869     
  0.000000000000000E+000  2.008124440407590E-003  7.458661588858571E-002
  2.692338855281007E-002
         399  0.398500000000000        87.4576981368071     
  0.000000000000000E+000  2.008124440407590E-003  7.458661588858571E-002
  2.692338855281007E-002
         400  0.399500000000000        87.6771653843273     
  0.000000000000000E+000  2.008124440407590E-003  7.458661588858571E-002
  2.692338855281007E-002
         401  0.400500000000000        87.8966326318475     
  0.000000000000000E+000  2.008124440407590E-003  7.458661588858571E-002
  2.692338855281007E-002
         402  0.401500000000000        88.1160998793678     
  0.000000000000000E+000  2.008124440407590E-003  7.458661588858571E-002
  2.692338855281007E-002
         403  0.402500000000000        88.3355671268880     
  0.000000000000000E+000  2.008124440407590E-003  7.458661588858571E-002
  2.692338855281007E-002
         404  0.403500000000000        88.5550343744082     
  0.000000000000000E+000  2.008124440407590E-003  7.458661588858571E-002
  2.692338855281007E-002
         405  0.404500000000000        88.7745016219284     
  0.000000000000000E+000  2.008124440407590E-003  7.458661588858571E-002
  2.692338855281007E-002
         406  0.405500000000000        88.9939688694486     
  0.000000000000000E+000  2.008124440407590E-003  7.458661588858571E-002
  2.692338855281007E-002
         407  0.406500000000000        89.2134361169689     
  0.000000000000000E+000  2.008124440407590E-003  7.458661588858571E-002
  2.692338855281007E-002
         408  0.407500000000000        89.4329033644891     
  0.000000000000000E+000  2.008124440407590E-003  7.458661588858571E-002
  2.692338855281007E-002
         409  0.408500000000000        89.6523706120093     
  0.000000000000000E+000  2.008124440407590E-003  7.458661588858571E-002
  2.692338855281007E-002
         410  0.409500000000000        89.8718378595295     
  0.000000000000000E+000  2.008124440407590E-003  7.458661588858571E-002
  2.692338855281007E-002
         411  0.410500000000000        90.0913051070497     
  0.000000000000000E+000  2.008124440407590E-003  7.458661588858571E-002
  2.692338855281007E-002
         412  0.411500000000000        90.3107723545699     
  0.000000000000000E+000  2.008124440407590E-003  7.458661588858571E-002
  2.692338855281007E-002
         413  0.412500000000000        90.5302396020902     
  0.000000000000000E+000  2.008124440407590E-003  7.458661588858571E-002
  2.692338855281007E-002
         414  0.413500000000000        90.7497068496104     
  0.000000000000000E+000  2.008124440407590E-003  7.458661588858571E-002
  2.692338855281007E-002
         415  0.414500000000000        90.9691740971306     
  0.000000000000000E+000  2.008124440407590E-003  7.458661588858571E-002
  2.692338855281007E-002
         416  0.415500000000000        91.1886413446508     
  0.000000000000000E+000  2.008124440407590E-003  7.458661588858571E-002
  2.692338855281007E-002
         417  0.416500000000000        91.4081085921710     
  0.000000000000000E+000  2.008124440407590E-003  7.458661588858571E-002
  2.692338855281007E-002
         418  0.417500000000000        91.6275758396913     
  0.000000000000000E+000  2.008124440407590E-003  7.458661588858571E-002
  2.692338855281007E-002
         419  0.418500000000000        91.8470430872115     
  0.000000000000000E+000  2.008124440407590E-003  7.458661588858571E-002
  2.692338855281007E-002
         420  0.419500000000000        92.0665103347317     
  0.000000000000000E+000  2.008124440407590E-003  7.458661588858571E-002
  2.692338855281007E-002
         421  0.420500000000000        92.2859775822519     
  0.000000000000000E+000  2.008124440407590E-003  7.458661588858571E-002
  2.692338855281007E-002
         422  0.421500000000000        92.5054448297721     
  0.000000000000000E+000  2.008124440407590E-003  7.458661588858571E-002
  2.692338855281007E-002
         423  0.422500000000000        92.7249120772923     
  0.000000000000000E+000  2.008124440407590E-003  7.458661588858571E-002
  2.692338855281007E-002
         424  0.423500000000000        92.9443793248126     
  0.000000000000000E+000  2.008124440407590E-003  7.458661588858571E-002
  2.692338855281007E-002
         425  0.424500000000000        93.1638465723328     
  0.000000000000000E+000  2.008124440407590E-003  7.458661588858571E-002
  2.692338855281007E-002
         426  0.425500000000000        93.3833138198530     
  0.000000000000000E+000  2.008124440407590E-003  7.458661588858571E-002
  2.692338855281007E-002
         427  0.426500000000000        93.6027810673732     
  0.000000000000000E+000  2.008124440407590E-003  7.458661588858571E-002
  2.692338855281007E-002
         428  0.427500000000000        93.8222483148934     
  0.000000000000000E+000  2.008124440407590E-003  7.458661588858571E-002
  2.692338855281007E-002
         429  0.428500000000000        94.0417155624137     
  0.000000000000000E+000  2.008124440407590E-003  7.458661588858571E-002
  2.692338855281007E-002
         430  0.429500000000000        94.2611828099339     
  0.000000000000000E+000  2.008124440407590E-003  7.458661588858571E-002
  2.692338855281007E-002
         431  0.430500000000000        94.4806500574541     
  0.000000000000000E+000  2.008124440407590E-003  7.458661588858571E-002
  2.692338855281007E-002
         432  0.431500000000000        94.7001173049743     
  0.000000000000000E+000  2.008124440407590E-003  7.458661588858571E-002
  2.692338855281007E-002
         433  0.432500000000000        94.9195845524945     
  0.000000000000000E+000  2.008124440407590E-003  7.458661588858571E-002
  2.692338855281007E-002
         434  0.433500000000000        95.1390518000148     
  0.000000000000000E+000  2.008124440407590E-003  7.458661588858571E-002
  2.692338855281007E-002
         435  0.434500000000000        95.3585190475350     
  0.000000000000000E+000  2.008124440407590E-003  7.458661588858571E-002
  2.692338855281007E-002
         436  0.435500000000000        95.5779862950552     
  0.000000000000000E+000  2.008124440407590E-003  7.458661588858571E-002
  2.692338855281007E-002
         437  0.436500000000000        95.7974535425754     
  0.000000000000000E+000  2.008124440407590E-003  7.458661588858571E-002
  2.692338855281007E-002
         438  0.437500000000000        96.0169207900956     
  0.000000000000000E+000  2.008124440407590E-003  7.458661588858571E-002
  2.692338855281007E-002
         439  0.438500000000000        96.2363880376159     
  0.000000000000000E+000  2.008124440407590E-003  7.458661588858571E-002
  2.692338855281007E-002
         440  0.439500000000000        96.4558552851361     
  0.000000000000000E+000  2.008124440407590E-003  7.458661588858571E-002
  2.692338855281007E-002
         441  0.440500000000000        96.6753225326563     
  0.000000000000000E+000  2.008124440407590E-003  7.458661588858571E-002
  2.692338855281007E-002
         442  0.441500000000000        96.8947897801765     
  0.000000000000000E+000  2.008124440407590E-003  7.458661588858571E-002
  2.692338855281007E-002
         443  0.442500000000000        97.1142570276967     
  0.000000000000000E+000  2.008124440407590E-003  7.458661588858571E-002
  2.692338855281007E-002
         444  0.443500000000000        97.3337242752169     
  0.000000000000000E+000  2.008124440407590E-003  7.458661588858571E-002
  2.692338855281007E-002
         445  0.444500000000000        97.5531915227372     
  0.000000000000000E+000  2.008124440407590E-003  7.458661588858571E-002
  2.692338855281007E-002
         446  0.445500000000000        97.7726587702574     
  0.000000000000000E+000  2.008124440407590E-003  7.458661588858571E-002
  2.692338855281007E-002
         447  0.446500000000000        97.9921260177776     
  0.000000000000000E+000  2.008124440407590E-003  7.458661588858571E-002
  2.692338855281007E-002
         448  0.447500000000000        98.2115932652978     
  0.000000000000000E+000  2.008124440407590E-003  7.458661588858571E-002
  2.692338855281007E-002
         449  0.448500000000000        98.4310605128180     
  0.000000000000000E+000  2.008124440407590E-003  7.458661588858571E-002
  2.692338855281007E-002
         450  0.449500000000000        98.6505277603382     
  0.000000000000000E+000  2.008124440407590E-003  7.458661588858571E-002
  2.692338855281007E-002
         451  0.450500000000000        98.8699950078585     
  0.000000000000000E+000  2.008124440407590E-003  7.458661588858571E-002
  2.692338855281007E-002
         452  0.451500000000000        99.0894622553787     
  0.000000000000000E+000  2.008124440407590E-003  7.458661588858571E-002
  2.692338855281007E-002
         453  0.452500000000000        99.3089295028989     
  0.000000000000000E+000  2.008124440407590E-003  7.458661588858571E-002
  2.692338855281007E-002
         454  0.453500000000000        99.5283967504191     
  0.000000000000000E+000  2.008124440407590E-003  7.458661588858571E-002
  2.692338855281007E-002
         455  0.454500000000000        99.7478639979393     
  0.000000000000000E+000  2.008124440407590E-003  7.458661588858571E-002
  2.692338855281007E-002
         456  0.455500000000000        99.9673312454596     
  0.000000000000000E+000  2.008124440407590E-003  7.458661588858571E-002
  2.692338855281007E-002
         457  0.456500000000000        100.186798492980     
  0.000000000000000E+000  2.008124440407590E-003  7.458661588858571E-002
  2.692338855281007E-002
         458  0.457500000000000        100.406265740500     
  0.000000000000000E+000  2.008124440407590E-003  7.458661588858571E-002
  2.692338855281007E-002
         459  0.458500000000000        100.625732988020     
  0.000000000000000E+000  2.008124440407590E-003  7.458661588858571E-002
  2.692338855281007E-002
         460  0.459500000000000        100.845200235540     
  0.000000000000000E+000  2.008124440407590E-003  7.458661588858571E-002
  2.692338855281007E-002
         461  0.460500000000000        101.064667483061     
  0.000000000000000E+000  2.008124440407590E-003  7.458661588858571E-002
  2.692338855281007E-002
         462  0.461500000000000        101.284134730581     
  0.000000000000000E+000  2.008124440407590E-003  7.458661588858571E-002
  2.692338855281007E-002
         463  0.462500000000000        101.503601978101     
  0.000000000000000E+000  2.008124440407590E-003  7.458661588858571E-002
  2.692338855281007E-002
         464  0.463500000000000        101.723069225621     
  0.000000000000000E+000  2.008124440407590E-003  7.458661588858571E-002
  2.692338855281007E-002
         465  0.464500000000000        101.942536473142     
  0.000000000000000E+000  2.008124440407590E-003  7.458661588858571E-002
  2.692338855281007E-002
         466  0.465500000000000        102.162003720662     
  0.000000000000000E+000  2.008124440407590E-003  7.458661588858571E-002
  2.692338855281007E-002
         467  0.466500000000000        102.381470968182     
  0.000000000000000E+000  2.008124440407590E-003  7.458661588858571E-002
  2.692338855281007E-002
         468  0.467500000000000        102.600938215702     
  0.000000000000000E+000  2.008124440407590E-003  7.458661588858571E-002
  2.692338855281007E-002
         469  0.468500000000000        102.820405463222     
  0.000000000000000E+000  2.008124440407590E-003  7.458661588858571E-002
  2.692338855281007E-002
         470  0.469500000000000        103.039872710743     
  0.000000000000000E+000  2.008124440407590E-003  7.458661588858571E-002
  2.692338855281007E-002
         471  0.470500000000000        103.259339958263     
  0.000000000000000E+000  2.008124440407590E-003  7.458661588858571E-002
  2.692338855281007E-002
         472  0.471500000000000        103.478807205783     
  0.000000000000000E+000  2.008124440407590E-003  7.458661588858571E-002
  2.692338855281007E-002
         473  0.472500000000000        103.698274453303     
  0.000000000000000E+000  2.008124440407590E-003  7.458661588858571E-002
  2.692338855281007E-002
         474  0.473500000000000        103.917741700823     
  0.000000000000000E+000  2.008124440407590E-003  7.458661588858571E-002
  2.692338855281007E-002
         475  0.474500000000000        104.137208948344     
  0.000000000000000E+000  2.008124440407590E-003  7.458661588858571E-002
  2.692338855281007E-002
         476  0.475500000000000        104.356676195864     
  0.000000000000000E+000  2.008124440407590E-003  7.458661588858571E-002
  2.692338855281007E-002
         477  0.476500000000000        104.576143443384     
  0.000000000000000E+000  2.008124440407590E-003  7.458661588858571E-002
  2.692338855281007E-002
         478  0.477500000000000        104.795610690904     
  0.000000000000000E+000  2.008124440407590E-003  7.458661588858571E-002
  2.692338855281007E-002
         479  0.478500000000000        105.015077938425     
  0.000000000000000E+000  2.008124440407590E-003  7.458661588858571E-002
  2.692338855281007E-002
         480  0.479500000000000        105.234545185945     
  0.000000000000000E+000  2.008124440407590E-003  7.458661588858571E-002
  2.692338855281007E-002
         481  0.480500000000000        105.454012433465     
  0.000000000000000E+000  2.008124440407590E-003  7.458661588858571E-002
  2.692338855281007E-002
         482  0.481500000000000        105.673479680985     
  0.000000000000000E+000  2.008124440407590E-003  7.458661588858571E-002
  2.692338855281007E-002
         483  0.482500000000000        105.892946928505     
  0.000000000000000E+000  2.008124440407590E-003  7.458661588858571E-002
  2.692338855281007E-002
         484  0.483500000000000        106.112414176026     
  0.000000000000000E+000  2.008124440407590E-003  7.458661588858571E-002
  2.692338855281007E-002
         485  0.484500000000000        106.331881423546     
  0.000000000000000E+000  2.008124440407590E-003  7.458661588858571E-002
  2.692338855281007E-002
         486  0.485500000000000        106.551348671066     
  0.000000000000000E+000  2.008124440407590E-003  7.458661588858571E-002
  2.692338855281007E-002
         487  0.486500000000000        106.770815918586     
  0.000000000000000E+000  2.008124440407590E-003  7.458661588858571E-002
  2.692338855281007E-002
         488  0.487500000000000        106.990283166107     
  0.000000000000000E+000  2.008124440407590E-003  7.458661588858571E-002
  2.692338855281007E-002
         489  0.488500000000000        107.209750413627     
  0.000000000000000E+000  2.008124440407590E-003  7.458661588858571E-002
  2.692338855281007E-002
         490  0.489500000000000        107.429217661147     
  0.000000000000000E+000  2.008124440407590E-003  7.458661588858571E-002
  2.692338855281007E-002
         491  0.490500000000000        107.648684908667     
  0.000000000000000E+000  2.008124440407590E-003  7.458661588858571E-002
  2.692338855281007E-002
         492  0.491500000000000        107.868152156187     
  0.000000000000000E+000  2.008124440407590E-003  7.458661588858571E-002
  2.692338855281007E-002
         493  0.492500000000000        108.087619403708     
  0.000000000000000E+000  2.008124440407590E-003  7.458661588858571E-002
  2.692338855281007E-002
         494  0.493500000000000        108.307086651228     
  0.000000000000000E+000  2.008124440407590E-003  7.458661588858571E-002
  2.692338855281007E-002
         495  0.494500000000000        108.526553898748     
  0.000000000000000E+000  2.008124440407590E-003  7.458661588858571E-002
  2.692338855281007E-002
         496  0.495500000000000        108.746021146268     
  0.000000000000000E+000  2.008124440407590E-003  7.458661588858571E-002
  2.692338855281007E-002
         497  0.496500000000000        108.965488393789     
  0.000000000000000E+000  2.008124440407590E-003  7.458661588858571E-002
  2.692338855281007E-002
         498  0.497500000000000        109.184955641309     
  0.000000000000000E+000  2.008124440407590E-003  7.458661588858571E-002
  2.692338855281007E-002
         499  0.498500000000000        109.404422888829     
  0.000000000000000E+000  2.008124440407590E-003  7.458661588858571E-002
  2.692338855281007E-002
         500  0.499500000000000        109.623890136349     
  0.000000000000000E+000  2.008124440407590E-003  7.458661588858571E-002
  2.692338855281007E-002
         501  0.500500000000000        109.843357383869     
  0.000000000000000E+000  2.008124440407590E-003  7.458661588858571E-002
  2.692338855281007E-002
         502  0.501500000000000        110.062824631390     
  0.000000000000000E+000  2.008124440407590E-003  7.458661588858571E-002
  2.692338855281007E-002
         503  0.502500000000000        110.282291878910     
  0.000000000000000E+000  2.008124440407590E-003  7.458661588858571E-002
  2.692338855281007E-002
         504  0.503500000000000        110.501759126430     
  0.000000000000000E+000  2.008124440407590E-003  7.458661588858571E-002
  2.692338855281007E-002
         505  0.504500000000000        110.721226373950     
  0.000000000000000E+000  2.008124440407590E-003  7.458661588858571E-002
  2.692338855281007E-002
         506  0.505500000000000        110.940693621470     
  0.000000000000000E+000  2.008124440407590E-003  7.458661588858571E-002
  2.692338855281007E-002
         507  0.506500000000000        111.160160868991     
  0.000000000000000E+000  2.008124440407590E-003  7.458661588858571E-002
  2.692338855281007E-002
         508  0.507500000000000        111.379628116511     
  0.000000000000000E+000  2.008124440407590E-003  7.458661588858571E-002
  2.692338855281007E-002
         509  0.508500000000000        111.599095364031     
  0.000000000000000E+000  2.008124440407590E-003  7.458661588858571E-002
  2.692338855281007E-002
         510  0.509500000000000        111.818562611551     
  0.000000000000000E+000  2.008124440407590E-003  7.458661588858571E-002
  2.692338855281007E-002
         511  0.510500000000000        112.038029859072     
  0.000000000000000E+000  2.008124440407590E-003  7.458661588858571E-002
  2.692338855281007E-002
         512  0.511500000000000        112.257497106592     
  0.000000000000000E+000  2.008124440407590E-003  7.458661588858571E-002
  2.692338855281007E-002
         513  0.512500000000000        112.476964354112     
  0.000000000000000E+000  2.008124440407590E-003  7.458661588858571E-002
  2.692338855281007E-002
         514  0.513500000000000        112.696431601632     
  0.000000000000000E+000  2.008124440407590E-003  7.458661588858571E-002
  2.692338855281007E-002
         515  0.514500000000000        112.915898849152     
  0.000000000000000E+000  2.008124440407590E-003  7.458661588858571E-002
  2.692338855281007E-002
         516  0.515500000000000        113.135366096673     
  0.000000000000000E+000  2.008124440407590E-003  7.458661588858571E-002
  2.692338855281007E-002
         517  0.516500000000000        113.354833344193     
  0.000000000000000E+000  2.008124440407590E-003  7.458661588858571E-002
  2.692338855281007E-002
         518  0.517500000000000        113.574300591713     
  0.000000000000000E+000  2.008124440407590E-003  7.458661588858571E-002
  2.692338855281007E-002
         519  0.518500000000000        113.793767839233     
  0.000000000000000E+000  2.008124440407590E-003  7.458661588858571E-002
  2.692338855281007E-002
         520  0.519500000000000        114.013235086754     
  0.000000000000000E+000  2.008124440407590E-003  7.458661588858571E-002
  2.692338855281007E-002
         521  0.520500000000000        114.232702334274     
  0.000000000000000E+000  2.008124440407590E-003  7.458661588858571E-002
  2.692338855281007E-002
         522  0.521500000000000        114.452169581794     
  0.000000000000000E+000  2.008124440407590E-003  7.458661588858571E-002
  2.692338855281007E-002
         523  0.522500000000000        114.671636829314     
  0.000000000000000E+000  2.008124440407590E-003  7.458661588858571E-002
  2.692338855281007E-002
         524  0.523500000000000        114.891104076834     
  0.000000000000000E+000  2.008124440407590E-003  7.458661588858571E-002
  2.692338855281007E-002
         525  0.524500000000000        115.110571324355     
  0.000000000000000E+000  2.008124440407590E-003  7.458661588858571E-002
  2.692338855281007E-002
         526  0.525500000000000        115.330038571875     
  0.000000000000000E+000  2.008124440407590E-003  7.458661588858571E-002
  2.692338855281007E-002
         527  0.526500000000000        115.549505819395     
  0.000000000000000E+000  2.008124440407590E-003  7.458661588858571E-002
  2.692338855281007E-002
         528  0.527500000000000        115.768973066915     
  0.000000000000000E+000  2.008124440407590E-003  7.458661588858571E-002
  2.692338855281007E-002
         529  0.528500000000000        115.988440314436     
  0.000000000000000E+000  2.008124440407590E-003  7.458661588858571E-002
  2.692338855281007E-002
         530  0.529500000000000        116.207907561956     
  0.000000000000000E+000  2.008124440407590E-003  7.458661588858571E-002
  2.692338855281007E-002
         531  0.530500000000000        116.427374809476     
  0.000000000000000E+000  2.008124440407590E-003  7.458661588858571E-002
  2.692338855281007E-002
         532  0.531500000000000        116.646842056996     
  0.000000000000000E+000  2.008124440407590E-003  7.458661588858571E-002
  2.692338855281007E-002
         533  0.532500000000000        116.866309304516     
  0.000000000000000E+000  2.008124440407590E-003  7.458661588858571E-002
  2.692338855281007E-002
         534  0.533500000000000        117.085776552037     
  0.000000000000000E+000  2.008124440407590E-003  7.458661588858571E-002
  2.692338855281007E-002
         535  0.534500000000000        117.305243799557     
  0.000000000000000E+000  2.008124440407590E-003  7.458661588858571E-002
  2.692338855281007E-002
         536  0.535500000000000        117.524711047077     
  0.000000000000000E+000  2.008124440407590E-003  7.458661588858571E-002
  2.692338855281007E-002
         537  0.536500000000000        117.744178294597     
  0.000000000000000E+000  2.008124440407590E-003  7.458661588858571E-002
  2.692338855281007E-002
         538  0.537500000000000        117.963645542117     
  0.000000000000000E+000  2.008124440407590E-003  7.458661588858571E-002
  2.692338855281007E-002
         539  0.538500000000000        118.183112789638     
  0.000000000000000E+000  2.008124440407590E-003  7.458661588858571E-002
  2.692338855281007E-002
         540  0.539500000000000        118.402580037158     
  0.000000000000000E+000  2.008124440407590E-003  7.458661588858571E-002
  2.692338855281007E-002
         541  0.540500000000000        118.622047284678     
  0.000000000000000E+000  2.008124440407590E-003  7.458661588858571E-002
  2.692338855281007E-002
         542  0.541500000000000        118.841514532198     
  0.000000000000000E+000  2.008124440407590E-003  7.458661588858571E-002
  2.692338855281007E-002
         543  0.542500000000000        119.060981779719     
  0.000000000000000E+000  2.008124440407590E-003  7.458661588858571E-002
  2.692338855281007E-002
         544  0.543500000000000        119.280449027239     
  0.000000000000000E+000  2.008124440407590E-003  7.458661588858571E-002
  2.692338855281007E-002
         545  0.544500000000000        119.499916274759     
  0.000000000000000E+000  2.008124440407590E-003  7.458661588858571E-002
  2.692338855281007E-002
         546  0.545500000000000        119.719383522279     
  0.000000000000000E+000  2.008124440407590E-003  7.458661588858571E-002
  2.692338855281007E-002
         547  0.546500000000000        119.938850769799     
  0.000000000000000E+000  2.008124440407590E-003  7.458661588858571E-002
  2.692338855281007E-002
         548  0.547500000000000        120.158318017320     
  0.000000000000000E+000  2.008124440407590E-003  7.458661588858571E-002
  2.692338855281007E-002
         549  0.548500000000000        120.377785264840     
  0.000000000000000E+000  2.008124440407590E-003  7.458661588858571E-002
  2.692338855281007E-002
         550  0.549500000000000        120.597252512360     
  0.000000000000000E+000  2.008124440407590E-003  7.458661588858571E-002
  2.692338855281007E-002
         551  0.550500000000000        120.816719759880     
  0.000000000000000E+000  2.008124440407590E-003  7.458661588858571E-002
  2.692338855281007E-002
         552  0.551500000000000        121.036187007401     
  0.000000000000000E+000  2.008124440407590E-003  7.458661588858571E-002
  2.692338855281007E-002
         553  0.552500000000000        121.255654254921     
  0.000000000000000E+000  2.008124440407590E-003  7.458661588858571E-002
  2.692338855281007E-002
         554  0.553500000000000        121.475121502441     
  0.000000000000000E+000  2.008124440407590E-003  7.458661588858571E-002
  2.692338855281007E-002
         555  0.554500000000000        121.694588749961     
  0.000000000000000E+000  2.008124440407590E-003  7.458661588858571E-002
  2.692338855281007E-002
         556  0.555500000000000        121.914055997481     
  0.000000000000000E+000  2.008124440407590E-003  7.458661588858571E-002
  2.692338855281007E-002
         557  0.556500000000000        122.133523245002     
  0.000000000000000E+000  2.008124440407590E-003  7.458661588858571E-002
  2.692338855281007E-002
         558  0.557500000000000        122.352990492522     
  0.000000000000000E+000  2.008124440407590E-003  7.458661588858571E-002
  2.692338855281007E-002
         559  0.558500000000000        122.572457740042     
  0.000000000000000E+000  2.008124440407590E-003  7.458661588858571E-002
  2.692338855281007E-002
         560  0.559500000000000        122.791924987562     
  0.000000000000000E+000  2.008124440407590E-003  7.458661588858571E-002
  2.692338855281007E-002
         561  0.560500000000000        123.011392235083     
  0.000000000000000E+000  2.008124440407590E-003  7.458661588858571E-002
  2.692338855281007E-002
         562  0.561500000000000        123.230859482603     
  0.000000000000000E+000  2.008124440407590E-003  7.458661588858571E-002
  2.692338855281007E-002
         563  0.562500000000000        123.450326730123     
  0.000000000000000E+000  2.008124440407590E-003  7.458661588858571E-002
  2.692338855281007E-002
         564  0.563500000000000        123.669793977643     
  0.000000000000000E+000  2.008124440407590E-003  7.458661588858571E-002
  2.692338855281007E-002
         565  0.564500000000000        123.889261225163     
  0.000000000000000E+000  2.008124440407590E-003  7.458661588858571E-002
  2.692338855281007E-002
         566  0.565500000000000        124.108728472684     
  0.000000000000000E+000  2.008124440407590E-003  7.458661588858571E-002
  2.692338855281007E-002
         567  0.566500000000000        124.328195720204     
  0.000000000000000E+000  2.008124440407590E-003  7.458661588858571E-002
  2.692338855281007E-002
         568  0.567500000000000        124.547662967724     
  0.000000000000000E+000  2.008124440407590E-003  7.458661588858571E-002
  2.692338855281007E-002
         569  0.568500000000000        124.767130215244     
  0.000000000000000E+000  2.008124440407590E-003  7.458661588858571E-002
  2.692338855281007E-002
         570  0.569500000000000        124.986597462764     
  0.000000000000000E+000  2.008124440407590E-003  7.458661588858571E-002
  2.692338855281007E-002
         571  0.570500000000000        125.206064710285     
  0.000000000000000E+000  2.008124440407590E-003  7.458661588858571E-002
  2.692338855281007E-002
         572  0.571500000000000        125.425531957805     
  0.000000000000000E+000  2.008124440407590E-003  7.458661588858571E-002
  2.692338855281007E-002
         573  0.572500000000000        125.644999205325     
  0.000000000000000E+000  2.008124440407590E-003  7.458661588858571E-002
  2.692338855281007E-002
         574  0.573500000000000        125.864466452845     
  0.000000000000000E+000  2.008124440407590E-003  7.458661588858571E-002
  2.692338855281007E-002
         575  0.574500000000000        126.083933700366     
  0.000000000000000E+000  2.008124440407590E-003  7.458661588858571E-002
  2.692338855281007E-002
         576  0.575500000000000        126.303400947886     
  0.000000000000000E+000  2.008124440407590E-003  7.458661588858571E-002
  2.692338855281007E-002
         577  0.576500000000000        126.522868195406     
  0.000000000000000E+000  2.008124440407590E-003  7.458661588858571E-002
  2.692338855281007E-002
         578  0.577500000000000        126.742335442926     
  0.000000000000000E+000  2.008124440407590E-003  7.458661588858571E-002
  2.692338855281007E-002
         579  0.578500000000000        126.961802690446     
  0.000000000000000E+000  2.008124440407590E-003  7.458661588858571E-002
  2.692338855281007E-002
         580  0.579500000000000        127.181269937967     
  0.000000000000000E+000  2.008124440407590E-003  7.458661588858571E-002
  2.692338855281007E-002
         581  0.580500000000000        127.400737185487     
  0.000000000000000E+000  2.008124440407590E-003  7.458661588858571E-002
  2.692338855281007E-002
         582  0.581500000000000        127.620204433007     
  0.000000000000000E+000  2.008124440407590E-003  7.458661588858571E-002
  2.692338855281007E-002
         583  0.582500000000000        127.839671680527     
  0.000000000000000E+000  2.008124440407590E-003  7.458661588858571E-002
  2.692338855281007E-002
         584  0.583500000000000        128.059138928048     
  0.000000000000000E+000  2.008124440407590E-003  7.458661588858571E-002
  2.692338855281007E-002
         585  0.584500000000000        128.278606175568     
  0.000000000000000E+000  2.008124440407590E-003  7.458661588858571E-002
  2.692338855281007E-002
         586  0.585500000000000        128.498073423088     
  0.000000000000000E+000  2.008124440407590E-003  7.458661588858571E-002
  2.692338855281007E-002
         587  0.586500000000000        128.717540670608     
  0.000000000000000E+000  2.008124440407590E-003  7.458661588858571E-002
  2.692338855281007E-002
         588  0.587500000000000        128.937007918128     
  0.000000000000000E+000  2.008124440407590E-003  7.458661588858571E-002
  2.692338855281007E-002
         589  0.588500000000000        129.156475165649     
  0.000000000000000E+000  2.008124440407590E-003  7.458661588858571E-002
  2.692338855281007E-002
         590  0.589500000000000        129.375942413169     
  0.000000000000000E+000  2.008124440407590E-003  7.458661588858571E-002
  2.692338855281007E-002
         591  0.590500000000000        129.595409660689     
  0.000000000000000E+000  2.008124440407590E-003  7.458661588858571E-002
  2.692338855281007E-002
         592  0.591500000000000        129.814876908209     
  0.000000000000000E+000  2.008124440407590E-003  7.458661588858571E-002
  2.692338855281007E-002
         593  0.592500000000000        130.034344155730     
  0.000000000000000E+000  2.008124440407590E-003  7.458661588858571E-002
  2.692338855281007E-002
         594  0.593500000000000        130.253811403250     
  0.000000000000000E+000  2.008124440407590E-003  7.458661588858571E-002
  2.692338855281007E-002
         595  0.594500000000000        130.473278650770     
  0.000000000000000E+000  2.008124440407590E-003  7.458661588858571E-002
  2.692338855281007E-002
         596  0.595500000000000        130.692745898290     
  0.000000000000000E+000  2.008124440407590E-003  7.458661588858571E-002
  2.692338855281007E-002
         597  0.596500000000000        130.912213145810     
  0.000000000000000E+000  2.008124440407590E-003  7.458661588858571E-002
  2.692338855281007E-002
         598  0.597500000000000        131.131680393331     
  0.000000000000000E+000  2.008124440407590E-003  7.458661588858571E-002
  2.692338855281007E-002
         599  0.598500000000000        131.351147640851     
  0.000000000000000E+000  2.008124440407590E-003  7.458661588858571E-002
  2.692338855281007E-002
         600  0.599500000000000        131.570614888371     
  0.000000000000000E+000  2.008124440407590E-003  7.458661588858571E-002
  2.692338855281007E-002
         601  0.600500000000000        131.790082135891     
  0.000000000000000E+000  2.008124440407590E-003  7.458661588858571E-002
  2.692338855281007E-002
         602  0.601500000000000        132.009549383411     
  0.000000000000000E+000  2.008124440407590E-003  7.458661588858571E-002
  2.692338855281007E-002
         603  0.602500000000000        132.229016630932     
  0.000000000000000E+000  2.008124440407590E-003  7.458661588858571E-002
  2.692338855281007E-002
         604  0.603500000000000        132.448483878452     
  0.000000000000000E+000  2.008124440407590E-003  7.458661588858571E-002
  2.692338855281007E-002
         605  0.604500000000000        132.667951125972     
  0.000000000000000E+000  2.008124440407590E-003  7.458661588858571E-002
  2.692338855281007E-002
         606  0.605500000000000        132.887418373492     
  0.000000000000000E+000  2.008124440407590E-003  7.458661588858571E-002
  2.692338855281007E-002
         607  0.606500000000000        133.106885621013     
  0.000000000000000E+000  2.008124440407590E-003  7.458661588858571E-002
  2.692338855281007E-002
         608  0.607500000000000        133.326352868533     
  0.000000000000000E+000  2.008124440407590E-003  7.458661588858571E-002
  2.692338855281007E-002
         609  0.608500000000000        133.545820116053     
  0.000000000000000E+000  2.008124440407590E-003  7.458661588858571E-002
  2.692338855281007E-002
         610  0.609500000000000        133.765287363573     
  0.000000000000000E+000  2.008124440407590E-003  7.458661588858571E-002
  2.692338855281007E-002
         611  0.610500000000000        133.984754611093     
  0.000000000000000E+000  2.008124440407590E-003  7.458661588858571E-002
  2.692338855281007E-002
         612  0.611500000000000        134.204221858614     
  0.000000000000000E+000  2.008124440407590E-003  7.458661588858571E-002
  2.692338855281007E-002
         613  0.612500000000000        134.423689106134     
  0.000000000000000E+000  2.008124440407590E-003  7.458661588858571E-002
  2.692338855281007E-002
         614  0.613500000000000        134.643156353654     
  0.000000000000000E+000  2.008124440407590E-003  7.458661588858571E-002
  2.692338855281007E-002
         615  0.614500000000000        134.862623601174     
  0.000000000000000E+000  2.008124440407590E-003  7.458661588858571E-002
  2.692338855281007E-002
         616  0.615500000000000        135.082090848695     
  0.000000000000000E+000  2.008124440407590E-003  7.458661588858571E-002
  2.692338855281007E-002
         617  0.616500000000000        135.301558096215     
  0.000000000000000E+000  2.008124440407590E-003  7.458661588858571E-002
  2.692338855281007E-002
         618  0.617500000000000        135.521025343735     
  0.000000000000000E+000  2.008124440407590E-003  7.458661588858571E-002
  2.692338855281007E-002
         619  0.618500000000000        135.740492591255     
  0.000000000000000E+000  2.008124440407590E-003  7.458661588858571E-002
  2.692338855281007E-002
         620  0.619500000000000        135.959959838775     
  0.000000000000000E+000  2.008124440407590E-003  7.458661588858571E-002
  2.692338855281007E-002
         621  0.620500000000000        136.179427086296     
  0.000000000000000E+000  2.008124440407590E-003  7.458661588858571E-002
  2.692338855281007E-002
         622  0.621500000000000        136.398894333816     
  0.000000000000000E+000  2.008124440407590E-003  7.458661588858571E-002
  2.692338855281007E-002
         623  0.622500000000000        136.618361581336     
  0.000000000000000E+000  2.008124440407590E-003  7.458661588858571E-002
  2.692338855281007E-002
         624  0.623500000000000        136.837828828856     
  0.000000000000000E+000  2.008124440407590E-003  7.458661588858571E-002
  2.692338855281007E-002
         625  0.624500000000000        137.057296076377     
  0.000000000000000E+000  2.008124440407590E-003  7.458661588858571E-002
  2.692338855281007E-002
         626  0.625500000000000        137.276763323897     
  0.000000000000000E+000  2.008124440407590E-003  7.458661588858571E-002
  2.692338855281007E-002
         627  0.626500000000000        137.496230571417     
  0.000000000000000E+000  2.008124440407590E-003  7.458661588858571E-002
  2.692338855281007E-002
         628  0.627500000000000        137.715697818937     
  0.000000000000000E+000  2.008124440407590E-003  7.458661588858571E-002
  2.692338855281007E-002
         629  0.628500000000000        137.935165066457     
  0.000000000000000E+000  2.008124440407590E-003  7.458661588858571E-002
  2.692338855281007E-002
         630  0.629500000000000        138.154632313978     
  0.000000000000000E+000  2.008124440407590E-003  7.458661588858571E-002
  2.692338855281007E-002
         631  0.630500000000000        138.374099561498     
  0.000000000000000E+000  2.008124440407590E-003  7.458661588858571E-002
  2.692338855281007E-002
         632  0.631500000000000        138.593566809018     
  0.000000000000000E+000  2.008124440407590E-003  7.458661588858571E-002
  2.692338855281007E-002
         633  0.632500000000000        138.813034056538     
  0.000000000000000E+000  2.008124440407590E-003  7.458661588858571E-002
  2.692338855281007E-002
         634  0.633500000000000        139.032501304058     
  0.000000000000000E+000  2.008124440407590E-003  7.458661588858571E-002
  2.692338855281007E-002
         635  0.634500000000000        139.251968551579     
  0.000000000000000E+000  2.008124440407590E-003  7.458661588858571E-002
  2.692338855281007E-002
         636  0.635500000000000        139.471435799099     
  0.000000000000000E+000  2.008124440407590E-003  7.458661588858571E-002
  2.692338855281007E-002
         637  0.636500000000000        139.690903046619     
  0.000000000000000E+000  2.008124440407590E-003  7.458661588858571E-002
  2.692338855281007E-002
         638  0.637500000000000        139.910370294139     
  0.000000000000000E+000  2.008124440407590E-003  7.458661588858571E-002
  2.692338855281007E-002
         639  0.638500000000000        140.129837541660     
  0.000000000000000E+000  2.008124440407590E-003  7.458661588858571E-002
  2.692338855281007E-002
         640  0.639500000000000        140.349304789180     
  0.000000000000000E+000  2.008124440407590E-003  7.458661588858571E-002
  2.692338855281007E-002
         641  0.640500000000000        140.568772036700     
  0.000000000000000E+000  2.008124440407590E-003  7.458661588858571E-002
  2.692338855281007E-002
         642  0.641500000000000        140.788239284220     
  0.000000000000000E+000  2.008124440407590E-003  7.458661588858571E-002
  2.692338855281007E-002
         643  0.642500000000000        141.007706531740     
  0.000000000000000E+000  2.008124440407590E-003  7.458661588858571E-002
  2.692338855281007E-002
         644  0.643500000000000        141.227173779261     
  0.000000000000000E+000  2.008124440407590E-003  7.458661588858571E-002
  2.692338855281007E-002
         645  0.644500000000000        141.446641026781     
  0.000000000000000E+000  2.008124440407590E-003  7.458661588858571E-002
  2.692338855281007E-002
         646  0.645500000000000        141.666108274301     
  0.000000000000000E+000  2.008124440407590E-003  7.458661588858571E-002
  2.692338855281007E-002
         647  0.646500000000000        141.885575521821     
  0.000000000000000E+000  2.008124440407590E-003  7.458661588858571E-002
  2.692338855281007E-002
         648  0.647500000000000        142.105042769342     
  0.000000000000000E+000  2.008124440407590E-003  7.458661588858571E-002
  2.692338855281007E-002
         649  0.648500000000000        142.324510016862     
  0.000000000000000E+000  2.008124440407590E-003  7.458661588858571E-002
  2.692338855281007E-002
         650  0.649500000000000        142.543977264382     
  0.000000000000000E+000  2.008124440407590E-003  7.458661588858571E-002
  2.692338855281007E-002
         651  0.650500000000000        142.763444511902     
  0.000000000000000E+000  2.008124440407590E-003  7.458661588858571E-002
  2.692338855281007E-002
         652  0.651500000000000        142.982911759422     
  0.000000000000000E+000  2.008124440407590E-003  7.458661588858571E-002
  2.692338855281007E-002
         653  0.652500000000000        143.202379006943     
  0.000000000000000E+000  2.008124440407590E-003  7.458661588858571E-002
  2.692338855281007E-002
         654  0.653500000000000        143.421846254463     
  0.000000000000000E+000  2.008124440407590E-003  7.458661588858571E-002
  2.692338855281007E-002
         655  0.654500000000000        143.641313501983     
  0.000000000000000E+000  2.008124440407590E-003  7.458661588858571E-002
  2.692338855281007E-002
         656  0.655500000000000        143.860780749503     
  0.000000000000000E+000  2.008124440407590E-003  7.458661588858571E-002
  2.692338855281007E-002
         657  0.656500000000000        144.080247997023     
  0.000000000000000E+000  2.008124440407590E-003  7.458661588858571E-002
  2.692338855281007E-002
         658  0.657500000000000        144.299715244544     
  0.000000000000000E+000  2.008124440407590E-003  7.458661588858571E-002
  2.692338855281007E-002
         659  0.658500000000000        144.519182492064     
  0.000000000000000E+000  2.008124440407590E-003  7.458661588858571E-002
  2.692338855281007E-002
         660  0.659500000000000        144.738649739584     
  0.000000000000000E+000  2.008124440407590E-003  7.458661588858571E-002
  2.692338855281007E-002
         661  0.660500000000000        144.958116987104     
  0.000000000000000E+000  2.008124440407590E-003  7.458661588858571E-002
  2.692338855281007E-002
         662  0.661500000000000        145.177584234625     
  0.000000000000000E+000  2.008124440407590E-003  7.458661588858571E-002
  2.692338855281007E-002
         663  0.662500000000000        145.397051482145     
  0.000000000000000E+000  2.008124440407590E-003  7.458661588858571E-002
  2.692338855281007E-002
         664  0.663500000000000        145.616518729665     
  0.000000000000000E+000  2.008124440407590E-003  7.458661588858571E-002
  2.692338855281007E-002
         665  0.664500000000000        145.835985977185     
  0.000000000000000E+000  2.008124440407590E-003  7.458661588858571E-002
  2.692338855281007E-002
         666  0.665500000000000        146.055453224705     
  0.000000000000000E+000  2.008124440407590E-003  7.458661588858571E-002
  2.692338855281007E-002
         667  0.666500000000000        146.274920472226     
  0.000000000000000E+000  2.008124440407590E-003  7.458661588858571E-002
  2.692338855281007E-002
         668  0.667500000000000        146.494387719746     
  0.000000000000000E+000  2.008124440407590E-003  7.458661588858571E-002
  2.692338855281007E-002
         669  0.668500000000000        146.713854967266     
  0.000000000000000E+000  2.008124440407590E-003  7.458661588858571E-002
  2.692338855281007E-002
         670  0.669500000000000        146.933322214786     
  0.000000000000000E+000  2.008124440407590E-003  7.458661588858571E-002
  2.692338855281007E-002
         671  0.670500000000000        147.152789462307     
  0.000000000000000E+000  2.008124440407590E-003  7.458661588858571E-002
  2.692338855281007E-002
         672  0.671500000000000        147.372256709827     
  0.000000000000000E+000  2.008124440407590E-003  7.458661588858571E-002
  2.692338855281007E-002
         673  0.672500000000000        147.591723957347     
  0.000000000000000E+000  2.008124440407590E-003  7.458661588858571E-002
  2.692338855281007E-002
         674  0.673500000000000        147.811191204867     
  0.000000000000000E+000  2.008124440407590E-003  7.458661588858571E-002
  2.692338855281007E-002
         675  0.674500000000000        148.030658452387     
  0.000000000000000E+000  2.008124440407590E-003  7.458661588858571E-002
  2.692338855281007E-002
         676  0.675500000000000        148.250125699908     
  0.000000000000000E+000  2.008124440407590E-003  7.458661588858571E-002
  2.692338855281007E-002
         677  0.676500000000000        148.469592947428     
  0.000000000000000E+000  2.008124440407590E-003  7.458661588858571E-002
  2.692338855281007E-002
         678  0.677500000000000        148.689060194948     
  0.000000000000000E+000  2.008124440407590E-003  7.458661588858571E-002
  2.692338855281007E-002
         679  0.678500000000000        148.908527442468     
  0.000000000000000E+000  2.008124440407590E-003  7.458661588858571E-002
  2.692338855281007E-002
         680  0.679500000000000        149.127994689989     
  0.000000000000000E+000  2.008124440407590E-003  7.458661588858571E-002
  2.692338855281007E-002
         681  0.680500000000000        149.347461937509     
  0.000000000000000E+000  2.008124440407590E-003  7.458661588858571E-002
  2.692338855281007E-002
         682  0.681500000000000        149.566929185029     
  0.000000000000000E+000  2.008124440407590E-003  7.458661588858571E-002
  2.692338855281007E-002
         683  0.682500000000000        149.786396432549     
  0.000000000000000E+000  2.008124440407590E-003  7.458661588858571E-002
  2.692338855281007E-002
         684  0.683500000000000        150.005863680069     
  0.000000000000000E+000  2.008124440407590E-003  7.458661588858571E-002
  2.692338855281007E-002
         685  0.684500000000000        150.225330927590     
  0.000000000000000E+000  2.008124440407590E-003  7.458661588858571E-002
  2.692338855281007E-002
         686  0.685500000000000        150.444798175110     
  0.000000000000000E+000  2.008124440407590E-003  7.458661588858571E-002
  2.692338855281007E-002
         687  0.686500000000000        150.664265422630     
  0.000000000000000E+000  2.008124440407590E-003  7.458661588858571E-002
  2.692338855281007E-002
         688  0.687500000000000        150.883732670150     
  0.000000000000000E+000  2.008124440407590E-003  7.458661588858571E-002
  2.692338855281007E-002
         689  0.688500000000000        151.103199917671     
  0.000000000000000E+000  2.008124440407590E-003  7.458661588858571E-002
  2.692338855281007E-002
         690  0.689500000000000        151.322667165191     
  0.000000000000000E+000  2.008124440407590E-003  7.458661588858571E-002
  2.692338855281007E-002
         691  0.690500000000000        151.542134412711     
  0.000000000000000E+000  2.008124440407590E-003  7.458661588858571E-002
  2.692338855281007E-002
         692  0.691500000000000        151.761601660231     
  0.000000000000000E+000  2.008124440407590E-003  7.458661588858571E-002
  2.692338855281007E-002
         693  0.692500000000000        151.981068907751     
  0.000000000000000E+000  2.008124440407590E-003  7.458661588858571E-002
  2.692338855281007E-002
         694  0.693500000000000        152.200536155272     
  0.000000000000000E+000  2.008124440407590E-003  7.458661588858571E-002
  2.692338855281007E-002
         695  0.694500000000000        152.420003402792     
  0.000000000000000E+000  2.008124440407590E-003  7.458661588858571E-002
  2.692338855281007E-002
         696  0.695500000000000        152.639470650312     
  0.000000000000000E+000  2.008124440407590E-003  7.458661588858571E-002
  2.692338855281007E-002
         697  0.696500000000000        152.858937897832     
  0.000000000000000E+000  2.008124440407590E-003  7.458661588858571E-002
  2.692338855281007E-002
         698  0.697500000000000        153.078405145352     
  0.000000000000000E+000  2.008124440407590E-003  7.458661588858571E-002
  2.692338855281007E-002
         699  0.698500000000000        153.297872392873     
  0.000000000000000E+000  2.008124440407590E-003  7.458661588858571E-002
  2.692338855281007E-002
         700  0.699500000000000        153.517339640393     
  0.000000000000000E+000  2.008124440407590E-003  7.458661588858571E-002
  2.692338855281007E-002
         701  0.700500000000000        153.736806887913     
  0.000000000000000E+000  2.008124440407590E-003  7.458661588858571E-002
  2.692338855281007E-002
         702  0.701500000000000        153.956274135433     
  0.000000000000000E+000  2.008124440407590E-003  7.458661588858571E-002
  2.692338855281007E-002
         703  0.702500000000000        154.175741382954     
  0.000000000000000E+000  2.008124440407590E-003  7.458661588858571E-002
  2.692338855281007E-002
         704  0.703500000000000        154.395208630474     
  0.000000000000000E+000  2.008124440407590E-003  7.458661588858571E-002
  2.692338855281007E-002
         705  0.704500000000000        154.614675877994     
  0.000000000000000E+000  2.008124440407590E-003  7.458661588858571E-002
  2.692338855281007E-002
         706  0.705500000000000        154.834143125514     
  0.000000000000000E+000  2.008124440407590E-003  7.458661588858571E-002
  2.692338855281007E-002
         707  0.706500000000000        155.053610373034     
  0.000000000000000E+000  2.008124440407590E-003  7.458661588858571E-002
  2.692338855281007E-002
         708  0.707500000000000        155.273077620555     
  0.000000000000000E+000  2.008124440407590E-003  7.458661588858571E-002
  2.692338855281007E-002
         709  0.708500000000000        155.492544868075     
  0.000000000000000E+000  2.008124440407590E-003  7.458661588858571E-002
  2.692338855281007E-002
         710  0.709500000000000        155.712012115595     
  0.000000000000000E+000  2.008124440407590E-003  7.458661588858571E-002
  2.692338855281007E-002
         711  0.710500000000000        155.931479363115     
  0.000000000000000E+000  2.008124440407590E-003  7.458661588858571E-002
  2.692338855281007E-002
         712  0.711500000000000        156.150946610636     
  0.000000000000000E+000  2.008124440407590E-003  7.458661588858571E-002
  2.692338855281007E-002
         713  0.712500000000000        156.370413858156     
  0.000000000000000E+000  2.008124440407590E-003  7.458661588858571E-002
  2.692338855281007E-002
         714  0.713500000000000        156.589881105676     
  0.000000000000000E+000  2.008124440407590E-003  7.458661588858571E-002
  2.692338855281007E-002
         715  0.714500000000000        156.809348353196     
  0.000000000000000E+000  2.008124440407590E-003  7.458661588858571E-002
  2.692338855281007E-002
         716  0.715500000000000        157.028815600716     
  0.000000000000000E+000  2.008124440407590E-003  7.458661588858571E-002
  2.692338855281007E-002
         717  0.716500000000000        157.248282848237     
  0.000000000000000E+000  2.008124440407590E-003  7.458661588858571E-002
  2.692338855281007E-002
         718  0.717500000000000        157.467750095757     
  0.000000000000000E+000  2.008124440407590E-003  7.458661588858571E-002
  2.692338855281007E-002
         719  0.718500000000000        157.687217343277     
  0.000000000000000E+000  2.008124440407590E-003  7.458661588858571E-002
  2.692338855281007E-002
         720  0.719500000000000        157.906684590797     
  0.000000000000000E+000  2.008124440407590E-003  7.458661588858571E-002
  2.692338855281007E-002
         721  0.720500000000000        158.126151838317     
  0.000000000000000E+000  2.008124440407590E-003  7.458661588858571E-002
  2.692338855281007E-002
         722  0.721500000000000        158.345619085838     
  0.000000000000000E+000  2.008124440407590E-003  7.458661588858571E-002
  2.692338855281007E-002
         723  0.722500000000000        158.565086333358     
  0.000000000000000E+000  2.008124440407590E-003  7.458661588858571E-002
  2.692338855281007E-002
         724  0.723500000000000        158.784553580878     
  0.000000000000000E+000  2.008124440407590E-003  7.458661588858571E-002
  2.692338855281007E-002
         725  0.724500000000000        159.004020828398     
  0.000000000000000E+000  2.008124440407590E-003  7.458661588858571E-002
  2.692338855281007E-002
         726  0.725500000000000        159.223488075919     
  0.000000000000000E+000  2.008124440407590E-003  7.458661588858571E-002
  2.692338855281007E-002
         727  0.726500000000000        159.442955323439     
  0.000000000000000E+000  2.008124440407590E-003  7.458661588858571E-002
  2.692338855281007E-002
         728  0.727500000000000        159.662422570959     
  0.000000000000000E+000  2.008124440407590E-003  7.458661588858571E-002
  2.692338855281007E-002
         729  0.728500000000000        159.881889818479     
  0.000000000000000E+000  2.008124440407590E-003  7.458661588858571E-002
  2.692338855281007E-002
         730  0.729500000000000        160.101357065999     
  0.000000000000000E+000  2.008124440407590E-003  7.458661588858571E-002
  2.692338855281007E-002
         731  0.730500000000000        160.320824313520     
  0.000000000000000E+000  2.008124440407590E-003  7.458661588858571E-002
  2.692338855281007E-002
         732  0.731500000000000        160.540291561040     
  0.000000000000000E+000  2.008124440407590E-003  7.458661588858571E-002
  2.692338855281007E-002
         733  0.732500000000000        160.759758808560     
  0.000000000000000E+000  2.008124440407590E-003  7.458661588858571E-002
  2.692338855281007E-002
         734  0.733500000000000        160.979226056080     
  0.000000000000000E+000  2.008124440407590E-003  7.458661588858571E-002
  2.692338855281007E-002
         735  0.734500000000000        161.198693303601     
  0.000000000000000E+000  2.008124440407590E-003  7.458661588858571E-002
  2.692338855281007E-002
         736  0.735500000000000        161.418160551121     
  0.000000000000000E+000  2.008124440407590E-003  7.458661588858571E-002
  2.692338855281007E-002
         737  0.736500000000000        161.637627798641     
  0.000000000000000E+000  2.008124440407590E-003  7.458661588858571E-002
  2.692338855281007E-002
         738  0.737500000000000        161.857095046161     
  0.000000000000000E+000  2.008124440407590E-003  7.458661588858571E-002
  2.692338855281007E-002
         739  0.738500000000000        162.076562293681     
  0.000000000000000E+000  2.008124440407590E-003  7.458661588858571E-002
  2.692338855281007E-002
         740  0.739500000000000        162.296029541202     
  0.000000000000000E+000  2.008124440407590E-003  7.458661588858571E-002
  2.692338855281007E-002
         741  0.740500000000000        162.515496788722     
  0.000000000000000E+000  2.008124440407590E-003  7.458661588858571E-002
  2.692338855281007E-002
         742  0.741500000000000        162.734964036242     
  0.000000000000000E+000  2.008124440407590E-003  7.458661588858571E-002
  2.692338855281007E-002
         743  0.742500000000000        162.954431283762     
  0.000000000000000E+000  2.008124440407590E-003  7.458661588858571E-002
  2.692338855281007E-002
         744  0.743500000000000        163.173898531283     
  0.000000000000000E+000  2.008124440407590E-003  7.458661588858571E-002
  2.692338855281007E-002
         745  0.744500000000000        163.393365778803     
  0.000000000000000E+000  2.008124440407590E-003  7.458661588858571E-002
  2.692338855281007E-002
         746  0.745500000000000        163.612833026323     
  0.000000000000000E+000  2.008124440407590E-003  7.458661588858571E-002
  2.692338855281007E-002
         747  0.746500000000000        163.832300273843     
  0.000000000000000E+000  2.008124440407590E-003  7.458661588858571E-002
  2.692338855281007E-002
         748  0.747500000000000        164.051767521363     
  0.000000000000000E+000  2.008124440407590E-003  7.458661588858571E-002
  2.692338855281007E-002
         749  0.748500000000000        164.271234768884     
  0.000000000000000E+000  2.008124440407590E-003  7.458661588858571E-002
  2.692338855281007E-002
         750  0.749500000000000        164.490702016404     
  0.000000000000000E+000  2.008124440407590E-003  7.458661588858571E-002
  2.692338855281007E-002
         751  0.750500000000000        164.710169263924     
  0.000000000000000E+000  2.008124440407590E-003  7.458661588858571E-002
  2.692338855281007E-002
         752  0.751500000000000        164.929636511444     
  0.000000000000000E+000  2.008124440407590E-003  7.458661588858571E-002
  2.692338855281007E-002
         753  0.752500000000000        165.149103758964     
  0.000000000000000E+000  2.008124440407590E-003  7.458661588858571E-002
  2.692338855281007E-002
         754  0.753500000000000        165.368571006485     
  0.000000000000000E+000  2.008124440407590E-003  7.458661588858571E-002
  2.692338855281007E-002
         755  0.754500000000000        165.588038254005     
  0.000000000000000E+000  2.008124440407590E-003  7.458661588858571E-002
  2.692338855281007E-002
         756  0.755500000000000        165.807505501525     
  0.000000000000000E+000  2.008124440407590E-003  7.458661588858571E-002
  2.692338855281007E-002
         757  0.756500000000000        166.026972749045     
  0.000000000000000E+000  2.008124440407590E-003  7.458661588858571E-002
  2.692338855281007E-002
         758  0.757500000000000        166.246439996566     
  0.000000000000000E+000  2.008124440407590E-003  7.458661588858571E-002
  2.692338855281007E-002
         759  0.758500000000000        166.465907244086     
  0.000000000000000E+000  2.008124440407590E-003  7.458661588858571E-002
  2.692338855281007E-002
         760  0.759500000000000        166.685374491606     
  0.000000000000000E+000  2.008124440407590E-003  7.458661588858571E-002
  2.692338855281007E-002
         761  0.760500000000000        166.904841739126     
  0.000000000000000E+000  2.008124440407590E-003  7.458661588858571E-002
  2.692338855281007E-002
         762  0.761500000000000        167.124308986646     
  0.000000000000000E+000  2.008124440407590E-003  7.458661588858571E-002
  2.692338855281007E-002
         763  0.762500000000000        167.343776234167     
  0.000000000000000E+000  2.008124440407590E-003  7.458661588858571E-002
  2.692338855281007E-002
         764  0.763500000000000        167.563243481687     
  0.000000000000000E+000  2.008124440407590E-003  7.458661588858571E-002
  2.692338855281007E-002
         765  0.764500000000000        167.782710729207     
  0.000000000000000E+000  2.008124440407590E-003  7.458661588858571E-002
  2.692338855281007E-002
         766  0.765500000000000        168.002177976727     
  0.000000000000000E+000  2.008124440407590E-003  7.458661588858571E-002
  2.692338855281007E-002
         767  0.766500000000000        168.221645224248     
  0.000000000000000E+000  2.008124440407590E-003  7.458661588858571E-002
  2.692338855281007E-002
         768  0.767500000000000        168.441112471768     
  0.000000000000000E+000  2.008124440407590E-003  7.458661588858571E-002
  2.692338855281007E-002
         769  0.768500000000000        168.660579719288     
  0.000000000000000E+000  2.008124440407590E-003  7.458661588858571E-002
  2.692338855281007E-002
         770  0.769500000000000        168.880046966808     
  0.000000000000000E+000  2.008124440407590E-003  7.458661588858571E-002
  2.692338855281007E-002
         771  0.770500000000000        169.099514214328     
  0.000000000000000E+000  2.008124440407590E-003  7.458661588858571E-002
  2.692338855281007E-002
         772  0.771500000000000        169.318981461849     
  0.000000000000000E+000  2.008124440407590E-003  7.458661588858571E-002
  2.692338855281007E-002
         773  0.772500000000000        169.538448709369     
  0.000000000000000E+000  2.008124440407590E-003  7.458661588858571E-002
  2.692338855281007E-002
         774  0.773500000000000        169.757915956889     
  0.000000000000000E+000  2.008124440407590E-003  7.458661588858571E-002
  2.692338855281007E-002
         775  0.774500000000000        169.977383204409     
  0.000000000000000E+000  2.008124440407590E-003  7.458661588858571E-002
  2.692338855281007E-002
         776  0.775500000000000        170.196850451930     
  0.000000000000000E+000  2.008124440407590E-003  7.458661588858571E-002
  2.692338855281007E-002
         777  0.776500000000000        170.416317699450     
  0.000000000000000E+000  2.008124440407590E-003  7.458661588858571E-002
  2.692338855281007E-002
         778  0.777500000000000        170.635784946970     
  0.000000000000000E+000  2.008124440407590E-003  7.458661588858571E-002
  2.692338855281007E-002
         779  0.778500000000000        170.855252194490     
  0.000000000000000E+000  2.008124440407590E-003  7.458661588858571E-002
  2.692338855281007E-002
         780  0.779500000000000        171.074719442010     
  0.000000000000000E+000  2.008124440407590E-003  7.458661588858571E-002
  2.692338855281007E-002
         781  0.780500000000000        171.294186689531     
  0.000000000000000E+000  2.008124440407590E-003  7.458661588858571E-002
  2.692338855281007E-002
         782  0.781500000000000        171.513653937051     
  0.000000000000000E+000  2.008124440407590E-003  7.458661588858571E-002
  2.692338855281007E-002
         783  0.782500000000000        171.733121184571     
  0.000000000000000E+000  2.008124440407590E-003  7.458661588858571E-002
  2.692338855281007E-002
         784  0.783500000000000        171.952588432091     
  0.000000000000000E+000  2.008124440407590E-003  7.458661588858571E-002
  2.692338855281007E-002
         785  0.784500000000000        172.172055679611     
  0.000000000000000E+000  2.008124440407590E-003  7.458661588858571E-002
  2.692338855281007E-002
         786  0.785500000000000        172.391522927132     
  0.000000000000000E+000  2.008124440407590E-003  7.458661588858571E-002
  2.692338855281007E-002
         787  0.786500000000000        172.610990174652     
  0.000000000000000E+000  2.008124440407590E-003  7.458661588858571E-002
  2.692338855281007E-002
         788  0.787500000000000        172.830457422172     
  0.000000000000000E+000  2.008124440407590E-003  7.458661588858571E-002
  2.692338855281007E-002
         789  0.788500000000000        173.049924669692     
  0.000000000000000E+000  2.008124440407590E-003  7.458661588858571E-002
  2.692338855281007E-002
         790  0.789500000000000        173.269391917213     
  0.000000000000000E+000  2.008124440407590E-003  7.458661588858571E-002
  2.692338855281007E-002
         791  0.790500000000000        173.488859164733     
  0.000000000000000E+000  2.008124440407590E-003  7.458661588858571E-002
  2.692338855281007E-002
         792  0.791500000000000        173.708326412253     
  0.000000000000000E+000  2.008124440407590E-003  7.458661588858571E-002
  2.692338855281007E-002
         793  0.792500000000000        173.927793659773     
  0.000000000000000E+000  2.008124440407590E-003  7.458661588858571E-002
  2.692338855281007E-002
         794  0.793500000000000        174.147260907293     
  0.000000000000000E+000  2.008124440407590E-003  7.458661588858571E-002
  2.692338855281007E-002
         795  0.794500000000000        174.366728154814     
  0.000000000000000E+000  2.008124440407590E-003  7.458661588858571E-002
  2.692338855281007E-002
         796  0.795500000000000        174.586195402334     
  0.000000000000000E+000  2.008124440407590E-003  7.458661588858571E-002
  2.692338855281007E-002
         797  0.796500000000000        174.805662649854     
  0.000000000000000E+000  2.008124440407590E-003  7.458661588858571E-002
  2.692338855281007E-002
         798  0.797500000000000        175.025129897374     
  0.000000000000000E+000  2.008124440407590E-003  7.458661588858571E-002
  2.692338855281007E-002
         799  0.798500000000000        175.244597144895     
  0.000000000000000E+000  2.008124440407590E-003  7.458661588858571E-002
  2.692338855281007E-002
         800  0.799500000000000        175.464064392415     
  0.000000000000000E+000  2.008124440407590E-003  7.458661588858571E-002
  2.692338855281007E-002
         801  0.800500000000000        175.683531639935     
  0.000000000000000E+000  2.008124440407590E-003  7.458661588858571E-002
  2.692338855281007E-002
         802  0.801500000000000        175.902998887455     
  0.000000000000000E+000  2.008124440407590E-003  7.458661588858571E-002
  2.692338855281007E-002
         803  0.802500000000000        176.122466134975     
  0.000000000000000E+000  2.008124440407590E-003  7.458661588858571E-002
  2.692338855281007E-002
         804  0.803500000000000        176.341933382496     
  0.000000000000000E+000  2.008124440407590E-003  7.458661588858571E-002
  2.692338855281007E-002
         805  0.804500000000000        176.561400630016     
  0.000000000000000E+000  2.008124440407590E-003  7.458661588858571E-002
  2.692338855281007E-002
         806  0.805500000000000        176.780867877536     
  0.000000000000000E+000  2.008124440407590E-003  7.458661588858571E-002
  2.692338855281007E-002
         807  0.806500000000000        177.000335125056     
  0.000000000000000E+000  2.008124440407590E-003  7.458661588858571E-002
  2.692338855281007E-002
         808  0.807500000000000        177.219802372577     
  0.000000000000000E+000  2.008124440407590E-003  7.458661588858571E-002
  2.692338855281007E-002
         809  0.808500000000000        177.439269620097     
  0.000000000000000E+000  2.008124440407590E-003  7.458661588858571E-002
  2.692338855281007E-002
         810  0.809500000000000        177.658736867617     
  0.000000000000000E+000  2.008124440407590E-003  7.458661588858571E-002
  2.692338855281007E-002
         811  0.810500000000000        177.878204115137     
  0.000000000000000E+000  2.008124440407590E-003  7.458661588858571E-002
  2.692338855281007E-002
         812  0.811500000000000        178.097671362657     
  0.000000000000000E+000  2.008124440407590E-003  7.458661588858571E-002
  2.692338855281007E-002
         813  0.812500000000000        178.317138610178     
  0.000000000000000E+000  2.008124440407590E-003  7.458661588858571E-002
  2.692338855281007E-002
         814  0.813500000000000        178.536605857698     
  0.000000000000000E+000  2.008124440407590E-003  7.458661588858571E-002
  2.692338855281007E-002
         815  0.814500000000000        178.756073105218     
  0.000000000000000E+000  2.008124440407590E-003  7.458661588858571E-002
  2.692338855281007E-002
         816  0.815500000000000        178.975540352738     
  0.000000000000000E+000  2.008124440407590E-003  7.458661588858571E-002
  2.692338855281007E-002
         817  0.816500000000000        179.195007600258     
  0.000000000000000E+000  2.008124440407590E-003  7.458661588858571E-002
  2.692338855281007E-002
         818  0.817500000000000        179.414474847779     
  0.000000000000000E+000  2.008124440407590E-003  7.458661588858571E-002
  2.692338855281007E-002
         819  0.818500000000000        179.633942095299     
  0.000000000000000E+000  2.008124440407590E-003  7.458661588858571E-002
  2.692338855281007E-002
         820  0.819500000000000        179.853409342819     
  0.000000000000000E+000  2.008124440407590E-003  7.458661588858571E-002
  2.692338855281007E-002
         821  0.820500000000000        180.072876590339     
  0.000000000000000E+000  2.008124440407590E-003  7.458661588858571E-002
  2.692338855281007E-002
         822  0.821500000000000        180.292343837860     
  0.000000000000000E+000  2.008124440407590E-003  7.458661588858571E-002
  2.692338855281007E-002
         823  0.822500000000000        180.511811085380     
  0.000000000000000E+000  2.008124440407590E-003  7.458661588858571E-002
  2.692338855281007E-002
         824  0.823500000000000        180.731278332900     
  0.000000000000000E+000  2.008124440407590E-003  7.458661588858571E-002
  2.692338855281007E-002
         825  0.824500000000000        180.950745580420     
  0.000000000000000E+000  2.008124440407590E-003  7.458661588858571E-002
  2.692338855281007E-002
         826  0.825500000000000        181.170212827940     
  0.000000000000000E+000  2.008124440407590E-003  7.458661588858571E-002
  2.692338855281007E-002
         827  0.826500000000000        181.389680075461     
  0.000000000000000E+000  2.008124440407590E-003  7.458661588858571E-002
  2.692338855281007E-002
         828  0.827500000000000        181.609147322981     
  0.000000000000000E+000  2.008124440407590E-003  7.458661588858571E-002
  2.692338855281007E-002
         829  0.828500000000000        181.828614570501     
  0.000000000000000E+000  2.008124440407590E-003  7.458661588858571E-002
  2.692338855281007E-002
         830  0.829500000000000        182.048081818021     
  0.000000000000000E+000  2.008124440407590E-003  7.458661588858571E-002
  2.692338855281007E-002
         831  0.830500000000000        182.267549065542     
  0.000000000000000E+000  2.008124440407590E-003  7.458661588858571E-002
  2.692338855281007E-002
         832  0.831500000000000        182.487016313062     
  0.000000000000000E+000  2.008124440407590E-003  7.458661588858571E-002
  2.692338855281007E-002
         833  0.832500000000000        182.706483560582     
  0.000000000000000E+000  2.008124440407590E-003  7.458661588858571E-002
  2.692338855281007E-002
         834  0.833500000000000        182.925950808102     
  0.000000000000000E+000  2.008124440407590E-003  7.458661588858571E-002
  2.692338855281007E-002
         835  0.834500000000000        183.145418055622     
  0.000000000000000E+000  2.008124440407590E-003  7.458661588858571E-002
  2.692338855281007E-002
         836  0.835500000000000        183.364885303143     
  0.000000000000000E+000  2.008124440407590E-003  7.458661588858571E-002
  2.692338855281007E-002
         837  0.836500000000000        183.584352550663     
  0.000000000000000E+000  2.008124440407590E-003  7.458661588858571E-002
  2.692338855281007E-002
         838  0.837500000000000        183.803819798183     
  0.000000000000000E+000  2.008124440407590E-003  7.458661588858571E-002
  2.692338855281007E-002
         839  0.838500000000000        184.023287045703     
  0.000000000000000E+000  2.008124440407590E-003  7.458661588858571E-002
  2.692338855281007E-002
         840  0.839500000000000        184.242754293223     
  0.000000000000000E+000  2.008124440407590E-003  7.458661588858571E-002
  2.692338855281007E-002
         841  0.840500000000000        184.462221540744     
  0.000000000000000E+000  2.008124440407590E-003  7.458661588858571E-002
  2.692338855281007E-002
         842  0.841500000000000        184.681688788264     
  0.000000000000000E+000  2.008124440407590E-003  7.458661588858571E-002
  2.692338855281007E-002
         843  0.842500000000000        184.901156035784     
  0.000000000000000E+000  2.008124440407590E-003  7.458661588858571E-002
  2.692338855281007E-002
         844  0.843500000000000        185.120623283304     
  0.000000000000000E+000  2.008124440407590E-003  7.458661588858571E-002
  2.692338855281007E-002
         845  0.844500000000000        185.340090530825     
  0.000000000000000E+000  2.008124440407590E-003  7.458661588858571E-002
  2.692338855281007E-002
         846  0.845500000000000        185.559557778345     
  0.000000000000000E+000  2.008124440407590E-003  7.458661588858571E-002
  2.692338855281007E-002
         847  0.846500000000000        185.779025025865     
  0.000000000000000E+000  2.008124440407590E-003  7.458661588858571E-002
  2.692338855281007E-002
         848  0.847500000000000        185.998492273385     
  0.000000000000000E+000  2.008124440407590E-003  7.458661588858571E-002
  2.692338855281007E-002
         849  0.848500000000000        186.217959520905     
  0.000000000000000E+000  2.008124440407590E-003  7.458661588858571E-002
  2.692338855281007E-002
         850  0.849500000000000        186.437426768426     
  0.000000000000000E+000  2.008124440407590E-003  7.458661588858571E-002
  2.692338855281007E-002
         851  0.850500000000000        186.656894015946     
  0.000000000000000E+000  2.008124440407590E-003  7.458661588858571E-002
  2.692338855281007E-002
         852  0.851500000000000        186.876361263466     
  0.000000000000000E+000  2.008124440407590E-003  7.458661588858571E-002
  2.692338855281007E-002
         853  0.852500000000000        187.095828510986     
  0.000000000000000E+000  2.008124440407590E-003  7.458661588858571E-002
  2.692338855281007E-002
         854  0.853500000000000        187.315295758507     
  0.000000000000000E+000  2.008124440407590E-003  7.458661588858571E-002
  2.692338855281007E-002
         855  0.854500000000000        187.534763006027     
  0.000000000000000E+000  2.008124440407590E-003  7.458661588858571E-002
  2.692338855281007E-002
         856  0.855500000000000        187.754230253547     
  0.000000000000000E+000  2.008124440407590E-003  7.458661588858571E-002
  2.692338855281007E-002
         857  0.856500000000000        187.973697501067     
  0.000000000000000E+000  2.008124440407590E-003  7.458661588858571E-002
  2.692338855281007E-002
         858  0.857500000000000        188.193164748587     
  0.000000000000000E+000  2.008124440407590E-003  7.458661588858571E-002
  2.692338855281007E-002
         859  0.858500000000000        188.412631996108     
  0.000000000000000E+000  2.008124440407590E-003  7.458661588858571E-002
  2.692338855281007E-002
         860  0.859500000000000        188.632099243628     
  0.000000000000000E+000  2.008124440407590E-003  7.458661588858571E-002
  2.692338855281007E-002
         861  0.860500000000000        188.851566491148     
  0.000000000000000E+000  2.008124440407590E-003  7.458661588858571E-002
  2.692338855281007E-002
         862  0.861500000000000        189.071033738668     
  0.000000000000000E+000  2.008124440407590E-003  7.458661588858571E-002
  2.692338855281007E-002
         863  0.862500000000000        189.290500986189     
  0.000000000000000E+000  2.008124440407590E-003  7.458661588858571E-002
  2.692338855281007E-002
         864  0.863500000000000        189.509968233709     
  0.000000000000000E+000  2.008124440407590E-003  7.458661588858571E-002
  2.692338855281007E-002
         865  0.864500000000000        189.729435481229     
  0.000000000000000E+000  2.008124440407590E-003  7.458661588858571E-002
  2.692338855281007E-002
         866  0.865500000000000        189.948902728749     
  0.000000000000000E+000  2.008124440407590E-003  7.458661588858571E-002
  2.692338855281007E-002
         867  0.866500000000000        190.168369976269     
  0.000000000000000E+000  2.008124440407590E-003  7.458661588858571E-002
  2.692338855281007E-002
         868  0.867500000000000        190.387837223790     
  0.000000000000000E+000  2.008124440407590E-003  7.458661588858571E-002
  2.692338855281007E-002
         869  0.868500000000000        190.607304471310     
  0.000000000000000E+000  2.008124440407590E-003  7.458661588858571E-002
  2.692338855281007E-002
         870  0.869500000000000        190.826771718830     
  0.000000000000000E+000  2.008124440407590E-003  7.458661588858571E-002
  2.692338855281007E-002
         871  0.870500000000000        191.046238966350     
  0.000000000000000E+000  2.008124440407590E-003  7.458661588858571E-002
  2.692338855281007E-002
         872  0.871500000000000        191.265706213870     
  0.000000000000000E+000  2.008124440407590E-003  7.458661588858571E-002
  2.692338855281007E-002
         873  0.872500000000000        191.485173461391     
  0.000000000000000E+000  2.008124440407590E-003  7.458661588858571E-002
  2.692338855281007E-002
         874  0.873500000000000        191.704640708911     
  0.000000000000000E+000  2.008124440407590E-003  7.458661588858571E-002
  2.692338855281007E-002
         875  0.874500000000000        191.924107956431     
  0.000000000000000E+000  2.008124440407590E-003  7.458661588858571E-002
  2.692338855281007E-002
         876  0.875500000000000        192.143575203951     
  0.000000000000000E+000  2.008124440407590E-003  7.458661588858571E-002
  2.692338855281007E-002
         877  0.876500000000000        192.363042451472     
  0.000000000000000E+000  2.008124440407590E-003  7.458661588858571E-002
  2.692338855281007E-002
         878  0.877500000000000        192.582509698992     
  0.000000000000000E+000  2.008124440407590E-003  7.458661588858571E-002
  2.692338855281007E-002
         879  0.878500000000000        192.801976946512     
  0.000000000000000E+000  2.008124440407590E-003  7.458661588858571E-002
  2.692338855281007E-002
         880  0.879500000000000        193.021444194032     
  0.000000000000000E+000  2.008124440407590E-003  7.458661588858571E-002
  2.692338855281007E-002
         881  0.880500000000000        193.240911441552     
  0.000000000000000E+000  2.008124440407590E-003  7.458661588858571E-002
  2.692338855281007E-002
         882  0.881500000000000        193.460378689073     
  0.000000000000000E+000  2.008124440407590E-003  7.458661588858571E-002
  2.692338855281007E-002
         883  0.882500000000000        193.679845936593     
  0.000000000000000E+000  2.008124440407590E-003  7.458661588858571E-002
  2.692338855281007E-002
         884  0.883500000000000        193.899313184113     
  0.000000000000000E+000  2.008124440407590E-003  7.458661588858571E-002
  2.692338855281007E-002
         885  0.884500000000000        194.118780431633     
  0.000000000000000E+000  2.008124440407590E-003  7.458661588858571E-002
  2.692338855281007E-002
         886  0.885500000000000        194.338247679154     
  0.000000000000000E+000  2.008124440407590E-003  7.458661588858571E-002
  2.692338855281007E-002
         887  0.886500000000000        194.557714926674     
  0.000000000000000E+000  2.008124440407590E-003  7.458661588858571E-002
  2.692338855281007E-002
         888  0.887500000000000        194.777182174194     
  0.000000000000000E+000  2.008124440407590E-003  7.458661588858571E-002
  2.692338855281007E-002
         889  0.888500000000000        194.996649421714     
  0.000000000000000E+000  2.008124440407590E-003  7.458661588858571E-002
  2.692338855281007E-002
         890  0.889500000000000        195.216116669234     
  0.000000000000000E+000  2.008124440407590E-003  7.458661588858571E-002
  2.692338855281007E-002
         891  0.890500000000000        195.435583916755     
  0.000000000000000E+000  2.008124440407590E-003  7.458661588858571E-002
  2.692338855281007E-002
         892  0.891500000000000        195.655051164275     
  0.000000000000000E+000  2.008124440407590E-003  7.458661588858571E-002
  2.692338855281007E-002
         893  0.892500000000000        195.874518411795     
  0.000000000000000E+000  2.008124440407590E-003  7.458661588858571E-002
  2.692338855281007E-002
         894  0.893500000000000        196.093985659315     
  0.000000000000000E+000  2.008124440407590E-003  7.458661588858571E-002
  2.692338855281007E-002
         895  0.894500000000000        196.313452906836     
  0.000000000000000E+000  2.008124440407590E-003  7.458661588858571E-002
  2.692338855281007E-002
         896  0.895500000000000        196.532920154356     
  0.000000000000000E+000  2.008124440407590E-003  7.458661588858571E-002
  2.692338855281007E-002
         897  0.896500000000000        196.752387401876     
  0.000000000000000E+000  2.008124440407590E-003  7.458661588858571E-002
  2.692338855281007E-002
         898  0.897500000000000        196.971854649396     
  0.000000000000000E+000  2.008124440407590E-003  7.458661588858571E-002
  2.692338855281007E-002
         899  0.898500000000000        197.191321896916     
  0.000000000000000E+000  2.008124440407590E-003  7.458661588858571E-002
  2.692338855281007E-002
         900  0.899500000000000        197.410789144437     
  0.000000000000000E+000  2.008124440407590E-003  7.458661588858571E-002
  2.692338855281007E-002
         901  0.900500000000000        197.630256391957     
  0.000000000000000E+000  2.008124440407590E-003  7.458661588858571E-002
  2.692338855281007E-002
         902  0.901500000000000        197.849723639477     
  0.000000000000000E+000  2.008124440407590E-003  7.458661588858571E-002
  2.692338855281007E-002
         903  0.902500000000000        198.069190886997     
  0.000000000000000E+000  2.008124440407590E-003  7.458661588858571E-002
  2.692338855281007E-002
         904  0.903500000000000        198.288658134518     
  0.000000000000000E+000  2.008124440407590E-003  7.458661588858571E-002
  2.692338855281007E-002
         905  0.904500000000000        198.508125382038     
  0.000000000000000E+000  2.008124440407590E-003  7.458661588858571E-002
  2.692338855281007E-002
         906  0.905500000000000        198.727592629558     
  0.000000000000000E+000  2.008124440407590E-003  7.458661588858571E-002
  2.692338855281007E-002
         907  0.906500000000000        198.947059877078     
  0.000000000000000E+000  2.008124440407590E-003  7.458661588858571E-002
  2.692338855281007E-002
         908  0.907500000000000        199.166527124598     
  0.000000000000000E+000  2.008124440407590E-003  7.458661588858571E-002
  2.692338855281007E-002
         909  0.908500000000000        199.385994372119     
  0.000000000000000E+000  2.008124440407590E-003  7.458661588858571E-002
  2.692338855281007E-002
         910  0.909500000000000        199.605461619639     
  0.000000000000000E+000  2.008124440407590E-003  7.458661588858571E-002
  2.692338855281007E-002
         911  0.910500000000000        199.824928867159     
  0.000000000000000E+000  2.008124440407590E-003  7.458661588858571E-002
  2.692338855281007E-002
         912  0.911500000000000        200.044396114679     
  0.000000000000000E+000  2.008124440407590E-003  7.458661588858571E-002
  2.692338855281007E-002
         913  0.912500000000000        200.263863362199     
  0.000000000000000E+000  2.008124440407590E-003  7.458661588858571E-002
  2.692338855281007E-002
         914  0.913500000000000        200.483330609720     
  0.000000000000000E+000  2.008124440407590E-003  7.458661588858571E-002
  2.692338855281007E-002
         915  0.914500000000000        200.702797857240     
  0.000000000000000E+000  2.008124440407590E-003  7.458661588858571E-002
  2.692338855281007E-002
         916  0.915500000000000        200.922265104760     
  0.000000000000000E+000  2.008124440407590E-003  7.458661588858571E-002
  2.692338855281007E-002
         917  0.916500000000000        201.141732352280     
  0.000000000000000E+000  2.008124440407590E-003  7.458661588858571E-002
  2.692338855281007E-002
         918  0.917500000000000        201.361199599801     
  0.000000000000000E+000  2.008124440407590E-003  7.458661588858571E-002
  2.692338855281007E-002
         919  0.918500000000000        201.580666847321     
  0.000000000000000E+000  2.008124440407590E-003  7.458661588858571E-002
  2.692338855281007E-002
         920  0.919500000000000        201.800134094841     
  0.000000000000000E+000  2.008124440407590E-003  7.458661588858571E-002
  2.692338855281007E-002
         921  0.920500000000000        202.019601342361     
  0.000000000000000E+000  2.008124440407590E-003  7.458661588858571E-002
  2.692338855281007E-002
         922  0.921500000000000        202.239068589881     
  0.000000000000000E+000  2.008124440407590E-003  7.458661588858571E-002
  2.692338855281007E-002
         923  0.922500000000000        202.458535837402     
  0.000000000000000E+000  2.008124440407590E-003  7.458661588858571E-002
  2.692338855281007E-002
         924  0.923500000000000        202.678003084922     
  0.000000000000000E+000  2.008124440407590E-003  7.458661588858571E-002
  2.692338855281007E-002
         925  0.924500000000000        202.897470332442     
  0.000000000000000E+000  2.008124440407590E-003  7.458661588858571E-002
  2.692338855281007E-002
         926  0.925500000000000        203.116937579962     
  0.000000000000000E+000  2.008124440407590E-003  7.458661588858571E-002
  2.692338855281007E-002
         927  0.926500000000000        203.336404827483     
  0.000000000000000E+000  2.008124440407590E-003  7.458661588858571E-002
  2.692338855281007E-002
         928  0.927500000000000        203.555872075003     
  0.000000000000000E+000  2.008124440407590E-003  7.458661588858571E-002
  2.692338855281007E-002
         929  0.928500000000000        203.775339322523     
  0.000000000000000E+000  2.008124440407590E-003  7.458661588858571E-002
  2.692338855281007E-002
         930  0.929500000000000        203.994806570043     
  0.000000000000000E+000  2.008124440407590E-003  7.458661588858571E-002
  2.692338855281007E-002
         931  0.930500000000000        204.214273817563     
  0.000000000000000E+000  2.008124440407590E-003  7.458661588858571E-002
  2.692338855281007E-002
         932  0.931500000000000        204.433741065084     
  0.000000000000000E+000  2.008124440407590E-003  7.458661588858571E-002
  2.692338855281007E-002
         933  0.932500000000000        204.653208312604     
  0.000000000000000E+000  2.008124440407590E-003  7.458661588858571E-002
  2.692338855281007E-002
         934  0.933500000000000        204.872675560124     
  0.000000000000000E+000  2.008124440407590E-003  7.458661588858571E-002
  2.692338855281007E-002
         935  0.934500000000000        205.092142807644     
  0.000000000000000E+000  2.008124440407590E-003  7.458661588858571E-002
  2.692338855281007E-002
         936  0.935500000000000        205.311610055164     
  0.000000000000000E+000  2.008124440407590E-003  7.458661588858571E-002
  2.692338855281007E-002
         937  0.936500000000000        205.531077302685     
  0.000000000000000E+000  2.008124440407590E-003  7.458661588858571E-002
  2.692338855281007E-002
         938  0.937500000000000        205.750544550205     
  0.000000000000000E+000  2.008124440407590E-003  7.458661588858571E-002
  2.692338855281007E-002
         939  0.938500000000000        205.970011797725     
  0.000000000000000E+000  2.008124440407590E-003  7.458661588858571E-002
  2.692338855281007E-002
         940  0.939500000000000        206.189479045245     
  0.000000000000000E+000  2.008124440407590E-003  7.458661588858571E-002
  2.692338855281007E-002
         941  0.940500000000000        206.408946292766     
  0.000000000000000E+000  2.008124440407590E-003  7.458661588858571E-002
  2.692338855281007E-002
         942  0.941500000000000        206.628413540286     
  0.000000000000000E+000  2.008124440407590E-003  7.458661588858571E-002
  2.692338855281007E-002
         943  0.942500000000000        206.847880787806     
  0.000000000000000E+000  2.008124440407590E-003  7.458661588858571E-002
  2.692338855281007E-002
         944  0.943500000000000        207.067348035326     
  0.000000000000000E+000  2.008124440407590E-003  7.458661588858571E-002
  2.692338855281007E-002
         945  0.944500000000000        207.286815282846     
  0.000000000000000E+000  2.008124440407590E-003  7.458661588858571E-002
  2.692338855281007E-002
         946  0.945500000000000        207.506282530367     
  0.000000000000000E+000  2.008124440407590E-003  7.458661588858571E-002
  2.692338855281007E-002
         947  0.946500000000000        207.725749777887     
  0.000000000000000E+000  2.008124440407590E-003  7.458661588858571E-002
  2.692338855281007E-002
         948  0.947500000000000        207.945217025407     
  0.000000000000000E+000  2.008124440407590E-003  7.458661588858571E-002
  2.692338855281007E-002
         949  0.948500000000000        208.164684272927     
  0.000000000000000E+000  2.008124440407590E-003  7.458661588858571E-002
  2.692338855281007E-002
         950  0.949500000000000        208.384151520448     
  0.000000000000000E+000  2.008124440407590E-003  7.458661588858571E-002
  2.692338855281007E-002
         951  0.950500000000000        208.603618767968     
  0.000000000000000E+000  2.008124440407590E-003  7.458661588858571E-002
  2.692338855281007E-002
         952  0.951500000000000        208.823086015488     
  0.000000000000000E+000  2.008124440407590E-003  7.458661588858571E-002
  2.692338855281007E-002
         953  0.952500000000000        209.042553263008     
  0.000000000000000E+000  2.008124440407590E-003  7.458661588858571E-002
  2.692338855281007E-002
         954  0.953500000000000        209.262020510528     
  0.000000000000000E+000  2.008124440407590E-003  7.458661588858571E-002
  2.692338855281007E-002
         955  0.954500000000000        209.481487758049     
  0.000000000000000E+000  2.008124440407590E-003  7.458661588858571E-002
  2.692338855281007E-002
         956  0.955500000000000        209.700955005569     
  0.000000000000000E+000  2.008124440407590E-003  7.458661588858571E-002
  2.692338855281007E-002
         957  0.956500000000000        209.920422253089     
  0.000000000000000E+000  2.008124440407590E-003  7.458661588858571E-002
  2.692338855281007E-002
         958  0.957500000000000        210.139889500609     
  0.000000000000000E+000  2.008124440407590E-003  7.458661588858571E-002
  2.692338855281007E-002
         959  0.958500000000000        210.359356748129     
  0.000000000000000E+000  2.008124440407590E-003  7.458661588858571E-002
  2.692338855281007E-002
         960  0.959500000000000        210.578823995650     
  0.000000000000000E+000  2.008124440407590E-003  7.458661588858571E-002
  2.692338855281007E-002
         961  0.960500000000000        210.798291243170     
  0.000000000000000E+000  2.008124440407590E-003  7.458661588858571E-002
  2.692338855281007E-002
         962  0.961500000000000        211.017758490690     
  0.000000000000000E+000  2.008124440407590E-003  7.458661588858571E-002
  2.692338855281007E-002
         963  0.962500000000000        211.237225738210     
  0.000000000000000E+000  2.008124440407590E-003  7.458661588858571E-002
  2.692338855281007E-002
         964  0.963500000000000        211.456692985731     
  0.000000000000000E+000  2.008124440407590E-003  7.458661588858571E-002
  2.692338855281007E-002
         965  0.964500000000000        211.676160233251     
  0.000000000000000E+000  2.008124440407590E-003  7.458661588858571E-002
  2.692338855281007E-002
         966  0.965500000000000        211.895627480771     
  0.000000000000000E+000  2.008124440407590E-003  7.458661588858571E-002
  2.692338855281007E-002
         967  0.966500000000000        212.115094728291     
  0.000000000000000E+000  2.008124440407590E-003  7.458661588858571E-002
  2.692338855281007E-002
         968  0.967500000000000        212.334561975811     
  0.000000000000000E+000  2.008124440407590E-003  7.458661588858571E-002
  2.692338855281007E-002
         969  0.968500000000000        212.554029223332     
  0.000000000000000E+000  2.008124440407590E-003  7.458661588858571E-002
  2.692338855281007E-002
         970  0.969500000000000        212.773496470852     
  0.000000000000000E+000  2.008124440407590E-003  7.458661588858571E-002
  2.692338855281007E-002
         971  0.970500000000000        212.992963718372     
  0.000000000000000E+000  2.008124440407590E-003  7.458661588858571E-002
  2.692338855281007E-002
         972  0.971500000000000        213.212430965892     
  0.000000000000000E+000  2.008124440407590E-003  7.458661588858571E-002
  2.692338855281007E-002
         973  0.972500000000000        213.431898213413     
  0.000000000000000E+000  2.008124440407590E-003  7.458661588858571E-002
  2.692338855281007E-002
         974  0.973500000000000        213.651365460933     
  0.000000000000000E+000  2.008124440407590E-003  7.458661588858571E-002
  2.692338855281007E-002
         975  0.974500000000000        213.870832708453     
  0.000000000000000E+000  2.008124440407590E-003  7.458661588858571E-002
  2.692338855281007E-002
         976  0.975500000000000        214.090299955973     
  0.000000000000000E+000  2.008124440407590E-003  7.458661588858571E-002
  2.692338855281007E-002
         977  0.976500000000000        214.309767203493     
  0.000000000000000E+000  2.008124440407590E-003  7.458661588858571E-002
  2.692338855281007E-002
         978  0.977500000000000        214.529234451014     
  0.000000000000000E+000  2.008124440407590E-003  7.458661588858571E-002
  2.692338855281007E-002
         979  0.978500000000000        214.748701698534     
  0.000000000000000E+000  2.008124440407590E-003  7.458661588858571E-002
  2.692338855281007E-002
         980  0.979500000000000        214.968168946054     
  0.000000000000000E+000  2.008124440407590E-003  7.458661588858571E-002
  2.692338855281007E-002
         981  0.980500000000000        215.187636193574     
  0.000000000000000E+000  2.008124440407590E-003  7.458661588858571E-002
  2.692338855281007E-002
         982  0.981500000000000        215.407103441095     
  0.000000000000000E+000  2.008124440407590E-003  7.458661588858571E-002
  2.692338855281007E-002
         983  0.982500000000000        215.626570688615     
  0.000000000000000E+000  2.008124440407590E-003  7.458661588858571E-002
  2.692338855281007E-002
         984  0.983500000000000        215.846037936135     
  0.000000000000000E+000  2.008124440407590E-003  7.458661588858571E-002
  2.692338855281007E-002
         985  0.984500000000000        216.065505183655     
  0.000000000000000E+000  2.008124440407590E-003  7.458661588858571E-002
  2.692338855281007E-002
         986  0.985500000000000        216.284972431175     
  0.000000000000000E+000  2.008124440407590E-003  7.458661588858571E-002
  2.692338855281007E-002
         987  0.986500000000000        216.504439678696     
  0.000000000000000E+000  2.008124440407590E-003  7.458661588858571E-002
  2.692338855281007E-002
         988  0.987500000000000        216.723906926216     
  0.000000000000000E+000  2.008124440407590E-003  7.458661588858571E-002
  2.692338855281007E-002
         989  0.988500000000000        216.943374173736     
  0.000000000000000E+000  2.008124440407590E-003  7.458661588858571E-002
  2.692338855281007E-002
         990  0.989500000000000        217.162841421256     
  0.000000000000000E+000  2.008124440407590E-003  7.458661588858571E-002
  2.692338855281007E-002
         991  0.990500000000000        217.382308668777     
  0.000000000000000E+000  2.008124440407590E-003  7.458661588858571E-002
  2.692338855281007E-002
         992  0.991500000000000        217.601775916297     
  0.000000000000000E+000  2.008124440407590E-003  7.458661588858571E-002
  2.692338855281007E-002
         993  0.992500000000000        217.821243163817     
  0.000000000000000E+000  2.008124440407590E-003  7.458661588858571E-002
  2.692338855281007E-002
         994  0.993500000000000        218.040710411337     
  0.000000000000000E+000  2.008124440407590E-003  7.458661588858571E-002
  2.692338855281007E-002
         995  0.994500000000000        218.260177658857     
  0.000000000000000E+000  2.008124440407590E-003  7.458661588858571E-002
  2.692338855281007E-002
         996  0.995500000000000        218.479644906378     
  0.000000000000000E+000  2.008124440407590E-003  7.458661588858571E-002
  2.692338855281007E-002
         997  0.996500000000000        218.699112153898     
  0.000000000000000E+000  2.008124440407590E-003  7.458661588858571E-002
  2.692338855281007E-002
         998  0.997500000000000        218.918579401418     
  0.000000000000000E+000  2.008124440407590E-003  7.458661588858571E-002
  2.692338855281007E-002
         999  0.998500000000000        219.138046648938     
  0.000000000000000E+000  2.008124440407590E-003  7.458661588858571E-002
  2.692338855281007E-002
        1000  0.999500000000000        219.357513896458     
  0.000000000000000E+000  2.008124440407590E-003  7.458661588858571E-002
  2.692338855281007E-002
           5  2.008124440407590E-003  7.458661588858571E-002
  6.923246558155695E-002
 ------------------------------------------------------------------
 pencil beam path setup
 ------------------------------------------------------------------
 Pow_NBI=   30.0000000000000       Icur_NBI=  1.872425415054300E+020  lambda_NBI
 =   5.00000000000000     
 NBI_model=           2
 i_NBI_max=           7
 NBI_center=  0.000000000000000E+000  NBI_del_height=  0.100000000000000     
 ***************************
 i_NBI=           1
 ***************************
 i_NBI=           1
 z_NBI=   5.36656314599949       Rmaj_NBI=   6.20000000000000       h_NBI=
  0.000000000000000E+000
 z1m=   2.57371513724571       z2m=   5.36656314599949       z3m=
   8.15941115475328       z4m=   10.7331262919990     
 rho_hat=  0.000000000000000E+000
     2.57371513724571          2.57371513724571          8.15941115475328       
   8.15941115475328     
 rho_hat=  2.000000000000000E-002
     2.50621631388280          2.70282442007310          8.03030187192589       
   8.22690997811618     
 rho_hat=  4.000000000000000E-002
     2.44000612451503          2.83744946725747          7.89567682474151       
   8.29312016748396     
 rho_hat=  6.000000000000000E-002
     2.37499900662357          2.97852294533285          7.75460334666614       
   8.35812728537542     
 rho_hat=  8.000000000000000E-002
     2.31111817022264          3.12726325540869          7.60586303659030       
   8.42200812177635     
 rho_hat=  0.100000000000000     
     2.24829439555479          3.28531352137490          7.44781277062408       
   8.48483189644420     
 rho_hat=  0.120000000000000     
     2.18646503430545          3.45498160183247          7.27814469016652       
   8.54666125769354     
 rho_hat=  0.140000000000000     
     2.12557317378421          3.63968851244905          7.09343777954994       
   8.60755311821477     
 rho_hat=  0.160000000000000     
     2.06556693273296          3.84490089700992          6.88822539498906       
   8.66755935926603     
 rho_hat=  0.180000000000000     
     2.00639886430135          4.08039674929960          6.65272954269939       
   8.72672742769764     
 rho_hat=  0.200000000000000     
     1.94802544692405          4.36736346625576          6.36576282574323       
   8.78510084507493     
 rho_hat=  0.220000000000000     
     1.89040664779634          4.77666145927535          5.95646483272364       
   8.84271964420265     
 rho_hat=  0.240000000000000     
     1.83350554669546          4.82156406343146          5.91156222856753       
   8.89962074530353     
 rho_hat=  0.260000000000000     
     1.77728801026526          4.39876977962422          6.33435651237477       
   8.95583828173373     
 rho_hat=  0.280000000000000     
     1.72172240873813          4.11324116023526          6.61988513176373       
   9.01140388326086     
 rho_hat=  0.300000000000000     
     1.66677936853358          3.88345829468250          6.84966799731649       
   9.06634692346541     
 rho_hat=  0.320000000000000     
     1.61243155533835          3.68639172617353          7.04673456582546       
   9.12069473666064     
 rho_hat=  0.340000000000000     
     1.55865348320548          3.51158497901208          7.22154131298691       
   9.17447280879351     
 rho_hat=  0.360000000000000     
     1.50542134596158          3.35323157867135          7.37989471332764       
   9.22770494603741     
 rho_hat=  0.380000000000000     
     1.45271286782073          3.20770789378827          7.52541839821072       
   9.28041342417826     
 rho_hat=  0.400000000000000     
     1.40050717060026          3.07257099256915          7.66055529942984       
   9.33261912139873     
 rho_hat=  0.420000000000000     
     1.34878465534076          2.94608054949110          7.78704574250789       
   9.38434163665823     
 rho_hat=  0.440000000000000     
     1.29752689646816          2.82694427695635          7.90618201504264       
   9.43559939553083     
 rho_hat=  0.460000000000000     
     1.24671654691355          2.71417101812700          8.01895527387199       
   9.48640974508544     
 rho_hat=  0.480000000000000     
     1.19633725283735          2.60698056886940          8.12614572312959       
   9.53678903916164     
 rho_hat=  0.500000000000000     
     1.14637357679766          2.50474554174866          8.22838075025033       
   9.58675271520133     
 rho_hat=  0.520000000000000     
     1.09681092836438          2.40695236077790          8.32617393122109       
   9.63631536363461     
 rho_hat=  0.540000000000000     
     1.04763550131731          2.31317420909676          8.41995208290223       
   9.68549079068168     
 rho_hat=  0.560000000000000     
    0.998834216681652          2.22305173358184          8.51007455841714       
   9.73429207531734     
 rho_hat=  0.580000000000000     
    0.950394670952376          2.13627894797604          8.59684734402295       
   9.78273162104661     
 rho_hat=  0.600000000000000     
    0.902305088942309          2.05259271764622          8.68053357435277       
   9.83082120305668     
 rho_hat=  0.620000000000000     
    0.854554280759976          1.97176477201614          8.76136151998285       
   9.87857201123901     
 rho_hat=  0.640000000000000     
    0.807131602484447          1.89359553889458          8.83953075310440       
   9.92599468951454     
 rho_hat=  0.660000000000000     
    0.760026920156913          1.81790931672846          8.91521697527053       
   9.97309937184207     
 rho_hat=  0.680000000000000     
    0.713230576754094          1.74455044585611          8.98857584614288       
   10.0198957152449     
 rho_hat=  0.700000000000000     
    0.666733361847734          1.67338023690875          9.05974605509024       
   10.0663929301513     
 rho_hat=  0.720000000000000     
    0.620526483688510          1.60427448083835          9.12885181116063       
   10.1125998083105     
 rho_hat=  0.740000000000000     
    0.574601543482212          1.53712141122927          9.19600488076972       
   10.1585247485168     
 rho_hat=  0.760000000000000     
    0.528950511651844          1.47182002224922          9.26130626974976       
   10.2041757803471     
 rho_hat=  0.780000000000000     
    0.483565705901866          1.40827866910802          9.32484762289097       
   10.2495605860971     
 rho_hat=  0.800000000000000     
    0.438439770920499          1.34641389503878          9.38671239696021       
   10.2946865210785     
 rho_hat=  0.820000000000000     
    0.393565659573427          1.28614944148374          9.44697685051525       
   10.3395606324256     
 rho_hat=  0.840000000000000     
    0.348936615457391          1.22741540763595          9.50571088436303       
   10.3841896765416     
 rho_hat=  0.860000000000000     
    0.304546156695723          1.17014753264564          9.56297875935335       
   10.4285801353033     
 rho_hat=  0.880000000000000     
    0.260388060869723          1.11428657926492          9.61883971273407       
   10.4727382311293     
 rho_hat=  0.900000000000000     
    0.216456350990287          1.05977780191744          9.67334849008155       
   10.5166699410087     
 rho_hat=  0.920000000000000     
    0.172745282423605          1.00657048545521          9.72655580654378       
   10.5603810095754     
 rho_hat=  0.940000000000000     
    0.129249330693026         0.954617543433661          9.77850874856533       
   10.6038769613060     
 rho_hat=  0.960000000000000     
    8.596318008653014E-002    0.903875166765454          9.82925112523353       
   10.6471631119125     
 rho_hat=  0.980000000000000     
    4.288171300596844E-002    0.854302515229149          9.87882377676984       
   10.6902445789930     
 rho_hat=   1.00000000000000     
    0.000000000000000E+000    0.805861445602942          9.92726484639605       
   10.7331262919990     
 ------------------------------------------------------------------
 check  1.440327242349462E+019 =?  1.440327242349458E+019
 rmin     z_path      I_path
 start pathe 1
   2.00000000000000         0.000000000000000E+000    1.440327242349462E+019
   1.96000000000000         4.288171300596844E-002    1.427921550043098E+019
   1.92000000000000         8.596318008653014E-002    1.415516981980536E+019
   1.88000000000000         0.129249330693026         1.403114451048464E+019
   1.84000000000000         0.172745282423605         1.390714827886684E+019
   1.80000000000000         0.216456350990287         1.378318939941501E+019
   1.76000000000000         0.260388060869723         1.365927570460022E+019
   1.72000000000000         0.304546156695723         1.353541457419178E+019
   1.68000000000000         0.348936615457391         1.341161292382613E+019
   1.64000000000000         0.393565659573427         1.328787719277971E+019
   1.60000000000000         0.438439770920499         1.316421333086284E+019
   1.56000000000000         0.483565705901866         1.304062678434286E+019
   1.52000000000000         0.528950511651844         1.291712248079494E+019
   1.48000000000000         0.574601543482212         1.279370481276763E+019
   1.44000000000000         0.620526483688510         1.267037762013784E+019
   1.40000000000000         0.666733361847734         1.254714417101446E+019
   1.36000000000000         0.713230576754094         1.242400714103517E+019
   1.32000000000000         0.760026920156913         1.230096859088087E+019
   1.28000000000000         0.807131602484447         1.217802994181131E+019
   1.24000000000000         0.854554280759976         1.205519194900076E+019
   1.20000000000000         0.902305088942309         1.193245467242542E+019
   1.16000000000000         0.950394670952376         1.180981744502067E+019
   1.12000000000000         0.998834216681652         1.168727883779023E+019
   1.08000000000000          1.04763550131731         1.156483662150535E+019
   1.04000000000000          1.09681092836438         1.144248772458265E+019
   1.00000000000000          1.14637357679766         1.132022818667095E+019
  0.960000000000000          1.19633725283735         1.119805310740943E+019
  0.920000000000000          1.24671654691355         1.107595658974009E+019
  0.880000000000000          1.29752689646816         1.095393167706417E+019
  0.840000000000000          1.34878465534076         1.083197028342185E+019
  0.800000000000000          1.40050717060026         1.071006311574424E+019
  0.760000000000000          1.45271286782073         1.058819958707215E+019
  0.720000000000000          1.50542134596158         1.046636771945106E+019
  0.680000000000000          1.55865348320548         1.034455403499059E+019
  0.640000000000000          1.61243155533835         1.022274343331160E+019
  0.600000000000000          1.66677936853358         1.010091905328051E+019
  0.560000000000000          1.72172240873813         9.979062116541899E+018
  0.520000000000000          1.77728801026526         9.857151749882466E+018
  0.480000000000000          1.83350554669546         9.735164782874028E+018
  0.440000000000000          1.89040664779634         9.613075516521454E+018
  0.400000000000000          1.94802544692405         9.490855457743423E+018
  0.360000000000000          2.00639886430135         9.368473013391772E+018
  0.320000000000000          2.06556693273296         9.245893136104518E+018
  0.280000000000000          2.12557317378421         9.123076912496423E+018
  0.240000000000000          2.18646503430545         8.999981081905649E+018
  0.200000000000000          2.24829439555479         8.876557470968274E+018
  0.160000000000000          2.31111817022264         8.752752325465825E+018
  0.120000000000000          2.37499900662357         8.628505515867516E+018
  8.000000000000000E-002     2.44000612451503         8.503749586333134E+018
  4.000000000000000E-002     2.50621631388280         8.378408608021602E+018
 start path 2
  4.000000000000000E-002     2.70282442007310         8.143784380084828E+018
  8.000000000000000E-002     2.83744946725747         7.906156669072568E+018
  0.120000000000000          2.97852294533285         7.664626424254220E+018
  0.160000000000000          3.12726325540869         7.418018283502976E+018
  0.200000000000000          3.28531352137490         7.164745174665780E+018
  0.240000000000000          3.45498160183247         6.902573976129188E+018
  0.280000000000000          3.63968851244905         6.628186695286957E+018
  0.320000000000000          3.84490089700992         6.336265841697880E+018
  0.360000000000000          4.08039674929960         6.017266730742796E+018
  0.400000000000000          4.36736346625576         5.650420800911214E+018
  0.440000000000000          4.77666145927535         5.165906846193341E+018
  0.480000000000000          4.82156406343146         5.115390892480459E+018
  0.520000000000000          4.39876977962422         4.663707313739665E+018
  0.560000000000000          4.11324116023526         4.381723347532643E+018
  0.600000000000000          3.88345829468250         4.167446441460689E+018
  0.640000000000000          3.68639172617353         3.992239818188906E+018
  0.680000000000000          3.51158497901208         3.843175969551746E+018
  0.720000000000000          3.35323157867135         3.713117439996831E+018
  0.760000000000000          3.20770789378827         3.597635650080729E+018
  0.800000000000000          3.07257099256915         3.493762325015001E+018
  0.840000000000000          2.94608054949110         3.399395244216636E+018
  0.880000000000000          2.82694427695635         3.312982569774027E+018
  0.920000000000000          2.71417101812700         3.233341108832689E+018
  0.960000000000000          2.60698056886940         3.159545020523073E+018
   1.00000000000000          2.50474554174866         3.090854239309250E+018
   1.04000000000000          2.40695236077790         3.026666567750731E+018
   1.08000000000000          2.31317420909676         2.966484530804264E+018
   1.12000000000000          2.22305173358184         2.909891792044263E+018
   1.16000000000000          2.13627894797604         2.856535966170580E+018
   1.20000000000000          2.05259271764622         2.806115830145978E+018
   1.24000000000000          1.97176477201614         2.758371632765102E+018
   1.28000000000000          1.89359553889458         2.713077633288817E+018
   1.32000000000000          1.81790931672846         2.670036273901959E+018
   1.36000000000000          1.74455044585611         2.629073569779975E+018
   1.40000000000000          1.67338023690875         2.590035420213705E+018
   1.44000000000000          1.60427448083835         2.552784625904478E+018
   1.48000000000000          1.53712141122927         2.517198454322099E+018
   1.52000000000000          1.47182002224922         2.483166635171862E+018
   1.56000000000000          1.40827866910802         2.450589696852763E+018
   1.60000000000000          1.34641389503878         2.419377575791056E+018
   1.64000000000000          1.28614944148374         2.389448446027601E+018
   1.68000000000000          1.22741540763595         2.360727728005887E+018
   1.72000000000000          1.17014753264564         2.333147244239609E+018
   1.76000000000000          1.11428657926492         2.306644496197652E+018
   1.80000000000000          1.05977780191744         2.281162041870058E+018
   1.84000000000000          1.00657048545521         2.256646957459724E+018
   1.88000000000000         0.954617543433661         2.233050369761547E+018
   1.92000000000000         0.903875166765454         2.210327048250649E+018
   1.96000000000000         0.854302515229149         2.188435047856422E+018
 start path 3
   1.96000000000000          9.87882377676984         2.166759874959122E+018
   1.92000000000000          9.82925112523353         2.144711119614267E+018
   1.88000000000000          9.77850874856533         2.122284986960269E+018
   1.84000000000000          9.72655580654378         2.099477314974169E+018
   1.80000000000000          9.67334849008155         2.076283522051661E+018
   1.76000000000000          9.61883971273407         2.052698547213721E+018
   1.72000000000000          9.56297875935335         2.028716781639122E+018
   1.68000000000000          9.50571088436303         2.004331989940334E+018
   1.64000000000000          9.44697685051525         1.979537219245498E+018
   1.60000000000000          9.38671239696021         1.954324693700077E+018
   1.56000000000000          9.32484762289097         1.928685691427567E+018
   1.52000000000000          9.26130626974976         1.902610400249943E+018
   1.48000000000000          9.19600488076972         1.876087747508047E+018
   1.44000000000000          9.12885181116063         1.849105198063717E+018
   1.40000000000000          9.05974605509024         1.821648512896927E+018
   1.36000000000000          8.98857584614288         1.793701458477700E+018
   1.32000000000000          8.91521697527053         1.765245454064187E+018
   1.28000000000000          8.83953075310440         1.736259139920669E+018
   1.24000000000000          8.76136151998285         1.706717843659776E+018
   1.20000000000000          8.68053357435277         1.676592913726440E+018
   1.16000000000000          8.59684734402295         1.645850877266386E+018
   1.12000000000000          8.51007455841714         1.614452362368416E+018
   1.08000000000000          8.41995208290223         1.582350698856610E+018
   1.04000000000000          8.32617393122109         1.549490072283906E+018
   1.00000000000000          8.22838075025033         1.515803043658935E+018
  0.960000000000000          8.12614572312959         1.481207146874564E+018
  0.920000000000000          8.01895527387199         1.445600107402006E+018
  0.880000000000000          7.90618201504264         1.408852932542697E+018
  0.840000000000000          7.78704574250789         1.370799588854615E+018
  0.800000000000000          7.66055529942984         1.331220953010858E+018
  0.760000000000000          7.52541839821072         1.289818605546286E+018
  0.720000000000000          7.37989471332764         1.246169313252890E+018
  0.680000000000000          7.22154131298691         1.199639344526894E+018
  0.640000000000000          7.04673456582546         1.149204441127185E+018
  0.600000000000000          6.84966799731649         1.093005554853923E+018
  0.560000000000000          6.61988513176373         1.026918637148774E+018
  0.520000000000000          6.33435651237477         9.362428129835441E+017
  0.480000000000000          5.91156222856753         9.270875571857074E+017
  0.440000000000000          5.95646483272364         8.475913790197660E+017
  0.400000000000000          6.36576282574323         7.959175108887191E+017
  0.360000000000000          6.65272954269939         7.558470680268947E+017
  0.320000000000000          6.88822539498906         7.225577942896136E+017
  0.280000000000000          7.09343777954994         6.938350788051983E+017
  0.240000000000000          7.27814469016652         6.684463776354355E+017
  0.200000000000000          7.44781277062408         6.456236390434862E+017
  0.160000000000000          7.60586303659030         6.248508007554076E+017
  0.120000000000000          7.75460334666614         6.057618333596859E+017
  8.000000000000000E-002     7.89567682474151         5.880862919698790E+017
  4.000000000000000E-002     8.03030187192589         5.716178552214577E+017
 start path 4
  4.000000000000000E-002     8.22690997811618         5.631924964469066E+017
  8.000000000000000E-002     8.29312016748396         5.550495331872998E+017
  0.120000000000000          8.35812728537542         5.471705105549665E+017
  0.160000000000000          8.42200812177635         5.395388892991514E+017
  0.200000000000000          8.48483189644420         5.321397806396539E+017
  0.240000000000000          8.54666125769354         5.249597262658378E+017
  0.280000000000000          8.60755311821477         5.179865144649632E+017
  0.320000000000000          8.66755935926603         5.112090254025723E+017
  0.360000000000000          8.72672742769764         5.046171001138620E+017
  0.400000000000000          8.78510084507493         4.982014289241039E+017
  0.440000000000000          8.84271964420265         4.919534558995331E+017
  0.480000000000000          8.89962074530353         4.858652966099880E+017
  0.520000000000000          8.95583828173373         4.799296670122294E+017
  0.560000000000000          9.01140388326086         4.741398216760173E+017
  0.600000000000000          9.06634692346541         4.684894999007969E+017
  0.640000000000000          9.12069473666064         4.629728785297669E+017
  0.680000000000000          9.17447280879351         4.575845304752481E+017
  0.720000000000000          9.22770494603741         4.523193881359983E+017
  0.760000000000000          9.28041342417826         4.471727110222077E+017
  0.800000000000000          9.33261912139873         4.421400570140200E+017
  0.840000000000000          9.38434163665823         4.372172567694801E+017
  0.880000000000000          9.43559939553083         4.324003908721253E+017
  0.920000000000000          9.48640974508544         4.276857693698022E+017
  0.960000000000000          9.53678903916164         4.230699134073486E+017
   1.00000000000000          9.58675271520133         4.185495386984148E+017
   1.04000000000000          9.63631536363461         4.141215406174017E+017
   1.08000000000000          9.68549079068168         4.097829807226426E+017
   1.12000000000000          9.73429207531734         4.055310745472710E+017
   1.16000000000000          9.78273162104661         4.013631805158883E+017
   1.20000000000000          9.83082120305668         3.972767898634178E+017
   1.24000000000000          9.87857201123901         3.932695174482390E+017
   1.28000000000000          9.92599468951454         3.893390933651171E+017
   1.32000000000000          9.97309937184207         3.854833552749631E+017
   1.36000000000000          10.0198957152449         3.817002413784428E+017
   1.40000000000000          10.0663929301513         3.779877839690021E+017
   1.44000000000000          10.1125998083105         3.743441035083798E+017
   1.48000000000000          10.1585247485168         3.707674031741190E+017
   1.52000000000000          10.2041757803471         3.672559638342347E+017
   1.56000000000000          10.2495605860971         3.638081394091528E+017
   1.60000000000000          10.2946865210785         3.604223525853120E+017
   1.64000000000000          10.3395606324256         3.570970908486430E+017
   1.68000000000000          10.3841896765416         3.538309028094434E+017
   1.72000000000000          10.4285801353033         3.506223947931173E+017
   1.76000000000000          10.4727382311293         3.474702276738388E+017
   1.80000000000000          10.5166699410087         3.443731139304861E+017
   1.84000000000000          10.5603810095754         3.413298149062362E+017
   1.88000000000000          10.6038769613060         3.383391382550174E+017
   1.92000000000000          10.6471631119125         3.353999355596128E+017
   1.96000000000000          10.6902445789930         3.325111001076510E+017
 ***************************
 i_NBI=           2
 ***************************
 i_NBI=           2
 z_NBI=   5.30524269001900       Rmaj_NBI=   6.20000000000000       h_NBI=
  4.000000000000000E-002
 z1m=   2.64150396409260       z2m=   5.30524269001900       z3m=
   8.16558952213569       z4m=   10.6104853800380     
 rho_hat=  0.000000000000000E+000
     2.61124937154176          2.41636747637615          8.19411790366184       
   7.99923600849623     
 rho_hat=  2.000000000000000E-002
     2.54174056409255          2.54174056409255          8.06874481594544       
   8.06874481594544     
 rho_hat=  4.000000000000000E-002
     2.47366079997944          2.67205147022504          7.93843390981295       
   8.13682458005855     
 rho_hat=  6.000000000000000E-002
     2.40690937585377          2.80807309225436          7.80241228778364       
   8.20357600418423     
 rho_hat=  8.000000000000000E-002
     2.34139654016573          2.95079498408030          7.65969039595770       
   8.26908883987226     
 rho_hat=  0.100000000000000     
     2.27704190407365          3.10151856935416          7.50896681068383       
   8.33344347596434     
 rho_hat=  0.120000000000000     
     2.21377313655417          3.26201387268110          7.34847150735689       
   8.39671224348382     
 rho_hat=  0.140000000000000     
     2.15152488400020          3.43479461535881          7.17569076467918       
   8.45896049603779     
 rho_hat=  0.160000000000000     
     2.09023786887176          3.62364345119900          6.98684192883900       
   8.52024751116624     
 rho_hat=  0.180000000000000     
     2.02985813244412          3.83473801474591          6.77574736529208       
   8.58062724759388     
 rho_hat=  0.200000000000000     
     1.97033639448384          4.07951841433544          6.53096696570256       
   8.64014898555415     
 rho_hat=  0.220000000000000     
     1.91162750853480          4.38446910221361          6.22601627782438       
   8.69885787150319     
 rho_hat=  0.240000000000000     
     1.85368999594058          4.85953426514912          5.75095111488887       
   8.75679538409742     
 rho_hat=  0.260000000000000     
     1.79648564513829          4.63808154007094          5.97240383996705       
   8.81399973489970     
 rho_hat=  0.280000000000000     
     1.73997916539701          4.26435076479332          6.34613461524467       
   8.87050621464098     
 rho_hat=  0.300000000000000     
     1.68413788623328          3.99512819120601          6.61535718883198       
   8.92634749380471     
 rho_hat=  0.320000000000000     
     1.62893149535661          3.77425085463907          6.83623452539892       
   8.98155388468138     
 rho_hat=  0.340000000000000     
     1.57433180928223          3.58301622407441          7.02746915596359       
   9.03615357075576     
 rho_hat=  0.360000000000000     
     1.52031257177375          3.41241834528967          7.19806703474832       
   9.09017280826425     
 rho_hat=  0.380000000000000     
     1.46684927610218          3.25729347189859          7.35319190813940       
   9.14363610393582     
 rho_hat=  0.400000000000000     
     1.41391900777410          3.11435245999833          7.49613292003966       
   9.19656637226390     
 rho_hat=  0.420000000000000     
     1.36150030492334          2.98134596253733          7.62913941750066       
   9.24898507511466     
 rho_hat=  0.440000000000000     
     1.30957303400388          2.85665452538208          7.75383085465592       
   9.30091234603412     
 rho_hat=  0.460000000000000     
     1.25811827878576          2.73906576704583          7.87141961299216       
   9.35236710125223     
 rho_hat=  0.480000000000000     
     1.20711824095696          2.62764376560929          7.98284161442870       
   9.40336713908103     
 rho_hat=  0.500000000000000     
     1.15655615088399          2.52164789192068          8.08883748811731       
   9.45392922915400     
 rho_hat=  0.520000000000000     
     1.10641618729231          2.42047996147441          8.19000541856358       
   9.50406919274568     
 rho_hat=  0.540000000000000     
     1.05668340480242          2.32364848557064          8.28683689446735       
   9.55380197523557     
 rho_hat=  0.560000000000000     
     1.00734366840390          2.23074370644460          8.37974167359340       
   9.60314171163409     
 rho_hat=  0.580000000000000     
    0.958383594073972          2.14141968612007          8.46906569391792       
   9.65210178596402     
 rho_hat=  0.600000000000000     
    0.909790494851814          2.05538115450706          8.55510422553093       
   9.70069488518618     
 rho_hat=  0.620000000000000     
    0.861552331769446          1.97237365568836          8.63811172434963       
   9.74893304826855     
 rho_hat=  0.640000000000000     
    0.813657669116019          1.89217603376981          8.71830934626818       
   9.79682771092197     
 rho_hat=  0.660000000000000     
    0.766095633577664          1.81459461265571          8.79589076738228       
   9.84438974646033     
 rho_hat=  0.680000000000000     
    0.718855876851141          1.73945862476771          8.87102675527028       
   9.89162950318685     
 rho_hat=  0.700000000000000     
    0.671928541377659          1.66661657567309          8.94386880436491       
   9.93855683866033     
 rho_hat=  0.720000000000000     
    0.625304228885132          1.59593332033843          9.01455205969956       
   9.98518115115286     
 rho_hat=  0.740000000000000     
    0.578973971463101          1.52728768764006          9.08319769239793       
   10.0315114085749     
 rho_hat=  0.760000000000000     
    0.532929204926049          1.46057053234417          9.14991484769382       
   10.0775561751119     
 rho_hat=  0.780000000000000     
    0.487161744248160          1.39568312403205          9.21480225600594       
   10.1233236357898     
 rho_hat=  0.800000000000000     
    0.441663760876386          1.33253580427975          9.27794957575824       
   10.1688216191616     
 rho_hat=  0.820000000000000     
    0.396427761749650          1.27104685937319          9.33943852066480       
   10.2140576182883     
 rho_hat=  0.840000000000000     
    0.351446569870331          1.21114156767236          9.39934381236564       
   10.2590388101677     
 rho_hat=  0.860000000000000     
    0.306713306290217          1.15275138960668          9.45773399043131       
   10.3037720737478     
 rho_hat=  0.880000000000000     
    0.262221373387466          1.09581327500323          9.51467210503477       
   10.3482640066505     
 rho_hat=  0.900000000000000     
    0.217964439323443          1.04026906759177          9.57021631244622       
   10.3925209407146     
 rho_hat=  0.920000000000000     
    0.173936423579622         0.986064990502571          9.62442038953542       
   10.4365489564584     
 rho_hat=  0.940000000000000     
    0.130131483484397         0.933151199667954          9.67733418037004       
   10.4803538965536     
 rho_hat=  0.960000000000000     
    8.654400164849552E-002    0.881481394469699          9.72900398556829       
   10.5239413783895     
 rho_hat=  0.980000000000000     
    4.316857423537090E-002    0.831012476898532          9.77947290313946       
   10.5673168058026     
 rho_hat=   1.00000000000000     
    0.000000000000000E+000    0.781704252026013          9.82878112801198       
   10.6104853800380     
 ------------------------------------------------------------------
 check  2.880654484698923E+019 =?  2.880654484698921E+019
 rmin     z_path      I_path
 start pathe 1
   2.00000000000000         0.000000000000000E+000    2.880654484698923E+019
   1.96000000000000         4.316857423537090E-002    2.855674539255776E+019
   1.92000000000000         8.654400164849552E-002    2.830694929397980E+019
   1.88000000000000         0.130131483484397         2.805717427586481E+019
   1.84000000000000         0.173936423579622         2.780743718234822E+019
   1.80000000000000         0.217964439323443         2.755775395581227E+019
   1.76000000000000         0.262221373387466         2.730813961422975E+019
   1.72000000000000         0.306713306290217         2.705860822698292E+019
   1.68000000000000         0.351446569870331         2.680917288899996E+019
   1.64000000000000         0.396427761749650         2.655984569303335E+019
   1.60000000000000         0.441663760876386         2.631063769988586E+019
   1.56000000000000         0.487161744248160         2.606155890636748E+019
   1.52000000000000         0.532929204926049         2.581261821074399E+019
   1.48000000000000         0.578973971463101         2.556382337541042E+019
   1.44000000000000         0.625304228885132         2.531518098649007E+019
   1.40000000000000         0.671928541377659         2.506669641002768E+019
   1.36000000000000         0.718855876851141         2.481837374440191E+019
   1.32000000000000         0.766095633577664         2.457021576853729E+019
   1.28000000000000         0.813657669116019         2.432222388544597E+019
   1.24000000000000         0.861552331769446         2.407439806056376E+019
   1.20000000000000         0.909790494851814         2.382673675428093E+019
   1.16000000000000         0.958383594073972         2.357923684798288E+019
   1.12000000000000          1.00734366840390         2.333189356282722E+019
   1.08000000000000          1.05668340480242         2.308470037037039E+019
   1.04000000000000          1.10641618729231         2.283764889403598E+019
   1.00000000000000          1.15655615088399         2.259072880026607E+019
  0.960000000000000          1.20711824095696         2.234392767802414E+019
  0.920000000000000          1.25811827878576         2.209723090511728E+019
  0.880000000000000          1.30957303400388         2.185062149956157E+019
  0.840000000000000          1.36150030492334         2.160407995393319E+019
  0.800000000000000          1.41391900777410         2.135758405030566E+019
  0.760000000000000          1.46684927610218         2.111110865297120E+019
  0.720000000000000          1.52031257177375         2.086462547565771E+019
  0.680000000000000          1.57433180928223         2.061810281936591E+019
  0.640000000000000          1.62893149535661         2.037150527624363E+019
  0.600000000000000          1.68413788623328         2.012479339404996E+019
  0.560000000000000          1.73997916539701         1.987792329470508E+019
  0.520000000000000          1.79648564513829         1.963084623912225E+019
  0.480000000000000          1.85368999594058         1.938350812891061E+019
  0.440000000000000          1.91162750853480         1.913584893353144E+019
  0.400000000000000          1.97033639448384         1.888780202898108E+019
  0.360000000000000          2.02985813244412         1.863929343090233E+019
  0.320000000000000          2.09023786887176         1.839024090099257E+019
  0.280000000000000          2.15152488400020         1.814055290040911E+019
  0.240000000000000          2.21377313655417         1.789012735718553E+019
  0.200000000000000          2.27704190407365         1.763885020595323E+019
  0.160000000000000          2.34139654016573         1.738659364676967E+019
  0.120000000000000          2.40690937585377         1.713321405455440E+019
  8.000000000000000E-002     2.47366079997944         1.687854945002409E+019
 start path 2
  8.000000000000000E-002     2.67205147022504         1.640160708504595E+019
  0.120000000000000          2.80807309225436         1.591821991420372E+019
  0.160000000000000          2.95079498408030         1.542645375349689E+019
  0.200000000000000          3.10151856935416         1.492376289725797E+019
  0.240000000000000          3.26201387268110         1.440668051712963E+019
  0.280000000000000          3.43479461535881         1.387027402034195E+019
  0.320000000000000          3.62364345119900         1.330710279194629E+019
  0.360000000000000          3.83473801474591         1.270497847404671E+019
  0.400000000000000          4.07951841433544         1.204124763751979E+019
  0.440000000000000          4.38446910221361         1.126323745760498E+019
  0.480000000000000          4.85953426514912         1.015104888980065E+019
  0.520000000000000          4.63808154007094         9.671243005086177E+018
  0.560000000000000          4.26435076479332         8.913099806179409E+018
  0.600000000000000          3.99512819120601         8.404587748975901E+018
  0.640000000000000          3.77425085463907         8.009569866623644E+018
  0.680000000000000          3.58301622407441         7.682980638456654E+018
  0.720000000000000          3.41241834528967         7.403243627415626E+018
  0.760000000000000          3.25729347189859         7.158058326098861E+018
  0.800000000000000          3.11435245999833         6.939634790660810E+018
  0.840000000000000          2.98134596253733         6.742676593510583E+018
  0.880000000000000          2.85665452538208         6.563392744102359E+018
  0.920000000000000          2.73906576704583         6.398961839652048E+018
  0.960000000000000          2.62764376560929         6.247218701356234E+018
   1.00000000000000          2.52164789192068         6.106460102994454E+018
   1.04000000000000          2.42047996147441         5.975318581923781E+018
   1.08000000000000          2.32364848557064         5.852677284463112E+018
   1.12000000000000          2.23074370644460         5.737610642991064E+018
   1.16000000000000          2.14141968612007         5.629341918307462E+018
   1.20000000000000          2.05538115450706         5.527212100158513E+018
   1.24000000000000          1.97237365568836         5.430656664392678E+018
   1.28000000000000          1.89217603376981         5.339187892762557E+018
   1.32000000000000          1.81459461265571         5.252381212685626E+018
   1.36000000000000          1.73945862476771         5.169864495329722E+018
   1.40000000000000          1.66661657567309         5.091309566323142E+018
   1.44000000000000          1.59593332033843         5.016425395620714E+018
   1.48000000000000          1.52728768764006         4.944952578542842E+018
   1.52000000000000          1.46057053234417         4.876658821572730E+018
   1.56000000000000          1.39568312403205         4.811335218588657E+018
   1.60000000000000          1.33253580427975         4.748793155154437E+018
   1.64000000000000          1.27104685937319         4.688861716441478E+018
   1.68000000000000          1.21114156767236         4.631385502433731E+018
   1.72000000000000          1.15275138960668         4.576222775085231E+018
   1.76000000000000          1.09581327500323         4.523243878003183E+018
   1.80000000000000          1.04026906759177         4.472329881384617E+018
   1.84000000000000         0.986064990502571         4.423371414310671E+018
   1.88000000000000         0.933151199667954         4.376267653799262E+018
   1.92000000000000         0.881481394469699         4.330925445739906E+018
   1.96000000000000         0.831012476898532         4.287258537358945E+018
 start path 3
   1.96000000000000          9.77947290313946         4.244031904136593E+018
   1.92000000000000          9.72900398556829         4.200059781581237E+018
   1.88000000000000          9.67733418037004         4.155334030213141E+018
   1.84000000000000          9.62442038953542         4.109845707639660E+018
   1.80000000000000          9.57021631244622         4.063584954051028E+018
   1.76000000000000          9.51467210503477         4.016540861216011E+018
   1.72000000000000          9.45773399043131         3.968701321990668E+018
   1.68000000000000          9.39934381236564         3.920052856689225E+018
   1.64000000000000          9.33943852066480         3.870580411826634E+018
   1.60000000000000          9.27794957575824         3.820267125670963E+018
   1.56000000000000          9.21480225600594         3.769094053667956E+018
   1.52000000000000          9.14991484769382         3.717039845015758E+018
   1.48000000000000          9.08319769239793         3.664080359333802E+018
   1.44000000000000          9.01455205969956         3.610188209284495E+018
   1.40000000000000          8.94386880436491         3.555332210885130E+018
   1.36000000000000          8.87102675527028         3.499476717676947E+018
   1.32000000000000          8.79589076738228         3.442580807293304E+018
   1.28000000000000          8.71830934626818         3.384597278386904E+018
   1.24000000000000          8.63811172434963         3.325471400967230E+018
   1.20000000000000          8.55510422553093         3.265139341843981E+018
   1.16000000000000          8.46906569391792         3.203526155719624E+018
   1.12000000000000          8.37974167359340         3.140543186099023E+018
   1.08000000000000          8.28683689446735         3.076084649571847E+018
   1.04000000000000          8.19000541856358         3.010023066742675E+018
   1.00000000000000          8.08883748811731         2.942203025830814E+018
  0.960000000000000          7.98284161442870         2.872432470570356E+018
  0.920000000000000          7.87141961299216         2.800470196252285E+018
  0.880000000000000          7.75383085465592         2.726007322351388E+018
  0.840000000000000          7.62913941750066         2.648638771436978E+018
  0.800000000000000          7.49613292003966         2.567817266749567E+018
  0.760000000000000          7.35319190813940         2.482774671643972E+018
  0.720000000000000          7.19806703474832         2.392376947320985E+018
  0.680000000000000          7.02746915596359         2.294828070949248E+018
  0.640000000000000          6.83623452539892         2.186970535038656E+018
  0.600000000000000          6.61535718883198         2.062199029053168E+018
  0.560000000000000          6.34613461524467         1.900540163915918E+018
  0.520000000000000          5.97240383996705         1.810708032804885E+018
  0.480000000000000          5.75095111488887         1.631909638355934E+018
  0.440000000000000          6.22601627782438         1.526468545409230E+018
  0.400000000000000          6.53096696570256         1.446723093919788E+018
  0.360000000000000          6.77574736529208         1.381261274789389E+018
  0.320000000000000          6.98684192883900         1.325178272556148E+018
  0.280000000000000          7.17569076467918         1.275837674355486E+018
  0.240000000000000          7.34847150735689         1.231632122052431E+018
  0.200000000000000          7.50896681068383         1.191497803699092E+018
  0.160000000000000          7.65969039595770         1.154688518265556E+018
  0.120000000000000          7.80241228778364         1.120657608175209E+018
  8.000000000000000E-002     7.93843390981295         1.088990841338616E+018
 start path 4
  8.000000000000000E-002     8.13682458005855         1.072804303245787E+018
  0.120000000000000          8.20357600418423         1.057170032243330E+018
  0.160000000000000          8.26908883987226         1.042051242090242E+018
  0.200000000000000          8.33344347596434         1.027415031719982E+018
  0.240000000000000          8.39671224348382         1.013231838470743E+018
  0.280000000000000          8.45896049603779         9.994749859511214E+017
  0.320000000000000          8.52024751116624         9.861203073118573E+017
  0.360000000000000          8.58062724759388         9.731458291417111E+017
  0.400000000000000          8.64014898555415         9.605315045077207E+017
  0.440000000000000          8.69885787150319         9.482589861400102E+017
  0.480000000000000          8.75679538409742         9.363114326435309E+017
  0.520000000000000          8.81399973489970         9.246733420615164E+017
  0.560000000000000          8.87050621464098         9.133304082312602E+017
  0.600000000000000          8.92634749380471         9.022693962430060E+017
  0.640000000000000          8.98155388468138         8.914780339970595E+017
  0.680000000000000          9.03615357075576         8.809449173962778E+017
  0.720000000000000          9.09017280826425         8.706594271433797E+017
  0.760000000000000          9.14363610393582         8.606116554599021E+017
  0.800000000000000          9.19656637226390         8.507923413239924E+017
  0.840000000000000          9.24898507511466         8.411928130523133E+017
  0.880000000000000          9.30091234603412         8.318049372376778E+017
  0.920000000000000          9.35236710125223         8.226210732070780E+017
  0.960000000000000          9.40336713908103         8.136340322912056E+017
   1.00000000000000          9.45392922915400         8.048370413014632E+017
   1.04000000000000          9.50406919274568         7.962237096977592E+017
   1.08000000000000          9.55380197523557         7.877880000036439E+017
   1.12000000000000          9.60314171163409         7.795242010866838E+017
   1.16000000000000          9.65210178596402         7.714269039739622E+017
   1.20000000000000          9.70069488518618         7.634909799164102E+017
   1.24000000000000          9.74893304826855         7.557115604529978E+017
   1.28000000000000          9.79682771092197         7.480840192577512E+017
   1.32000000000000          9.84438974646033         7.406039555796246E+017
   1.36000000000000          9.89162950318685         7.332671791087948E+017
   1.40000000000000          9.93855683866033         7.260696961229193E+017
   1.44000000000000          9.98518115115286         7.190076967844196E+017
   1.48000000000000          10.0315114085749         7.120775434747258E+017
   1.52000000000000          10.0775561751119         7.052757600646339E+017
   1.56000000000000          10.1233236357898         6.985990220312024E+017
   1.60000000000000          10.1688216191616         6.920441473415180E+017
   1.64000000000000          10.2140576182883         6.856080880324088E+017
   1.68000000000000          10.2590388101677         6.792879224227200E+017
   1.72000000000000          10.3037720737478         6.730808479014725E+017
   1.76000000000000          10.3482640066505         6.669841742411251E+017
   1.80000000000000          10.3925209407146         6.609953173903165E+017
   1.84000000000000          10.4365489564584         6.551117937050702E+017
   1.88000000000000          10.4803538965536         6.493312145815297E+017
   1.92000000000000          10.5239413783895         6.436512814568808E+017
   1.96000000000000          10.5673168058026         6.380697811483205E+017
 ***************************
 i_NBI=           3
 ***************************
 i_NBI=           3
 z_NBI=   5.24351027461566       Rmaj_NBI=   6.20000000000000       h_NBI=
  8.000000000000000E-002
 z1m=   2.71439659587364       z2m=   5.24351027461566       z3m=
   8.17006729610012       z4m=   10.4870205492313     
 rho_hat=  0.000000000000000E+000
     2.65152262032407          2.26116220639827          8.22585834283305       
   7.83549792890724     
 rho_hat=  2.000000000000000E-002
     2.57977154868926          2.38316344249897          8.10385710673235       
   7.90724900054206     
 rho_hat=  4.000000000000000E-002
     2.50961634836322          2.50961634836322          7.97740420086810       
   7.97740420086810     
 rho_hat=  6.000000000000000E-002
     2.44093717119801          2.64116978959069          7.84585075964063       
   8.04608337803330     
 rho_hat=  8.000000000000000E-002
     2.37362804706694          2.77864029832888          7.70838025090244       
   8.11339250216438     
 rho_hat=  0.100000000000000     
     2.30759474449563          2.92307928016657          7.56394126906475       
   8.17942580473569     
 rho_hat=  0.120000000000000     
     2.24275303685050          3.07587930971411          7.41114123951720       
   8.24426751238082     
 rho_hat=  0.140000000000000     
     2.17902728396291          3.23895147028988          7.24806907894144       
   8.30799326526840     
 rho_hat=  0.160000000000000     
     2.11634926181187          3.41504206324309          7.07197848598823       
   8.37067128741945     
 rho_hat=  0.180000000000000     
     2.05465718925723          3.60835156672214          6.87866898250917       
   8.43236335997409     
 rho_hat=  0.200000000000000     
     1.99389491276128          3.82590666288212          6.66111388634920       
   8.49312563647004     
 rho_hat=  0.220000000000000     
     1.93401121886719          4.08124352382220          6.40577702540912       
   8.55300933036413     
 rho_hat=  0.240000000000000     
     1.87495925080735          4.40832406783300          6.07869648139831       
   8.61206129842396     
 rho_hat=  0.260000000000000     
     1.81669601060893          5.02076378193844          5.46625676729287       
   8.67032453862239     
 rho_hat=  0.280000000000000     
     1.75918193187871          4.47351287202263          6.01350767720869       
   8.72783861735261     
 rho_hat=  0.300000000000000     
     1.70238051139037          4.13445662397471          6.35256392525661       
   8.78464003784095     
 rho_hat=  0.320000000000000     
     1.64625798988499          3.87907046282476          6.60795008640656       
   8.84076255934633     
 rho_hat=  0.340000000000000     
     1.59078307428985          3.66617581420468          6.82084473502664       
   8.89623747494146     
 rho_hat=  0.360000000000000     
     1.53592669497784          3.48031317842930          7.00670737080201       
   8.95109385425348     
 rho_hat=  0.380000000000000     
     1.48166179281845          3.31365639413662          7.17336415509469       
   9.00535875641287     
 rho_hat=  0.400000000000000     
     1.42796313167534          3.16158808586796          7.32543246336335       
   9.05905741755597     
 rho_hat=  0.420000000000000     
     1.37480713273465          3.02111157051236          7.46590897871895       
   9.11221341649667     
 rho_hat=  0.440000000000000     
     1.32217172763964          2.89015012368253          7.59687042554879       
   9.16484882159168     
 rho_hat=  0.460000000000000     
     1.27003622789030          2.76719365511806          7.71982689411326       
   9.21698432134102     
 rho_hat=  0.480000000000000     
     1.21838120836201          2.65110289922112          7.83591765001020       
   9.26863934086931     
 rho_hat=  0.500000000000000     
     1.16718840312416          2.54099292962044          7.94602761961088       
   9.31983214610716     
 rho_hat=  0.520000000000000     
     1.11644061201000          2.43615992241521          8.05086062681611       
   9.37057993722132     
 rho_hat=  0.540000000000000     
     1.06612161661411          2.33603301761088          8.15098753162043       
   9.42089893261721     
 rho_hat=  0.560000000000000     
     1.01621610458207          2.24014149939008          8.24687904984124       
   9.47080444464925     
 rho_hat=  0.580000000000000     
    0.966709601215039          2.14809172456463          8.33892882466669       
   9.52031094801628     
 rho_hat=  0.600000000000000     
    0.917588407545011          2.05955047587447          8.42747007335684       
   9.56943214168631     
 rho_hat=  0.620000000000000     
    0.868839544149192          1.97423267857093          8.51278787066039       
   9.61818100508212     
 rho_hat=  0.640000000000000     
    0.820450700067742          1.89189215794425          8.59512839128707       
   9.66656984916358     
 rho_hat=  0.660000000000000     
    0.772410186270508          1.81231456466264          8.67470598456868       
   9.71461036296081     
 rho_hat=  0.680000000000000     
    0.724706893188225          1.73531187657714          8.75170867265417       
   9.76231365604309     
 rho_hat=  0.700000000000000     
    0.677330251883311          1.66071806741190          8.82630248181942       
   9.80969029734801     
 rho_hat=  0.720000000000000     
    0.630270198486953          1.58838565293721          8.89863489629411       
   9.85675035074437     
 rho_hat=  0.740000000000000     
    0.583517141573508          1.51818290645055          8.96883764278077       
   9.90350340765781     
 rho_hat=  0.760000000000000     
    0.537061932181631          1.44999159138764          9.03702895784367       
   9.94995861704969     
 rho_hat=  0.780000000000000     
    0.490895836224934          1.38370509818512          9.10331545104620       
   9.99612471300638     
 rho_hat=  0.800000000000000     
    0.445010509063930          1.31922690054594          9.16779364868538       
   10.0420100401674     
 rho_hat=  0.820000000000000     
    0.399397972036374          1.25646926654965          9.23055128268167       
   10.0876225771949     
 rho_hat=  0.840000000000000     
    0.354050590765103          1.19535217493625          9.29166837429507       
   10.1329699584662     
 rho_hat=  0.860000000000000     
    0.308961055082024          1.13580239795257          9.35121815127875       
   10.1780594941493     
 rho_hat=  0.880000000000000     
    0.264122360423793          1.07775272046059          9.40926782877072       
   10.2228981888075     
 rho_hat=  0.900000000000000     
    0.219527790569760          1.02114127131905          9.46587927791227       
   10.2674927586616     
 rho_hat=  0.920000000000000     
    0.175170901605994         0.965910947890445          9.52110960134087       
   10.3118496476253     
 rho_hat=  0.940000000000000     
    0.131045507010897         0.912008918272803          9.57501163095851       
   10.3559750422204     
 rho_hat=  0.960000000000000     
    8.714566376820621E-002    0.859386188780496          9.62763436045082       
   10.3998748854631     
 rho_hat=  0.980000000000000     
    4.346565942243874E-002    0.807997226500481          9.67902332273084       
   10.4435548898089     
 rho_hat=   1.00000000000000     
   -2.664535259100376E-015    0.757799628575278          9.72922092065604       
   10.4870205492313     
 ------------------------------------------------------------------
 check  2.880654484698923E+019 =?  2.880654484698921E+019
 rmin     z_path      I_path
 start pathe 1
   2.00000000000000         0.000000000000000E+000    2.880654484698923E+019
   1.96000000000000         4.346565942243874E-002    2.855499901217717E+019
   1.92000000000000         8.714566376820621E-002    2.830343609095732E+019
   1.88000000000000         0.131045507010897         2.805187321669412E+019
   1.84000000000000         0.175170901605994         2.780032660272658E+019
   1.80000000000000         0.219527790569760         2.754881151841313E+019
   1.76000000000000         0.264122360423793         2.729734226356675E+019
   1.72000000000000         0.308961055082024         2.704593214111080E+019
   1.68000000000000         0.354050590765103         2.679459342777096E+019
   1.64000000000000         0.399397972036374         2.654333734259563E+019
   1.60000000000000         0.445010509063930         2.629217401307530E+019
   1.56000000000000         0.490895836224934         2.604111243860787E+019
   1.52000000000000         0.537061932181631         2.579016045102294E+019
   1.48000000000000         0.583517141573508         2.553932467185052E+019
   1.44000000000000         0.630270198486953         2.528861046597671E+019
   1.40000000000000         0.677330251883311         2.503802189128944E+019
   1.36000000000000         0.724706893188225         2.478756164386507E+019
   1.32000000000000         0.772410186270508         2.453723099819314E+019
   1.28000000000000         0.820450700067742         2.428702974186730E+019
   1.24000000000000         0.868839544149192         2.403695610409884E+019
   1.20000000000000         0.917588407545011         2.378700667732074E+019
   1.16000000000000         0.966709601215039         2.353717633104858E+019
   1.12000000000000          1.01621610458207         2.328745811704909E+019
   1.08000000000000          1.06612161661411         2.303784316472784E+019
   1.04000000000000          1.11644061201000         2.278832056549009E+019
   1.00000000000000          1.16718840312416         2.253887724463899E+019
  0.960000000000000          1.21838120836201         2.228949781915242E+019
  0.920000000000000          1.27003622789030         2.204016443942158E+019
  0.880000000000000          1.32217172763964         2.179085661271754E+019
  0.840000000000000          1.37480713273465         2.154155100578632E+019
  0.800000000000000          1.42796313167534         2.129222122352331E+019
  0.760000000000000          1.48166179281845         2.104283756014945E+019
  0.720000000000000          1.53592669497784         2.079336671866080E+019
  0.680000000000000          1.59078307428985         2.054377149354436E+019
  0.640000000000000          1.64625798988499         2.029401041079576E+019
  0.600000000000000          1.70238051139037         2.004403731810298E+019
  0.560000000000000          1.75918193187871         1.979380091661536E+019
  0.520000000000000          1.81669601060893         1.954324422392574E+019
  0.480000000000000          1.87495925080735         1.929230395565089E+019
  0.440000000000000          1.93401121886719         1.904090981018266E+019
  0.400000000000000          1.99389491276128         1.878898363761665E+019
  0.360000000000000          2.05465718925723         1.853643846931388E+019
  0.320000000000000          2.11634926181187         1.828317737869904E+019
  0.280000000000000          2.17902728396291         1.802909213630102E+019
  0.240000000000000          2.24275303685050         1.777406161208665E+019
  0.200000000000000          2.30759474449563         1.751794986496933E+019
  0.160000000000000          2.37362804706694         1.726060384174415E+019
  0.120000000000000          2.44093717119801         1.700185058384814E+019
 start path 2
  0.120000000000000          2.64116978959069         1.651699599039665E+019
  0.160000000000000          2.77864029832888         1.602522422783573E+019
  0.200000000000000          2.92307928016657         1.552445165205993E+019
  0.240000000000000          3.07587930971411         1.501191631603199E+019
  0.280000000000000          3.23895147028988         1.448382277257896E+019
  0.320000000000000          3.41504206324309         1.393470629155886E+019
  0.360000000000000          3.60835156672214         1.335618745800074E+019
  0.400000000000000          3.82590666288212         1.273420500376347E+019
  0.440000000000000          4.08124352382220         1.204156888035493E+019
  0.480000000000000          4.40832406783300         1.120974864198805E+019
  0.520000000000000          5.02076378193844         9.804829746627041E+018
  0.560000000000000          4.47351287202263         8.700130145563407E+018
  0.600000000000000          4.13445662397471         8.079709439954622E+018
  0.640000000000000          3.87907046282476         7.642264707149450E+018
  0.680000000000000          3.66617581420468         7.296168713552700E+018
  0.720000000000000          3.48031317842930         7.007222148642239E+018
  0.760000000000000          3.31365639413662         6.758210695145157E+018
  0.800000000000000          3.16158808586796         6.539036011282429E+018
  0.840000000000000          3.02111157051236         6.343181925142263E+018
  0.880000000000000          2.89015012368253         6.166158828598266E+018
  0.920000000000000          2.76719365511806         6.004721140668438E+018
  0.960000000000000          2.65110289922112         5.856434647532859E+018
   1.00000000000000          2.54099292962044         5.719419721974477E+018
   1.04000000000000          2.43615992241521         5.592190262227226E+018
   1.08000000000000          2.33603301761088         5.473548078589690E+018
   1.12000000000000          2.24014149939008         5.362511061495295E+018
   1.16000000000000          2.14809172456463         5.258262807283200E+018
   1.20000000000000          2.05955047587447         5.160116360397636E+018
   1.24000000000000          1.97423267857093         5.067487524736156E+018
   1.28000000000000          1.89189215794425         4.979874831729705E+018
   1.32000000000000          1.81231456466264         4.896844244971190E+018
   1.36000000000000          1.73531187657714         4.818017302859125E+018
   1.40000000000000          1.66071806741190         4.743061801214604E+018
   1.44000000000000          1.58838565293721         4.671684382290280E+018
   1.48000000000000          1.51818290645055         4.603624575112485E+018
   1.52000000000000          1.44999159138764         4.538649955012773E+018
   1.56000000000000          1.38370509818512         4.476552176357464E+018
   1.60000000000000          1.31922690054594         4.417143693854539E+018
   1.64000000000000          1.25646926654965         4.360255032183917E+018
   1.68000000000000          1.19535217493625         4.305732496208535E+018
   1.72000000000000          1.13580239795257         4.253436238144775E+018
   1.76000000000000          1.07775272046059         4.203238616172344E+018
   1.80000000000000          1.02114127131905         4.155022792694598E+018
   1.84000000000000         0.965910947890445         4.108681530976595E+018
   1.88000000000000         0.912008918272803         4.064116157017444E+018
   1.92000000000000         0.859386188780496         4.021235659852321E+018
   1.96000000000000         0.807997226500481         3.979955908459818E+018
 start path 3
   1.96000000000000          9.67902332273084         3.939099911857924E+018
   1.92000000000000          9.62763436045082         3.897538461329030E+018
   1.88000000000000          9.57501163095851         3.855263279439228E+018
   1.84000000000000          9.52110960134087         3.812265256675450E+018
   1.80000000000000          9.46587927791227         3.768534332630601E+018
   1.76000000000000          9.40926782877072         3.724059359637465E+018
   1.72000000000000          9.35121815127875         3.678827945589366E+018
   1.68000000000000          9.29166837429507         3.632826271941836E+018
   1.64000000000000          9.23055128268167         3.586038881941330E+018
   1.60000000000000          9.16779364868538         3.538448432912773E+018
   1.56000000000000          9.10331545104620         3.490035404865179E+018
   1.52000000000000          9.03702895784367         3.440777755622545E+018
   1.48000000000000          8.96883764278077         3.390650509981324E+018
   1.44000000000000          8.89863489629411         3.339625266790327E+018
   1.40000000000000          8.82630248181942         3.287669602988863E+018
   1.36000000000000          8.75170867265417         3.234746347007310E+018
   1.32000000000000          8.67470598456868         3.180812684760284E+018
   1.28000000000000          8.59512839128707         3.125819048584448E+018
   1.24000000000000          8.51278787066039         3.069707721099472E+018
   1.20000000000000          8.42747007335684         3.012411059284511E+018
   1.16000000000000          8.33892882466669         2.953849204530583E+018
   1.12000000000000          8.24687904984124         2.893927084562244E+018
   1.08000000000000          8.15098753162043         2.832530420196334E+018
   1.04000000000000          8.05086062681611         2.769520301583318E+018
   1.00000000000000          7.94602761961088         2.704725654192567E+018
  0.960000000000000          7.83591765001020         2.637932497148575E+018
  0.920000000000000          7.71982689411326         2.568868151728294E+018
  0.880000000000000          7.59687042554879         2.497177161276054E+018
  0.840000000000000          7.46590897871895         2.422382902610410E+018
  0.800000000000000          7.32543246336335         2.343822906359404E+018
  0.760000000000000          7.17336415509469         2.260531876580164E+018
  0.720000000000000          7.00670737080201         2.171009149481603E+018
  0.680000000000000          6.82084473502664         2.072690444557061E+018
  0.640000000000000          6.60795008640656         1.960472607462143E+018
  0.600000000000000          6.35256392525661         1.820668055334999E+018
  0.560000000000000          6.01350767720869         1.615535347641652E+018
  0.520000000000000          5.46625676729287         1.413060144270558E+018
  0.480000000000000          6.07869648139831         1.315447280223292E+018
  0.440000000000000          6.40577702540912         1.243897756365863E+018
  0.400000000000000          6.66111388634920         1.185970853066732E+018
  0.360000000000000          6.87866898250917         1.136733613314811E+018
  0.320000000000000          7.07197848598823         1.093637313988197E+018
  0.280000000000000          7.24806907894144         1.055165023559846E+018
  0.240000000000000          7.41114123951720         1.020329051762838E+018
  0.200000000000000          7.56394126906475         9.884447673293860E+017
  0.160000000000000          7.70838025090244         9.590151285678149E+017
  0.120000000000000          7.84585075964063         9.316661709950838E+017
 start path 4
  0.120000000000000          8.04608337803330         9.176995879469605E+017
  0.160000000000000          8.11339250216438         9.042181965002478E+017
  0.200000000000000          8.17942580473569         8.911890472188325E+017
  0.240000000000000          8.24426751238082         8.785827324821796E+017
  0.280000000000000          8.30799326526840         8.663728795706429E+017
  0.320000000000000          8.37067128741945         8.545357329298570E+017
  0.360000000000000          8.43236335997409         8.430498072057357E+017
  0.400000000000000          8.49312563647004         8.318955969642548E+017
  0.440000000000000          8.55300933036413         8.210553322038423E+017
  0.480000000000000          8.61206129842396         8.105127711545620E+017
  0.520000000000000          8.67032453862239         8.002530236619665E+017
  0.560000000000000          8.72783861735261         7.902623998299153E+017
  0.600000000000000          8.78464003784095         7.805282796572356E+017
  0.640000000000000          8.84076255934633         7.710390002274897E+017
  0.680000000000000          8.89623747494146         7.617837576571448E+017
  0.720000000000000          8.95109385425348         7.527525215174424E+017
  0.760000000000000          9.00535875641287         7.439359598511313E+017
  0.800000000000000          9.05905741755597         7.353253732300710E+017
  0.840000000000000          9.11221341649667         7.269126365615154E+017
  0.880000000000000          9.16484882159168         7.186901475631708E+017
  0.920000000000000          9.21698432134102         7.106507810002683E+017
  0.960000000000000          9.26863934086931         7.027878479196250E+017
   1.00000000000000          9.31983214610716         6.950950592327593E+017
   1.04000000000000          9.37057993722132         6.875664930967320E+017
   1.08000000000000          9.42089893261721         6.801965656220636E+017
   1.12000000000000          9.47080444464925         6.729800045041669E+017
   1.16000000000000          9.52031094801628         6.659118252313280E+017
   1.20000000000000          9.56943214168631         6.589873095696739E+017
   1.24000000000000          9.61818100508212         6.522019860657768E+017
   1.28000000000000          9.66656984916358         6.455516123417048E+017
   1.32000000000000          9.71461036296081         6.390321589862738E+017
   1.36000000000000          9.76231365604309         6.326397948711392E+017
   1.40000000000000          9.80969029734801         6.263708737415859E+017
   1.44000000000000          9.85675035074437         6.202219219501669E+017
   1.48000000000000          9.90350340765781         6.141896272171569E+017
   1.52000000000000          9.94995861704969         6.082708283153220E+017
   1.56000000000000          9.99612471300638         6.024625055884334E+017
   1.60000000000000          10.0420100401674         5.967617722231558E+017
   1.64000000000000          10.0876225771949         5.911658662029631E+017
   1.68000000000000          10.1329699584662         5.856721428804810E+017
   1.72000000000000          10.1780594941493         5.802780681116292E+017
   1.76000000000000          10.2228981888075         5.749812119008196E+017
   1.80000000000000          10.2674927586616         5.697792425118808E+017
   1.84000000000000          10.3118496476253         5.646699210039839E+017
   1.88000000000000          10.3559750422204         5.596510961559606E+017
   1.92000000000000          10.3998748854631         5.547206997461115E+017
   1.96000000000000          10.4435548898089         5.498767421577811E+017
 ***************************
 i_NBI=           4
 ***************************
 i_NBI=           4
 z_NBI=   5.18135117512797       Rmaj_NBI=   6.20000000000000       h_NBI=
  0.120000000000000     
 z1m=   2.79331097446132       z2m=   5.18135117512797       z3m=
   8.17291531450389       z4m=   10.3627023502559     
 rho_hat=  0.000000000000000E+000
     2.69490793226076          2.10785154116020          8.25485080909574       
   7.66779441799518     
 rho_hat=  2.000000000000000E-002
     2.62063565012329          2.22679130942885          8.13591104082709       
   7.74206670013265     
 rho_hat=  4.000000000000000E-002
     2.54815995533401          2.34976928508841          8.01293306516753       
   7.81454239492193     
 rho_hat=  6.000000000000000E-002
     2.47733638226902          2.47733638226902          7.88536596798692       
   7.88536596798692     
 rho_hat=  8.000000000000000E-002
     2.40803835469101          2.61017556852308          7.75252678173286       
   7.95466399556493     
 rho_hat=  0.100000000000000     
     2.34015424425535          2.74915052551043          7.61355182474551       
   8.02254810600059     
 rho_hat=  0.120000000000000     
     2.27358502221952          2.89538004670137          7.46732230355457       
   8.08911732803642     
 rho_hat=  0.140000000000000     
     2.20824236447203          3.05035704092675          7.31234530932919       
   8.15445998578391     
 rho_hat=  0.160000000000000     
     2.14404710737315          3.21614991317030          7.14655243708564       
   8.21865524288279     
 rho_hat=  0.180000000000000     
     2.08092797820791          3.39576891715160          6.96693343310434       
   8.28177437204803     
 rho_hat=  0.200000000000000     
     2.01882054286526          3.59390038848922          6.76880196176672       
   8.34388180739068     
 rho_hat=  0.220000000000000     
     1.95766632700773          3.81859514413783          6.54410720611811       
   8.40503602324821     
 rho_hat=  0.240000000000000     
     1.89741207703252          4.08608134535999          6.27662100489595       
   8.46529027322343     
 rho_hat=  0.260000000000000     
     1.83800913459428          4.44139441963479          5.92130793062115       
   8.52469321566166     
 rho_hat=  0.280000000000000     
     1.77941290408307          4.86649247666150          5.49620987359444       
   8.58328944617287     
 rho_hat=  0.300000000000000     
     1.72158239672673          4.32088618455601          6.04181616569993       
   8.64111995352921     
 rho_hat=  0.320000000000000     
     1.66447983827187          4.00821179721928          6.35449055303666       
   8.69822251198407     
 rho_hat=  0.340000000000000     
     1.60807032974232          3.76476937374833          6.59793297650761       
   8.75463202051362     
 rho_hat=  0.360000000000000     
     1.55232155276334          3.55908609198034          6.80361625827560       
   8.81038079749260     
 rho_hat=  0.380000000000000     
     1.49720351250640          3.37819394404689          6.98450840620905       
   8.86549883774954     
 rho_hat=  0.400000000000000     
     1.44268831255264          3.21523825873685          7.14746409151909       
   8.92001403770330     
 rho_hat=  0.420000000000000     
     1.38874995696648          3.06606963358321          7.29663271667274       
   8.97395239328946     
 rho_hat=  0.440000000000000     
     1.33536417566996          2.92794841485630          7.43475393539964       
   9.02733817458598     
 rho_hat=  0.460000000000000     
     1.28250826985466          2.79895238399329          7.56374996626265       
   9.08019408040128     
 rho_hat=  0.480000000000000     
     1.23016097469469          2.67767068433047          7.68503166592547       
   9.13254137556125     
 rho_hat=  0.500000000000000     
     1.17830233705467          2.56303110302067          7.79967124723527       
   9.18440001320127     
 rho_hat=  0.520000000000000     
     1.12691360624126          2.45419588068652          7.90850646956942       
   9.23578874401468     
 rho_hat=  0.540000000000000     
     1.07597713613956          2.35049547410752          8.01220687614842       
   9.28672521411638     
 rho_hat=  0.560000000000000     
     1.02547629731945          2.25138462241785          8.11131772783809       
   9.33722605293649     
 rho_hat=  0.580000000000000     
    0.975395397899685          2.15641216747839          8.20629018277755       
   9.38730695235625     
 rho_hat=  0.600000000000000     
    0.925719612128184          2.06519970255800          8.29750264769794       
   9.43698273812776     
 rho_hat=  0.620000000000000     
    0.876434915779827          1.97742608237065          8.38527626788529       
   9.48626743447611     
 rho_hat=  0.640000000000000     
    0.827528027594299          1.89281593888676          8.46988641136918       
   9.53517432266164     
 rho_hat=  0.660000000000000     
    0.778986356079007          1.81113100427859          8.55157134597735       
   9.58371599417693     
 rho_hat=  0.680000000000000     
    0.730797951089412          1.73216344466156          8.63053890559438       
   9.63190439916653     
 rho_hat=  0.700000000000000     
    0.682951459673595          1.65573066236713          8.70697168788881       
   9.67975089058234     
 rho_hat=  0.720000000000000     
    0.635436085731777          1.58167118935146          8.78103116090448       
   9.72726626452416     
 rho_hat=  0.740000000000000     
    0.588241553096292          1.50984140393030          8.85286094632565       
   9.77446079715965     
 rho_hat=  0.760000000000000     
    0.541358071684821          1.44011287745165          8.92258947280429       
   9.82134427857112     
 rho_hat=  0.780000000000000     
    0.494776306420547          1.37237020904268          8.99033214121326       
   9.86792604383539     
 rho_hat=  0.800000000000000     
    0.448487348648280          1.30650924286802          9.05619310738792       
   9.91421500160766     
 rho_hat=  0.820000000000000     
    0.402482689806368          1.24243558831984          9.12026676193610       
   9.96021966044957     
 rho_hat=  0.840000000000000     
    0.356754197141107          1.18006338242922          9.18263896782672       
   10.0059481531148     
 rho_hat=  0.860000000000000     
    0.311294091273614          1.11931424767396          9.24338810258198       
   10.0514082589823     
 rho_hat=  0.880000000000000     
    0.266094925449830          1.06011640870177          9.30258594155417       
   10.0966074248061     
 rho_hat=  0.900000000000000     
    0.221149566322135          1.00240393928017          9.36029841097577       
   10.1415527839338     
 rho_hat=  0.920000000000000     
    0.176451176126991         0.946116116716218          9.41658623353972       
   10.1862511741289     
 rho_hat=  0.940000000000000     
    0.131993196136977         0.891196865548885          9.47150548470706       
   10.2307091541190     
 rho_hat=  0.960000000000000     
    8.776933127780939E-002    0.837594275852873          9.52510807440307       
   10.2749330189781     
 rho_hat=  0.980000000000000     
    4.377353581194843E-002    0.785260184258924          9.57744216599702       
   10.3189288144440     
 rho_hat=   1.00000000000000     
    0.000000000000000E+000    0.734149807975815          9.62855254228013       
   10.3627023502559     
 ------------------------------------------------------------------
 check  2.880654484698923E+019 =?  2.880654484698921E+019
 rmin     z_path      I_path
 start pathe 1
   2.00000000000000         0.000000000000000E+000    2.880654484698923E+019
   1.96000000000000         4.377353581194843E-002    2.855318844476295E+019
   1.92000000000000         8.776933127780939E-002    2.829979308676156E+019
   1.88000000000000         0.131993196136977         2.804637525015805E+019
   1.84000000000000         0.176451176126991         2.779295044797744E+019
   1.80000000000000         0.221149566322135         2.753953320207845E+019
   1.76000000000000         0.266094925449830         2.728613701425419E+019
   1.72000000000000         0.311294091273614         2.703277433525499E+019
   1.68000000000000         0.356754197141107         2.677945653151336E+019
   1.64000000000000         0.402482689806368         2.652619384932935E+019
   1.60000000000000         0.448487348648280         2.627299537624256E+019
   1.56000000000000         0.494776306420547         2.601986899929106E+019
   1.52000000000000         0.541358071684821         2.576682135981730E+019
   1.48000000000000         0.588241553096292         2.551385780444273E+019
   1.44000000000000         0.635436085731777         2.526098233178659E+019
   1.40000000000000         0.682951459673595         2.500819753444879E+019
   1.36000000000000         0.730797951089412         2.475550453571930E+019
   1.32000000000000         0.778986356079007         2.450290292040264E+019
   1.28000000000000         0.827528027594299         2.425039065906625E+019
   1.24000000000000         0.876434915779827         2.399796402492845E+019
   1.20000000000000         0.925719612128184         2.374561750249024E+019
   1.16000000000000         0.975395397899685         2.349334368688973E+019
   1.12000000000000          1.02547629731945         2.324113317280791E+019
   1.08000000000000          1.07597713613956         2.298897443158270E+019
   1.04000000000000          1.12691360624126         2.273685367497956E+019
   1.00000000000000          1.17830233705467         2.248475470382826E+019
  0.960000000000000          1.23016097469469         2.223265873944826E+019
  0.920000000000000          1.28250826985466         2.198054423544284E+019
  0.880000000000000          1.33536417566996         2.172838666703695E+019
  0.840000000000000          1.38874995696648         2.147615829464544E+019
  0.800000000000000          1.44268831255264         2.122382789776986E+019
  0.760000000000000          1.49720351250640         2.097136047461164E+019
  0.720000000000000          1.55232155276334         2.071871690192329E+019
  0.680000000000000          1.60807032974232         2.046585354856252E+019
  0.640000000000000          1.66447983827187         2.021272183491269E+019
  0.600000000000000          1.72158239672673         1.995926772872423E+019
  0.560000000000000          1.77941290408307         1.970543116593398E+019
  0.520000000000000          1.83800913459428         1.945114538250796E+019
  0.480000000000000          1.89741207703252         1.919633614019908E+019
  0.440000000000000          1.95766632700773         1.894092082509067E+019
  0.400000000000000          2.01882054286526         1.868480739266004E+019
  0.360000000000000          2.08092797820791         1.842789312645478E+019
  0.320000000000000          2.14404710737315         1.817006316882642E+019
  0.280000000000000          2.20824236447203         1.791118877078239E+019
  0.240000000000000          2.27358502221952         1.765112519288956E+019
  0.200000000000000          2.34015424425535         1.738970916881564E+019
  0.160000000000000          2.40803835469101         1.712675581540634E+019
 start path 2
  0.160000000000000          2.61017556852308         1.663375876305165E+019
  0.200000000000000          2.74915052551043         1.613333446426326E+019
  0.240000000000000          2.89538004670137         1.562323477114349E+019
  0.280000000000000          3.05035704092675         1.510045728059843E+019
  0.320000000000000          3.21614991317030         1.456083632325138E+019
  0.360000000000000          3.39576891715160         1.399829719292956E+019
  0.400000000000000          3.59390038848922         1.340335802743098E+019
  0.440000000000000          3.81859514413783         1.275967660174911E+019
  0.480000000000000          4.08608134535999         1.203418214730120E+019
  0.520000000000000          4.44139441963479         1.113465837193293E+019
  0.560000000000000          4.86649247666150         1.014729939760259E+019
  0.600000000000000          4.32088618455601         9.008389483250007E+018
  0.640000000000000          4.00821179721928         8.414936654090765E+018
  0.680000000000000          3.76476937374833         7.980601667877239E+018
  0.720000000000000          3.55908609198034         7.631593076638277E+018
  0.760000000000000          3.37819394404689         7.337680310254387E+018
  0.800000000000000          3.21523825873685         7.082974637983856E+018
  0.840000000000000          3.06606963358321         6.857912776475809E+018
  0.880000000000000          2.92794841485630         6.656216783942173E+018
  0.920000000000000          2.79895238399329         6.473507357703760E+018
  0.960000000000000          2.67767068433047         6.306588933031179E+018
   1.00000000000000          2.56303110302067         6.153047202984533E+018
   1.04000000000000          2.45419588068652         6.011006895706510E+018
   1.08000000000000          2.35049547410752         5.878978148628263E+018
   1.12000000000000          2.25138462241785         5.755754853878609E+018
   1.16000000000000          2.15641216747839         5.640344995429736E+018
   1.20000000000000          2.06519970255800         5.531921483244057E+018
   1.24000000000000          1.97742608237065         5.429786571048057E+018
   1.28000000000000          1.89281593888676         5.333345540358733E+018
   1.32000000000000          1.81113100427859         5.242086866014988E+018
   1.36000000000000          1.73216344466156         5.155567015865231E+018
   1.40000000000000          1.65573066236713         5.073398628541242E+018
   1.44000000000000          1.58167118935146         4.995241196453060E+018
   1.48000000000000          1.50984140393030         4.920793635530735E+018
   1.52000000000000          1.44011287745165         4.849788295783440E+018
   1.56000000000000          1.37237020904268         4.781986086054109E+018
   1.60000000000000          1.30650924286802         4.717172470297903E+018
   1.64000000000000          1.24243558831984         4.655154152725288E+018
   1.68000000000000          1.18006338242922         4.595756312676467E+018
   1.72000000000000          1.11931424767396         4.538820282083407E+018
   1.76000000000000          1.06011640870177         4.484201582173938E+018
   1.80000000000000          1.00240393928017         4.431768253978596E+018
   1.84000000000000         0.946116116716218         4.381399430812904E+018
   1.88000000000000         0.891196865548885         4.332984111357628E+018
   1.92000000000000         0.837594275852873         4.286420100053244E+018
   1.96000000000000         0.785260184258924         4.241613087847706E+018
 start path 3
   1.96000000000000          9.57744216599702         4.197274454451506E+018
   1.92000000000000          9.52510807440307         4.152168834370327E+018
   1.88000000000000          9.47150548470706         4.106286557777484E+018
   1.84000000000000          9.41658623353972         4.059616964594070E+018
   1.80000000000000          9.36029841097577         4.012148262585196E+018
   1.76000000000000          9.30258594155417         3.963867363953569E+018
   1.72000000000000          9.24338810258198         3.914759696325854E+018
   1.68000000000000          9.18263896782672         3.864808983064123E+018
   1.64000000000000          9.12026676193610         3.813996986602601E+018
   1.60000000000000          9.05619310738792         3.762303206918486E+018
   1.56000000000000          8.99033214121326         3.709704525173426E+018
   1.52000000000000          8.92258947280429         3.656174779835182E+018
   1.48000000000000          8.85286094632565         3.601684258965495E+018
   1.44000000000000          8.78103116090448         3.546199087489010E+018
   1.40000000000000          8.70697168788881         3.489680481630121E+018
   1.36000000000000          8.63053890559438         3.432083833566429E+018
   1.32000000000000          8.55157134597735         3.373357576563624E+018
   1.28000000000000          8.46988641136918         3.313441762689445E+018
   1.24000000000000          8.38527626788529         3.252266258929332E+018
   1.20000000000000          8.29750264769794         3.189748428789186E+018
   1.16000000000000          8.20629018277755         3.125790108117136E+018
   1.12000000000000          8.11131772783809         3.060273593838555E+018
   1.08000000000000          8.01220687614842         2.993056221554430E+018
   1.04000000000000          7.90850646956942         2.923962874569577E+018
   1.00000000000000          7.79967124723527         2.852775371607053E+018
  0.960000000000000          7.68503166592547         2.779216982829336E+018
  0.920000000000000          7.56374996626265         2.702929031759320E+018
  0.880000000000000          7.43475393539964         2.623434005855996E+018
  0.840000000000000          7.29663271667274         2.540074263504931E+018
  0.800000000000000          7.14746409151909         2.451903166435063E+018
  0.760000000000000          6.98450840620905         2.357473912239321E+018
  0.720000000000000          6.80361625827560         2.254376591606840E+018
  0.680000000000000          6.59793297650761         2.138017471379874E+018
  0.640000000000000          6.35449055303666         1.997169596236211E+018
  0.600000000000000          6.04181616569993         1.773011801667307E+018
  0.560000000000000          5.49620987359444         1.615791071987576E+018
  0.520000000000000          5.92130793062115         1.495014897297005E+018
  0.480000000000000          6.27662100489595         1.410010782290100E+018
  0.440000000000000          6.54410720611811         1.342296575990915E+018
  0.400000000000000          6.76880196176672         1.285247865439535E+018
  0.360000000000000          6.96693343310434         1.235593971911605E+018
  0.320000000000000          7.14655243708564         1.191439520849262E+018
  0.280000000000000          7.31234530932919         1.151572120021604E+018
  0.240000000000000          7.46732230355457         1.115162003667203E+018
  0.200000000000000          7.61355182474551         1.081612511236170E+018
  0.160000000000000          7.75252678173286         1.050478081249744E+018
 start path 4
  0.160000000000000          7.95466399556493         1.034593587066084E+018
  0.200000000000000          8.02254810600059         1.019271088409050E+018
  0.240000000000000          8.08911732803642         1.004471663899228E+018
  0.280000000000000          8.15445998578391         9.901606516078495E+017
  0.320000000000000          8.21865524288279         9.763070288905120E+017
  0.360000000000000          8.28177437204803         9.628829031477450E+017
  0.400000000000000          8.34388180739068         9.498630902447068E+017
  0.440000000000000          8.40503602324821         9.372247628715660E+017
  0.480000000000000          8.46529027322343         9.249471552035265E+017
  0.520000000000000          8.52469321566166         9.130113132517300E+017
  0.560000000000000          8.58328944617287         9.013998825773019E+017
  0.600000000000000          8.64111995352921         8.900969267743677E+017
  0.640000000000000          8.69822251198407         8.790877714584554E+017
  0.680000000000000          8.75463202051362         8.683588695268500E+017
  0.720000000000000          8.81038079749260         8.578976842623809E+017
  0.760000000000000          8.86549883774954         8.476925874851867E+017
  0.800000000000000          8.92001403770330         8.377327704595336E+017
  0.840000000000000          8.97395239328946         8.280081656635141E+017
  0.880000000000000          9.02733817458598         8.185093778520064E+017
  0.920000000000000          9.08019408040128         8.092276231037631E+017
  0.960000000000000          9.13254137556125         8.001546747555854E+017
   1.00000000000000          9.18440001320127         7.912828152999491E+017
   1.04000000000000          9.23578874401468         7.826047934649947E+017
   1.08000000000000          9.28672521411638         7.741137858136191E+017
   1.12000000000000          9.33722605293649         7.658033622962196E+017
   1.16000000000000          9.38730695235625         7.576674552731277E+017
   1.20000000000000          9.43698273812776         7.497003315911281E+017
   1.24000000000000          9.48626743447611         7.418965673558995E+017
   1.28000000000000          9.53517432266164         7.342510250905889E+017
   1.32000000000000          9.58371599417693         7.267588330119269E+017
   1.36000000000000          9.63190439916653         7.194153661901396E+017
   1.40000000000000          9.67975089058234         7.122162293887476E+017
   1.44000000000000          9.72726626452416         7.051572414058056E+017
   1.48000000000000          9.77446079715965         6.982344207600929E+017
   1.52000000000000          9.82134427857112         6.914439725846049E+017
   1.56000000000000          9.86792604383539         6.847822766059442E+017
   1.60000000000000          9.91421500160766         6.782458761024129E+017
   1.64000000000000          9.96021966044957         6.718314677457756E+017
   1.68000000000000          10.0059481531148         6.655358922423794E+017
   1.72000000000000          10.0514082589823         6.593561256986372E+017
   1.76000000000000          10.0966074248061         6.532892716439724E+017
   1.80000000000000          10.1415527839338         6.473325536515715E+017
   1.84000000000000          10.1862511741289         6.414833085034557E+017
   1.88000000000000          10.2307091541190         6.357389798520122E+017
   1.92000000000000          10.2749330189781         6.300971123349508E+017
   1.96000000000000          10.3189288144440         6.245553461050094E+017
 ***************************
 i_NBI=           5
 ***************************
 i_NBI=           5
 z_NBI=   5.11874984737484       Rmaj_NBI=   6.20000000000000       h_NBI=
  0.160000000000000     
 z1m=   2.87944995678403       z2m=   5.11874984737484       z3m=
   8.17419482315169       z4m=   10.2374996947497     
 rho_hat=  0.000000000000000E+000
     2.74186112469555          1.95621921511213          8.28128047963756       
   7.49563857005413     
 rho_hat=  2.000000000000000E-002
     2.66472784258353          2.07236444825017          8.16513524649952       
   7.57277185216616     
 rho_hat=  4.000000000000000E-002
     2.58963616863282          2.19219282589038          8.04530686885930       
   7.64786352611686     
 rho_hat=  6.000000000000000E-002
     2.51640936234987          2.31617674395720          7.92132295079249       
   7.72109033239981     
 rho_hat=  8.000000000000000E-002
     2.44489420430059          2.44489420430059          7.79260549044909       
   7.79260549044909     
 rho_hat=  0.100000000000000     
     2.37495685226752          2.57906482753478          7.65843486721490       
   7.86254284248216     
 rho_hat=  0.120000000000000     
     2.30647959009159          2.71960333246584          7.51789636228384       
   7.93102010465809     
 rho_hat=  0.140000000000000     
     2.23935824496992          2.86770209132878          7.36979760342090       
   7.99814144977977     
 rho_hat=  0.160000000000000     
     2.17350011263247          3.02496475811664          7.21253493663305       
   8.06399958211721     
 rho_hat=  0.180000000000000     
     2.10882227349536          3.19363582477774          7.04386386997195       
   8.12867742125432     
 rho_hat=  0.200000000000000     
     2.04525021340708          3.37702656280867          6.86047313194102       
   8.19224948134261     
 rho_hat=  0.220000000000000     
     1.98271668428489          3.58039228165743          6.65710741309225       
   8.25478301046480     
 rho_hat=  0.240000000000000     
     1.92116075557459          3.81303318592030          6.42446650882939       
   8.31633893917510     
 rho_hat=  0.260000000000000     
     1.86052701889917          4.09471078561987          6.14278890912981       
   8.37697267585051     
 rho_hat=  0.280000000000000     
     1.80076491672793          4.48801694035319          5.74948275439650       
   8.43673477802175     
 rho_hat=  0.300000000000000     
     1.74182817223934          4.62115563518985          5.61634405955984       
   8.49567152251035     
 rho_hat=  0.320000000000000     
     1.68367430235404          4.17661609890810          6.06088359584158       
   8.55382539239565     
 rho_hat=  0.340000000000000     
     1.62626419958758          3.88496542536264          6.35253426938705       
   8.61123549516210     
 rho_hat=  0.360000000000000     
     1.56956177120869          3.65197651792002          6.58552317682967       
   8.66793792354100     
 rho_hat=  0.380000000000000     
     1.51353362639724          3.45285189131631          6.78464780343337       
   8.72396606835244     
 rho_hat=  0.400000000000000     
     1.45814880383022          3.27657721702773          6.96092247772195       
   8.77935089091947     
 rho_hat=  0.420000000000000     
     1.40337853349517          3.11710652250400          7.12039317224569       
   8.83412116125452     
 rho_hat=  0.440000000000000     
     1.34919602762376          2.97069398217953          7.26680571257016       
   8.88830366712593     
 rho_hat=  0.460000000000000     
     1.29557629651425          2.83482690646812          7.40267278828156       
   8.94192339823543     
 rho_hat=  0.480000000000000     
     1.24249598571924          2.70772185085552          7.52977784389417       
   8.99500370903045     
 rho_hat=  0.500000000000000     
     1.18993323164944          2.58805824229926          7.64944145245042       
   9.04756646310024     
 rho_hat=  0.520000000000000     
     1.13786753311334          2.47482549142212          7.76267420332756       
   9.09963216163634     
 rho_hat=  0.540000000000000     
     1.08627963669752          2.36722954034456          7.87027015440512       
   9.15122005805216     
 rho_hat=  0.560000000000000     
     1.03515143421030          2.26463282104253          7.97286687370716       
   9.20234826053939     
 rho_hat=  0.580000000000000     
    0.984465870674646          2.16651408443178          8.07098561031790       
   9.25303382407504     
 rho_hat=  0.600000000000000     
    0.934206861575795          2.07244060502928          8.16505908972041       
   9.30329283317389     
 rho_hat=  0.620000000000000     
    0.884359218252394          1.98204839521208          8.25545129953761       
   9.35314047649729     
 rho_hat=  0.640000000000000     
    0.834908580474305          1.89502777498709          8.34247191976260       
   9.40259111427538     
 rho_hat=  0.660000000000000     
    0.785841355380117          1.81111262421992          8.42638707052976       
   9.45165833936957     
 rho_hat=  0.680000000000000     
    0.737144662057480          1.73007222918807          8.50742746556162       
   9.50035503269221     
 rho_hat=  0.700000000000000     
    0.688806281142877          1.65170499620836          8.58579469854132       
   9.54869341360681     
 rho_hat=  0.720000000000000     
    0.640814608897180          1.57583353450489          8.66166616024479       
   9.59668508585250     
 rho_hat=  0.740000000000000     
    0.593158615281515          1.50230076021766          8.73519893453202       
   9.64434107946817     
 rho_hat=  0.760000000000000     
    0.545827805616422          1.43096677349428          8.80653292125541       
   9.69167188913326     
 rho_hat=  0.780000000000000     
    0.498812185457749          1.36170632886191          8.87579336588777       
   9.73868750929194     
 rho_hat=  0.800000000000000     
    0.452102228366097          1.29440676653076          8.94309292821893       
   9.78539746638359     
 rho_hat=  0.820000000000000     
    0.405688846284364          1.22896630583940          9.00853338891028       
   9.83181084846532     
 rho_hat=  0.840000000000000     
    0.359563362270484          1.16529262615694          9.07220706859275       
   9.87793633247920     
 rho_hat=  0.860000000000000     
    0.313717485361034          1.10330167811652          9.13419801663316       
   9.92378220938865     
 rho_hat=  0.880000000000000     
    0.268143287366083          1.04291668101487          9.19458301373482       
   9.96935640738360     
 rho_hat=  0.900000000000000     
    0.222833181417384         0.984067271892174          9.25343242285751       
   10.0146665133323     
 rho_hat=  0.920000000000000     
    0.177779902111059         0.926688779117367          9.31081091563232       
   10.0597197926386     
 rho_hat=  0.940000000000000     
    0.132976487102637         0.870721598881197          9.36677809586849       
   10.1045232076470     
 rho_hat=  0.960000000000000     
    8.841626002698177E-002    0.816110657296269          9.42138903745342       
   10.1490834347227     
 rho_hat=  0.980000000000000     
    4.409281462868808E-002    0.762804944142021          9.47469475060766       
   10.1934068801210     
 rho_hat=   1.00000000000000     
    0.000000000000000E+000    0.710757106908951          9.52674258784073       
   10.2374996947497     
 ------------------------------------------------------------------
 check  2.880654484698923E+019 =?  2.880654484698921E+019
 rmin     z_path      I_path
 start pathe 1
   2.00000000000000         0.000000000000000E+000    2.880654484698923E+019
   1.96000000000000         4.409281462868808E-002    2.855131000698479E+019
   1.92000000000000         8.841626002698177E-002    2.829601278846342E+019
   1.88000000000000         0.132976487102637         2.804066893969413E+019
   1.84000000000000         0.177779902111059         2.778529319545520E+019
   1.80000000000000         0.222833181417384         2.752989924649996E+019
   1.76000000000000         0.268143287366083         2.727449970682344E+019
   1.72000000000000         0.313717485361034         2.701910607849910E+019
   1.68000000000000         0.359563362270484         2.676372871382339E+019
   1.64000000000000         0.405688846284364         2.650837677448305E+019
   1.60000000000000         0.452102228366097         2.625305818742091E+019
   1.56000000000000         0.498812185457749         2.599777959704112E+019
   1.52000000000000         0.545827805616422         2.574254631334885E+019
   1.48000000000000         0.593158615281515         2.548736225557103E+019
   1.44000000000000         0.640814608897180         2.523222989074688E+019
   1.40000000000000         0.688806281142877         2.497715016670947E+019
   1.36000000000000         0.737144662057480         2.472212243880726E+019
   1.32000000000000         0.785841355380117         2.446714438962248E+019
   1.28000000000000         0.834908580474305         2.421221194084408E+019
   1.24000000000000         0.884359218252394         2.395731915633394E+019
   1.20000000000000         0.934206861575795         2.370245813528665E+019
   1.16000000000000         0.984465870674646         2.344761889422186E+019
   1.12000000000000          1.03515143421030         2.319278923635874E+019
   1.08000000000000          1.08627963669752         2.293795460669830E+019
   1.04000000000000          1.13786753311334         2.268309793087651E+019
   1.00000000000000          1.18993323164944         2.242819943553607E+019
  0.960000000000000          1.24249598571924         2.217323644759384E+019
  0.920000000000000          1.29557629651425         2.191818316933177E+019
  0.880000000000000          1.34919602762376         2.166301042570665E+019
  0.840000000000000          1.40337853349517         2.140768537962192E+019
  0.800000000000000          1.45814880383022         2.115217121012445E+019
  0.760000000000000          1.51353362639724         2.089642674752898E+019
  0.720000000000000          1.56956177120869         2.064040605830109E+019
  0.680000000000000          1.62626419958758         2.038405797108516E+019
  0.640000000000000          1.68367430235404         2.012732553347037E+019
  0.600000000000000          1.74182817223934         1.987014538685292E+019
  0.560000000000000          1.80076491672793         1.961244704394542E+019
  0.520000000000000          1.86052701889917         1.935415204993030E+019
  0.480000000000000          1.92116075557459         1.909517300372783E+019
  0.440000000000000          1.98271668428489         1.883541241003029E+019
  0.400000000000000          2.04525021340708         1.857476132521261E+019
  0.360000000000000          2.10882227349536         1.831309775036202E+019
  0.320000000000000          2.17350011263247         1.805028471163134E+019
  0.280000000000000          2.23935824496992         1.778616795070313E+019
  0.240000000000000          2.30647959009159         1.752057312461525E+019
  0.200000000000000          2.37495685226752         1.725330238198515E+019
 start path 2
  0.200000000000000          2.57906482753478         1.675191976604368E+019
  0.240000000000000          2.71960333246584         1.624255855161674E+019
  0.280000000000000          2.86770209132878         1.572278912267855E+019
  0.320000000000000          3.02496475811664         1.518934094380686E+019
  0.360000000000000          3.19363582477774         1.463762973894155E+019
  0.400000000000000          3.37702656280867         1.406087816143737E+019
  0.440000000000000          3.58039228165743         1.344830051685876E+019
  0.480000000000000          3.81303318592030         1.278074505577837E+019
  0.520000000000000          4.09471078561987         1.201735075822858E+019
  0.560000000000000          4.48801694035319         1.102803704149234E+019
  0.600000000000000          4.62115563518985         1.071227187842625E+019
  0.640000000000000          4.17661609890810         9.723072873787898E+018
  0.680000000000000          3.88496542536264         9.124953978161488E+018
  0.720000000000000          3.65197651792002         8.674252921603827E+018
  0.760000000000000          3.45285189131631         8.307235297356938E+018
  0.800000000000000          3.27657721702773         7.995752860431283E+018
  0.840000000000000          3.11710652250400         7.724441852543060E+018
  0.880000000000000          2.97069398217953         7.483837674911210E+018
  0.920000000000000          2.83482690646812         7.267627893989145E+018
  0.960000000000000          2.70772185085552         7.071357989803847E+018
   1.00000000000000          2.58805824229926         6.891748754820045E+018
   1.04000000000000          2.47482549142212         6.726305418423158E+018
   1.08000000000000          2.36722954034456         6.573079283885943E+018
   1.12000000000000          2.26463282104253         6.430514943962186E+018
   1.16000000000000          2.16651408443178         6.297348302617899E+018
   1.20000000000000          2.07244060502928         6.172536182017002E+018
   1.24000000000000          1.98204839521208         6.055206334745491E+018
   1.28000000000000          1.89502777498709         5.944621074846264E+018
   1.32000000000000          1.81111262421992         5.840150255989885E+018
   1.36000000000000          1.73007222918807         5.741250822623164E+018
   1.40000000000000          1.65170499620836         5.647451082744013E+018
   1.44000000000000          1.57583353450489         5.558338436858726E+018
   1.48000000000000          1.50230076021766         5.473549679610579E+018
   1.52000000000000          1.43096677349428         5.392763245431251E+018
   1.56000000000000          1.36170632886191         5.315692943232741E+018
   1.60000000000000          1.29440676653076         5.242082845746166E+018
   1.64000000000000          1.22896630583940         5.171703084286204E+018
   1.68000000000000          1.16529262615694         5.104346360818033E+018
   1.72000000000000          1.10330167811652         5.039825033656933E+018
   1.76000000000000          1.04291668101487         4.977968665897243E+018
   1.80000000000000         0.984067271892174         4.918621950108691E+018
   1.84000000000000         0.926688779117367         4.861642941274051E+018
   1.88000000000000         0.870721598881197         4.806901543988859E+018
   1.92000000000000         0.816110657296269         4.754278210751236E+018
   1.96000000000000         0.762804944142021         4.703662816556194E+018
 start path 3
   1.96000000000000          9.47469475060766         4.653586288202811E+018
   1.92000000000000          9.42138903745342         4.602641366665909E+018
   1.88000000000000          9.36677809586849         4.550816289699666E+018
   1.84000000000000          9.31081091563232         4.498098068172213E+018
   1.80000000000000          9.25343242285751         4.444472309241742E+018
   1.76000000000000          9.19458301373482         4.389923012029584E+018
   1.72000000000000          9.13419801663316         4.334432330392964E+018
   1.68000000000000          9.07220706859275         4.277980296099491E+018
   1.64000000000000          9.00853338891028         4.220544494028141E+018
   1.60000000000000          8.94309292821893         4.162099678842314E+018
   1.56000000000000          8.87579336588777         4.102617319719566E+018
   1.52000000000000          8.80653292125541         4.042065055930471E+018
   1.48000000000000          8.73519893453202         3.980406040974521E+018
   1.44000000000000          8.66166616024479         3.917598146083172E+018
   1.40000000000000          8.58579469854132         3.853592984419507E+018
   1.36000000000000          8.50742746556162         3.788334704087735E+018
   1.32000000000000          8.42638707052976         3.721758479353626E+018
   1.28000000000000          8.34247191976260         3.653788602528814E+018
   1.24000000000000          8.25545129953761         3.584336039424193E+018
   1.20000000000000          8.16505908972041         3.513295252012009E+018
   1.16000000000000          8.07098561031790         3.440540001019155E+018
   1.12000000000000          7.97286687370716         3.365917697979384E+018
   1.08000000000000          7.87027015440512         3.289241643897872E+018
   1.04000000000000          7.76267420332756         3.210280101458959E+018
   1.00000000000000          7.64944145245042         3.128740465940837E+018
  0.960000000000000          7.52977784389417         3.044245552273235E+018
  0.920000000000000          7.40267278828156         2.956296602480202E+018
  0.880000000000000          7.26680571257016         2.864212627164704E+018
  0.840000000000000          7.12039317224569         2.767024478875649E+018
  0.800000000000000          6.96092247772195         2.663274013544861E+018
  0.760000000000000          6.78464780343337         2.550587824889322E+018
  0.720000000000000          6.58552317682967         2.424608819376316E+018
  0.680000000000000          6.35253426938705         2.275457993480424E+018
  0.640000000000000          6.06088359584158         2.065336293079940E+018
  0.600000000000000          5.61634405955984         2.006199635403058E+018
  0.560000000000000          5.74948275439650         1.841041701866294E+018
  0.520000000000000          6.14278890912981         1.731076224061801E+018
  0.480000000000000          6.42446650882939         1.645147940003140E+018
  0.440000000000000          6.65710741309225         1.573475257934508E+018
  0.400000000000000          6.86047313194102         1.511477219087875E+018
  0.360000000000000          7.04386386997195         1.456576949171329E+018
  0.320000000000000          7.21253493663305         1.407157707148858E+018
  0.280000000000000          7.36979760342090         1.362128005975459E+018
  0.240000000000000          7.51789636228384         1.320710951391961E+018
  0.200000000000000          7.65843486721490         1.282330964937724E+018
 start path 4
  0.200000000000000          7.86254284248216         1.262769415959913E+018
  0.240000000000000          7.93102010465809         1.243912907669283E+018
  0.280000000000000          7.99814144977977         1.225711629778154E+018
  0.320000000000000          8.06399958211721         1.208121323516442E+018
  0.360000000000000          8.12867742125432         1.191102459110608E+018
  0.400000000000000          8.19224948134261         1.174619562886320E+018
  0.440000000000000          8.25478301046480         1.158640662094768E+018
  0.480000000000000          8.31633893917510         1.143136823291260E+018
  0.520000000000000          8.37697267585051         1.128081765741895E+018
  0.560000000000000          8.43673477802175         1.113451535512769E+018
  0.600000000000000          8.49567152251035         1.099224229024463E+018
  0.640000000000000          8.55382539239565         1.085379757221890E+018
  0.680000000000000          8.61123549516210         1.071899643319053E+018
  0.720000000000000          8.66793792354100         1.058766848474205E+018
  0.760000000000000          8.72396606835244         1.045965620837237E+018
  0.800000000000000          8.77935089091947         1.033481364263402E+018
  0.840000000000000          8.83412116125452         1.021300523661251E+018
  0.880000000000000          8.88830366712593         1.009410484478941E+018
  0.920000000000000          8.94192339823543         9.977994842631201E+017
  0.960000000000000          8.99500370903045         9.864565345713199E+017
   1.00000000000000          9.04756646310024         9.753713518001123E+017
   1.04000000000000          9.09963216163634         9.645342957210583E+017
   1.08000000000000          9.15122005805216         9.539363147046336E+017
   1.12000000000000          9.20234826053939         9.435688967678259E+017
   1.16000000000000          9.25303382407504         9.334240257096348E+017
   1.20000000000000          9.30329283317389         9.234941417059174E+017
   1.24000000000000          9.35314047649729         9.137721058244649E+017
   1.28000000000000          9.40259111427538         9.042511679964269E+017
   1.32000000000000          9.45165833936957         8.949249380434976E+017
   1.36000000000000          9.50035503269221         8.857873594138725E+017
   1.40000000000000          9.54869341360681         8.768326853254770E+017
   1.44000000000000          9.59668508585250         8.680554570537161E+017
   1.48000000000000          9.64434107946817         8.594504841341460E+017
   1.52000000000000          9.69167188913326         8.510128262788794E+017
   1.56000000000000          9.73868750929194         8.427377768299095E+017
   1.60000000000000          9.78539746638359         8.346208475937435E+017
   1.64000000000000          9.83181084846532         8.266577549198568E+017
   1.68000000000000          9.87793633247920         8.188444069013535E+017
   1.72000000000000          9.92378220938865         8.111768915899978E+017
   1.76000000000000          9.96935640738360         8.036514661297266E+017
   1.80000000000000          10.0146665133323         7.962645467233079E+017
   1.84000000000000          10.0597197926386         7.890126993559050E+017
   1.88000000000000          10.1045232076470         7.818926312075218E+017
   1.92000000000000          10.1490834347227         7.749011826932224E+017
   1.96000000000000          10.1934068801210         7.680353200764339E+017
 ***************************
 i_NBI=           6
 ***************************
 i_NBI=           6
 z_NBI=   5.05568986390581       Rmaj_NBI=   6.20000000000000       h_NBI=
  0.200000000000000     
 z1m=   2.97444023928122       z2m=   5.05568986390581       z3m=
   8.17395861435052       z4m=   10.1113797278116     
 rho_hat=  0.000000000000000E+000
     2.79294816410886          1.80607450205143          8.30530522576020       
   7.31843156370276     
 rho_hat=  2.000000000000000E-002
     2.71253301896351          1.91965670081586          8.19172302699577       
   7.39884670884812     
 rho_hat=  4.000000000000000E-002
     2.63446372824645          2.03661450876809          8.07476521904354       
   7.47691599956518     
 rho_hat=  6.000000000000000E-002
     2.55852026614117          2.15735654974058          7.95402317807104       
   7.55285946167045     
 rho_hat=  8.000000000000000E-002
     2.48451425730093          2.28237704346885          7.82900268434277       
   7.62686547051070     
 rho_hat=  0.100000000000000     
     2.41228297127653          2.41228297127653          7.69909675653510       
   7.69909675653510     
 rho_hat=  0.120000000000000     
     2.34168470547298          2.54783340868355          7.56354631912808       
   7.76969502233864     
 rho_hat=  0.140000000000000     
     2.27259518351853          2.68999842164205          7.42138130616958       
   7.83878454429310     
 rho_hat=  0.160000000000000     
     2.20490470890027          2.84005090414725          7.27132882366437       
   7.90647501891136     
 rho_hat=  0.180000000000000     
     2.13851588897734          2.99971710144032          7.11166262637131       
   7.97286383883429     
 rho_hat=  0.200000000000000     
     2.07334179568843          3.17143934977560          6.93994037803603       
   8.03803793212320     
 rho_hat=  0.220000000000000     
     2.00930446478114          3.35887402239561          6.75250570541602       
   8.10207526303049     
 rho_hat=  0.240000000000000     
     1.94633366044504          3.56794795080395          6.54343177700768       
   8.16504606736659     
 rho_hat=  0.260000000000000     
     1.88436585018536          3.80950528688683          6.30187444092480       
   8.22701387762627     
 rho_hat=  0.280000000000000     
     1.82334334782806          4.10806968683063          6.00331004098100       
   8.28803637998357     
 rho_hat=  0.300000000000000     
     1.76321359216140          4.55729243213074          5.55408729568089       
   8.34816613565022     
 rho_hat=  0.320000000000000     
     1.70392853588737          4.42658255986302          5.68479716794861       
   8.40745119192426     
 rho_hat=  0.340000000000000     
     1.64544412495972          4.03856450290060          6.07281522491103       
   8.46593560285191     
 rho_hat=  0.360000000000000     
     1.58771985250145          3.76421628694034          6.34716344087129       
   8.52365987531018     
 rho_hat=  0.380000000000000     
     1.53071837465941          3.54048162739177          6.57089810041985       
   8.58066135315222     
 rho_hat=  0.400000000000000     
     1.47440517820991          3.34735734358081          6.76402238423082       
   8.63697454960172     
 rho_hat=  0.420000000000000     
     1.41874829165036          3.17538776051923          6.93599196729240       
   8.69263143616127     
 rho_hat=  0.440000000000000     
     1.36371803302736          3.01920662066515          7.09217310714647       
   8.74766169478427     
 rho_hat=  0.460000000000000     
     1.30928678895512          2.87541832118459          7.23596140662704       
   8.80209293885650     
 rho_hat=  0.480000000000000     
     1.25542882024052          2.74171147161258          7.36966825619905       
   8.85595090757110     
 rho_hat=  0.500000000000000     
     1.20212009030628          2.61642768037572          7.49495204743591       
   8.90925963750535     
 rho_hat=  0.520000000000000     
     1.14933811323102          2.49832872398052          7.61305100383111       
   8.96204161458060     
 rho_hat=  0.540000000000000     
     1.09706181873663          2.38646076171170          7.72491896609993       
   9.01431790907500     
 rho_hat=  0.560000000000000     
     1.04527143187157          2.28007029343150          7.83130943438013       
   9.06610829594005     
 rho_hat=  0.580000000000000     
    0.993948365484232          2.17854961706347          7.93283011074815       
   9.11743136232739     
 rho_hat=  0.600000000000000     
    0.943075123865118          2.08140003270241          8.02997969510922       
   9.16830460394651     
 rho_hat=  0.620000000000000     
    0.892635216174174          1.98820620461763          8.12317352319399       
   9.21874451163745     
 rho_hat=  0.640000000000000     
    0.842613078467409          1.89861780264399          8.21276192516764       
   9.26876664934422     
 rho_hat=  0.660000000000000     
    0.792994003303042          1.81233604416921          8.29904368364241       
   9.31838572450859     
 rho_hat=  0.680000000000000     
    0.743764076047214          1.72910362573311          8.38227610207851       
   9.36761565176441     
 rho_hat=  0.700000000000000     
    0.694910117117403          1.64869705499060          8.46268267282103       
   9.41646961069423     
 rho_hat=  0.720000000000000     
    0.646419629501938          1.57092071803689          8.54045900977473       
   9.46496009830969     
 rho_hat=  0.740000000000000     
    0.598280750979338          1.49560222453512          8.61577750327651       
   9.51309897683229     
 rho_hat=  0.760000000000000     
    0.550482210533997          1.42258870924469          8.68879101856694       
   9.56089751727763     
 rho_hat=  0.780000000000000     
    0.503013288527326          1.35174385997973          8.75963586783190       
   9.60836643928430     
 rho_hat=  0.800000000000000     
    0.455863780236999          1.28294550468930          8.82843422312233       
   9.65551594757463     
 rho_hat=  0.820000000000000     
    0.409023962423334          1.21608363409526          8.89529609371637       
   9.70235576538829     
 rho_hat=  0.840000000000000     
    0.362484562621842          1.15105876737441          8.96032096043722       
   9.74889516518979     
 rho_hat=  0.860000000000000     
    0.316236730895635          1.08778059074948          9.02359913706214       
   9.79514299691599     
 rho_hat=  0.880000000000000     
    0.270272013811633          1.02616681520638          9.08521291260525       
   9.84110771399999     
 rho_hat=  0.900000000000000     
    0.224582330430700         0.966142211658686          9.14523751615294       
   9.88679739738093     
 rho_hat=  0.920000000000000     
    0.179159950124910         0.907637790944338          9.20374193686729       
   9.93221977768672     
 rho_hat=  0.940000000000000     
    0.133997472055222         0.850590102901326          9.26078962491030       
   9.97738225575641     
 rho_hat=  0.960000000000000     
    8.908780616049938E-002    0.794940634016779          9.31643909379485       
   10.0222919216511     
 rho_hat=  0.980000000000000     
    4.442415552434653E-002    0.740635287194182          9.37074444061744       
   10.0669555722873     
 rho_hat=   1.00000000000000     
   -8.881784197001252E-016    0.687623930337502          9.42375579747413       
   10.1113797278116     
 ------------------------------------------------------------------
 check  2.880654484698923E+019 =?  2.880654484698921E+019
 rmin     z_path      I_path
 start pathe 1
   2.00000000000000         0.000000000000000E+000    2.880654484698923E+019
   1.96000000000000         4.442415552434653E-002    2.854935971961811E+019
   1.92000000000000         8.908780616049938E-002    2.829208709729331E+019
   1.88000000000000         0.133997472055222         2.803474191780749E+019
   1.84000000000000         0.179159950124910         2.777733805014059E+019
   1.80000000000000         0.224582330430700         2.751988825987957E+019
   1.76000000000000         0.270272013811633         2.726240417206455E+019
   1.72000000000000         0.316236730895635         2.700489623118459E+019
   1.68000000000000         0.362484562621842         2.674737365801806E+019
   1.64000000000000         0.409023962423334         2.648984440297180E+019
   1.60000000000000         0.455863780236999         2.623231509553834E+019
   1.56000000000000         0.503013288527326         2.597479098943687E+019
   1.52000000000000         0.550482210533997         2.571727590295532E+019
   1.48000000000000         0.598280750979338         2.545977215394414E+019
   1.44000000000000         0.646419629501938         2.520228048884635E+019
   1.40000000000000         0.694910117117403         2.494480000506235E+019
   1.36000000000000         0.743764076047214         2.468732806585380E+019
   1.32000000000000         0.792994003303042         2.442986020688291E+019
   1.28000000000000         0.842613078467409         2.417239003335186E+019
   1.24000000000000         0.892635216174174         2.391490910655917E+019
   1.20000000000000         0.943075123865118         2.365740681851390E+019
   1.16000000000000         0.993948365484232         2.339987025304132E+019
   1.12000000000000          1.04527143187157         2.314228403157214E+019
   1.08000000000000          1.09706181873663         2.288463014151596E+019
   1.04000000000000          1.14933811323102         2.262688774478024E+019
   1.00000000000000          1.20212009030628         2.236903296358495E+019
  0.960000000000000          1.25542882024052         2.211103864023348E+019
  0.920000000000000          1.30928678895512         2.185287406691120E+019
  0.880000000000000          1.36371803302736         2.159450468086773E+019
  0.840000000000000          1.41874829165036         2.133589171947392E+019
  0.800000000000000          1.47440517820991         2.107699182858341E+019
  0.760000000000000          1.53071837465941         2.081775661632741E+019
  0.720000000000000          1.58771985250145         2.055813214286412E+019
  0.680000000000000          1.64544412495972         2.029805833460361E+019
  0.640000000000000          1.70392853588737         2.003746830892989E+019
  0.600000000000000          1.76321359216140         1.977628759228987E+019
  0.560000000000000          1.82334334782806         1.951443321052044E+019
  0.520000000000000          1.88436585018536         1.925181262517128E+019
  0.480000000000000          1.94633366044504         1.898832248298582E+019
  0.440000000000000          2.00930446478114         1.872384713711852E+019
  0.400000000000000          2.07334179568843         1.845825688739240E+019
  0.360000000000000          2.13851588897734         1.819140587193256E+019
  0.320000000000000          2.20490470890027         1.792312952241813E+019
  0.280000000000000          2.27259518351853         1.765324146790349E+019
  0.240000000000000          2.34168470547298         1.738152973458167E+019
 start path 2
  0.240000000000000          2.54783340868355         1.687150451094332E+019
  0.280000000000000          2.68999842164205         1.635290407838828E+019
  0.320000000000000          2.84005090414725         1.582309816662587E+019
  0.360000000000000          2.99971710144032         1.527851635831660E+019
  0.400000000000000          3.17143934977560         1.471409922728620E+019
  0.440000000000000          3.35887402239561         1.412225573638203E+019
  0.480000000000000          3.56794795080395         1.349064608803449E+019
  0.520000000000000          3.80950528688683         1.279661310195651E+019
  0.560000000000000          4.10806968683063         1.198869971250529E+019
  0.600000000000000          4.55729243213074         1.086931968251988E+019
  0.640000000000000          4.42658255986302         1.056403845254829E+019
  0.680000000000000          4.03856450290060         9.708373490845018E+018
  0.720000000000000          3.76421628694034         9.146243629215282E+018
  0.760000000000000          3.54048162739177         8.712578475402331E+018
  0.800000000000000          3.34735734358081         8.355319806180104E+018
  0.840000000000000          3.17538776051923         8.049997967541588E+018
  0.880000000000000          3.01920662066515         7.782804287869974E+018
  0.920000000000000          2.87541832118459         7.545050668878769E+018
  0.960000000000000          2.74171147161258         7.330856971898832E+018
   1.00000000000000          2.61642768037572         7.136028626961888E+018
   1.04000000000000          2.49832872398052         6.957452001951144E+018
   1.08000000000000          2.38646076171170         6.792742602430995E+018
   1.12000000000000          2.28007029343150         6.640027837651484E+018
   1.16000000000000          2.17854961706347         6.497806368721024E+018
   1.20000000000000          2.08140003270241         6.364853445303843E+018
   1.24000000000000          1.98820620461763         6.240155104895741E+018
   1.28000000000000          1.89861780264399         6.122861167968838E+018
   1.32000000000000          1.81233604416921         6.012250863783270E+018
   1.36000000000000          1.72910362573311         5.907707176510221E+018
   1.40000000000000          1.64869705499060         5.808697355299103E+018
   1.44000000000000          1.57092071803689         5.714757872357834E+018
   1.48000000000000          1.49560222453512         5.625482650136515E+018
   1.52000000000000          1.42258870924469         5.540513730753949E+018
   1.56000000000000          1.35174385997973         5.459533796912941E+018
   1.60000000000000          1.28294550468930         5.382260115168121E+018
   1.64000000000000          1.21608363409526         5.308439585090420E+018
   1.68000000000000          1.15105876737441         5.237844657756075E+018
   1.72000000000000          1.08778059074948         5.170269944487095E+018
   1.76000000000000          1.02616681520638         5.105529378733618E+018
   1.80000000000000         0.966142211658686         5.043453825009376E+018
   1.84000000000000         0.907637790944338         4.983889051991139E+018
   1.88000000000000         0.850590102901326         4.926694004434610E+018
   1.92000000000000         0.794940634016779         4.871739321955799E+018
   1.96000000000000         0.740635287194182         4.818906063054889E+018
 start path 3
   1.96000000000000          9.37074444061744         4.766645772669251E+018
   1.92000000000000          9.31643909379485         4.713476344105141E+018
   1.88000000000000          9.26078962491030         4.659384549355023E+018
   1.84000000000000          9.20374193686729         4.604355755057200E+018
   1.80000000000000          9.14523751615294         4.548373718360063E+018
   1.76000000000000          9.08521291260525         4.491420350171066E+018
   1.72000000000000          9.02359913706214         4.433475439207766E+018
   1.68000000000000          8.96032096043722         4.374516328634382E+018
   1.64000000000000          8.89529609371637         4.314517534948570E+018
   1.60000000000000          8.82843422312233         4.253450296008392E+018
   1.56000000000000          8.75963586783190         4.191282031420426E+018
   1.52000000000000          8.68879101856694         4.127975693602688E+018
   1.48000000000000          8.61577750327651         4.063488981199153E+018
   1.44000000000000          8.54045900977473         3.997773377427308E+018
   1.40000000000000          8.46268267282103         3.930772963304639E+018
   1.36000000000000          8.38227610207851         3.862422937876977E+018
   1.32000000000000          8.29904368364241         3.792647752006870E+018
   1.28000000000000          8.21276192516764         3.721358724934314E+018
   1.24000000000000          8.12317352319399         3.648450957135685E+018
   1.20000000000000          8.02997969510922         3.573799268062519E+018
   1.16000000000000          7.93283011074815         3.497252754404168E+018
   1.12000000000000          7.83130943438013         3.418627350348346E+018
   1.08000000000000          7.72491896609993         3.337695414648161E+018
   1.04000000000000          7.61305100383111         3.254170752175575E+018
   1.00000000000000          7.49495204743591         3.167686361030190E+018
  0.960000000000000          7.36966825619905         3.077760065990105E+018
  0.920000000000000          7.23596140662704         2.983738866559941E+018
  0.880000000000000          7.09217310714647         2.884703292867885E+018
  0.840000000000000          6.93599196729240         2.779289863611289E+018
  0.800000000000000          6.76402238423082         2.665325277712883E+018
  0.760000000000000          6.57089810041985         2.538950041782275E+018
  0.720000000000000          6.34716344087129         2.391940901989935E+018
  0.680000000000000          6.07281522491103         2.198198704866070E+018
  0.640000000000000          5.68479716794861         2.136458980214978E+018
  0.600000000000000          5.55408729568089         1.936978671700696E+018
  0.560000000000000          6.00331004098100         1.814687641138150E+018
  0.520000000000000          6.30187444092480         1.721330134450980E+018
  0.480000000000000          6.54343177700768         1.644344648477255E+018
  0.440000000000000          6.75250570541602         1.578204366155408E+018
  0.400000000000000          6.93994037803603         1.519902528487760E+018
  0.360000000000000          7.11166262637131         1.467592212347302E+018
  0.320000000000000          7.27132882366437         1.420044753716657E+018
  0.280000000000000          7.42138130616958         1.376395070723223E+018
  0.240000000000000          7.56354631912808         1.336007589616559E+018
 start path 4
  0.240000000000000          7.76969502233864         1.315444287485002E+018
  0.280000000000000          7.83878454429310         1.295636212163800E+018
  0.320000000000000          7.90647501891136         1.276528917447546E+018
  0.360000000000000          7.97286383883429         1.258074139189617E+018
  0.400000000000000          8.03803793212320         1.240228862930180E+018
  0.440000000000000          8.10207526303049         1.222954564067182E+018
  0.480000000000000          8.16504606736659         1.206216583169161E+018
  0.520000000000000          8.22701387762627         1.189983608236587E+018
  0.560000000000000          8.28803637998357         1.174227242407238E+018
  0.600000000000000          8.34816613565022         1.158921640524714E+018
  0.640000000000000          8.40745119192426         1.144043201657322E+018
  0.680000000000000          8.46593560285191         1.129570307417617E+018
  0.720000000000000          8.52365987531018         1.115483098036320E+018
  0.760000000000000          8.58066135315222         1.101763279760580E+018
  0.800000000000000          8.63697454960172         1.088393958399766E+018
  0.840000000000000          8.69263143616127         1.075359494821896E+018
  0.880000000000000          8.74766169478427         1.062645378975970E+018
  0.920000000000000          8.80209293885650         1.050238119628278E+018
  0.960000000000000          8.85595090757110         1.038125147490747E+018
   1.00000000000000          8.90925963750535         1.026294729813384E+018
   1.04000000000000          8.96204161458060         1.014735894831845E+018
   1.08000000000000          9.01431790907500         1.003438364720885E+018
   1.12000000000000          9.06610829594005         9.923924959168874E+017
   1.16000000000000          9.11743136232739         9.815892258476088E+017
   1.20000000000000          9.16830460394651         9.710200252518593E+017
   1.24000000000000          9.21874451163745         9.606768553919016E+017
   1.28000000000000          9.26876664934422         9.505521295616925E+017
   1.32000000000000          9.31838572450859         9.406386783779260E+017
   1.36000000000000          9.36761565176441         9.309297184116252E+017
   1.40000000000000          9.41646961069423         9.214188237776412E+017
   1.44000000000000          9.46496009830969         9.120999003500332E+017
   1.48000000000000          9.51309897683229         9.029671623143588E+017
   1.52000000000000          9.56089751727763         8.940151108045719E+017
   1.56000000000000          9.60836643928430         8.852385144038103E+017
   1.60000000000000          9.65551594757463         8.766323913152855E+017
   1.64000000000000          9.70235576538829         8.681919930327735E+017
   1.68000000000000          9.74889516518979         8.599127893604337E+017
   1.72000000000000          9.79514299691599         8.517904546489760E+017
   1.76000000000000          9.84110771399999         8.438208551304861E+017
   1.80000000000000          9.88679739738093         8.360000372472506E+017
   1.84000000000000          9.93221977768672         8.283242168816481E+017
   1.88000000000000          9.97738225575641         8.207897694040616E+017
   1.92000000000000          10.0222919216511         8.133932204647575E+017
   1.96000000000000          10.0669555722873         8.061312374633536E+017
 ***************************
 i_NBI=           7
 ***************************
 i_NBI=           7
 z_NBI=   4.99215384378326       Rmaj_NBI=   6.20000000000000       h_NBI=
  0.240000000000000     
 z1m=   3.08057229961623       z2m=   4.99215384378326       z3m=
   8.17225195547730       z4m=   9.98430768756652     
 rho_hat=  0.000000000000000E+000
     2.84888531184425          1.65724754824811          8.32706013931841       
   7.13542237572227     
 rho_hat=  2.000000000000000E-002
     2.76465659350438          1.76846899566302          8.21583869190350       
   7.21965109406214     
 rho_hat=  4.000000000000000E-002
     2.68315925738857          1.88279764032249          8.10151004724403       
   7.30114843017795     
 rho_hat=  6.000000000000000E-002
     2.60411364311661          2.00058970440734          7.98371798315918       
   7.38019404444991     
 rho_hat=  8.000000000000000E-002
     2.52728386749648          2.12227161623454          7.86203607133198       
   7.45702382007004     
 rho_hat=  0.100000000000000     
     2.45246882394320          2.24836084867594          7.73594683889058       
   7.53183886362332     
 rho_hat=  0.120000000000000     
     2.37949542753363          2.37949542753363          7.60481226003289       
   7.60481226003289     
 rho_hat=  0.140000000000000     
     2.30821345696391          2.51647696664440          7.46783072092212       
   7.67609423060261     
 rho_hat=  0.160000000000000     
     2.23849155512112          2.66033566905351          7.32397201851301       
   7.74581613244540     
 rho_hat=  0.180000000000000     
     2.17021408539011          2.81243276070864          7.17187492685788       
   7.81409360217641     
 rho_hat=  0.200000000000000     
     2.10327863014042          2.97463060971630          7.00967707785022       
   7.88102905742610     
 rho_hat=  0.220000000000000     
     2.03759397808414          3.14959475382169          6.83471293374483       
   7.94671370948238     
 rho_hat=  0.240000000000000     
     1.97307848864553          3.34137948003757          6.64292820752895       
   8.01122919892099     
 rho_hat=  0.260000000000000     
     1.90965875051872          3.55671105495467          6.42759663261185       
   8.07464893704780     
 rho_hat=  0.280000000000000     
     1.84726847226334          3.80837007974525          6.17593760782127       
   8.13703921530318     
 rho_hat=  0.300000000000000     
     1.78584755772761          4.12751519093457          5.85679249663195       
   8.19846012983891     
 rho_hat=  0.320000000000000     
     1.72534133003228          4.67709194510301          5.30721574246351       
   8.25896635753424     
 rho_hat=  0.340000000000000     
     1.66569987596708          4.25481809936286          5.72948958820366       
   8.31860781159944     
 rho_hat=  0.360000000000000     
     1.60687748874221          3.90533095112779          6.07897673643873       
   8.37743019882431     
 rho_hat=  0.380000000000000     
     1.54883219165722          3.64556704747194          6.33874064009458       
   8.43547549590930     
 rho_hat=  0.400000000000000     
     1.49152532878770          3.43010390860193          6.55420377896459       
   8.49278235877882     
 rho_hat=  0.420000000000000     
     1.43492121152543          3.24249787760019          6.74180980996633       
   8.54938647604109     
 rho_hat=  0.440000000000000     
     1.37898681193987          3.07455534566120          6.90975234190532       
   8.60532087562665     
 rho_hat=  0.460000000000000     
     1.32369149560521          2.92148631856343          7.06282136900309       
   8.66061619196131     
 rho_hat=  0.480000000000000     
     1.26900678786403          2.78020086055780          7.20410682700872       
   8.71530089970249     
 rho_hat=  0.500000000000000     
     1.21490616855729          2.64856684945171          7.33574083811481       
   8.76940151900923     
 rho_hat=  0.520000000000000     
     1.16136489110002          2.52503892955652          7.45926875801000       
   8.82294279646650     
 rho_hat=  0.540000000000000     
     1.10835982246854          2.40845417083363          7.57585351673289       
   8.87594786509798     
 rho_hat=  0.560000000000000     
     1.05586930122285          2.29791109302749          7.68639659453903       
   8.92843838634367     
 rho_hat=  0.580000000000000     
     1.00387301114371          2.19269389586473          7.79161379170179       
   8.98043467642281     
 rho_hat=  0.600000000000000     
    0.952351868438429          2.09222281012056          7.89208487744596       
   9.03195581912809     
 rho_hat=  0.620000000000000     
    0.901287920778693          1.99602033540951          7.98828735215701       
   9.08301976678783     
 rho_hat=  0.640000000000000     
    0.850664256690230          1.90368755774418          8.08062012982234       
   9.13364343087629     
 rho_hat=  0.660000000000000     
    0.800464924027882          1.81488709388642          8.16942059368010       
   9.18384276353864     
 rho_hat=  0.680000000000000     
    0.750674856448772          1.72933052647048          8.25497716109605       
   9.23363283111775     
 rho_hat=  0.700000000000000     
    0.701279806946478          1.64676896308567          8.33753872448085       
   9.28302788062004     
 rho_hat=  0.720000000000000     
    0.652266287636213          1.56698581870770          8.41732186885882       
   9.33204139993031     
 rho_hat=  0.740000000000000     
    0.603621515088393          1.48979121264410          8.49451647492242       
   9.38068617247813     
 rho_hat=  0.760000000000000     
    0.555333360599384          1.41501755898784          8.56929012857868       
   9.42897432696714     
 rho_hat=  0.780000000000000     
    0.507390304866187          1.34251605353612          8.64179163403040       
   9.47691738270033     
 rho_hat=  0.800000000000000     
    0.459781396598453          1.27215384378326          8.71215384378326       
   9.52452629096807     
 rho_hat=  0.820000000000000     
    0.412496214658569          1.20381172618089          8.78049596138563       
   9.57181147290795     
 rho_hat=  0.840000000000000     
    0.365524833369741          1.13738225521929          8.84692543234723       
   9.61878285419678     
 rho_hat=  0.860000000000000     
    0.318857790674706          1.07276817763608          8.91153950993044       
   9.66544989689181     
 rho_hat=  0.880000000000000     
    0.272486058864494          1.00988112584944          8.97442656171708       
   9.71182162870203     
 rho_hat=  0.900000000000000     
    0.226401017628718         0.948640519952115          9.03566716761441       
   9.75790666993780     
 rho_hat=  0.920000000000000     
    0.180594429206734         0.888972638913069          9.09533504865345       
   9.80371325835979     
 rho_hat=  0.940000000000000     
    0.135058415443397         0.830809830126134          9.15349785744039       
   9.84924927212312     
 rho_hat=  0.960000000000000     
    8.978543657435356E-002    0.774089832889163          9.21021785467736       
   9.89452225099217     
 rho_hat=  0.980000000000000     
    4.476827158454544E-002    0.718755196336477          9.26555249123004       
   9.93953941598198     
 rho_hat=   1.00000000000000     
   -1.776356839400250E-015    0.664752776167734          9.31955491139879       
   9.98430768756652     
 ------------------------------------------------------------------
 check  2.880654484698923E+019 =?  2.880654484698921E+019
 rmin     z_path      I_path
 start pathe 1
   2.00000000000000         0.000000000000000E+000    2.880654484698923E+019
   1.96000000000000         4.476827158454544E-002    2.854733327650456E+019
   1.92000000000000         8.978543657435356E-002    2.828800724464782E+019
   1.88000000000000         0.135058415443397         2.802858078702587E+019
   1.84000000000000         0.180594429206734         2.776906680824480E+019
   1.80000000000000         0.226401017628718         2.750947704265864E+019
   1.76000000000000         0.272486058864494         2.724982201209981E+019
   1.72000000000000         0.318857790674706         2.699011098026297E+019
   1.68000000000000         0.365524833369741         2.673035190337776E+019
   1.64000000000000         0.412496214658569         2.647055137675949E+019
   1.60000000000000         0.459781396598453         2.621071457677806E+019
   1.56000000000000         0.507390304866187         2.595084519772634E+019
   1.52000000000000         0.555333360599384         2.569094538300359E+019
   1.48000000000000         0.603621515088393         2.543101564995109E+019
   1.44000000000000         0.652266287636213         2.517105480759039E+019
   1.40000000000000         0.701279806946478         2.491105986640909E+019
   1.36000000000000         0.750674856448772         2.465102593922331E+019
   1.32000000000000         0.800464924027882         2.439094613200351E+019
   1.28000000000000         0.850664256690230         2.413081142338773E+019
   1.24000000000000         0.901287920778693         2.387061053141813E+019
   1.20000000000000         0.952351868438429         2.361032976580839E+019
   1.16000000000000          1.00387301114371         2.334995286378507E+019
   1.12000000000000          1.05586930122285         2.308946080723218E+019
   1.08000000000000          1.10835982246854         2.282883161849065E+019
   1.04000000000000          1.16136489110002         2.256804013171743E+019
   1.00000000000000          1.21490616855729         2.230705773617009E+019
  0.960000000000000          1.26900678786403         2.204585208713283E+019
  0.920000000000000          1.32369149560521         2.178438677941274E+019
  0.880000000000000          1.37898681193987         2.152262097737575E+019
  0.840000000000000          1.43492121152543         2.126050899431795E+019
  0.800000000000000          1.49152532878770         2.099799981252126E+019
  0.760000000000000          1.54883219165722         2.073503653355286E+019
  0.720000000000000          1.60687748874221         2.047155574613188E+019
  0.680000000000000          1.66569987596708         2.020748679608900E+019
  0.640000000000000          1.72534133003228         1.994275093940229E+019
  0.600000000000000          1.78584755772761         1.967726035478465E+019
  0.560000000000000          1.84726847226334         1.941091698651485E+019
  0.520000000000000          1.90965875051872         1.914361118071373E+019
  0.480000000000000          1.97307848864553         1.887522006848219E+019
  0.440000000000000          2.03759397808414         1.860560563640657E+019
  0.400000000000000          2.10327863014042         1.833461240772008E+019
  0.360000000000000          2.17021408539011         1.806206463417870E+019
  0.320000000000000          2.23849155512112         1.778776286697727E+019
  0.280000000000000          2.30821345696391         1.751147973109421E+019
 start path 2
  0.280000000000000          2.51647696664440         1.699253973564589E+019
  0.320000000000000          2.66033566905351         1.646437819382419E+019
  0.360000000000000          2.81243276070864         1.592414241529606E+019
  0.400000000000000          2.97463060971630         1.536792553556103E+019
  0.440000000000000          3.14959475382169         1.479012655707066E+019
  0.480000000000000          3.34137948003757         1.418220670382363E+019
  0.520000000000000          3.55671105495467         1.352995764417363E+019
  0.560000000000000          3.80837007974525         1.280628322659816E+019
  0.600000000000000          4.12751519093457         1.194482899091271E+019
  0.640000000000000          4.67709194510301         1.059642957231657E+019
  0.680000000000000          4.25481809936286         9.665793045639408E+018
  0.720000000000000          3.90533095112779         8.958581150617307E+018
  0.760000000000000          3.64556704747194         8.467319596427816E+018
  0.800000000000000          3.43010390860193         8.080886578409003E+018
  0.840000000000000          3.24249787760019         7.759284596877744E+018
  0.880000000000000          3.07455534566120         7.482695254895442E+018
  0.920000000000000          2.92148631856343         7.239597836713306E+018
  0.960000000000000          2.78020086055780         7.022602670209722E+018
   1.00000000000000          2.64856684945171         6.826639880092753E+018
   1.04000000000000          2.52503892955652         6.648056021214625E+018
   1.08000000000000          2.40845417083363         6.484117723374572E+018
   1.12000000000000          2.29791109302749         6.332718512138563E+018
   1.16000000000000          2.19269389586473         6.192195610812926E+018
   1.20000000000000          2.09222281012056         6.061210178919773E+018
   1.24000000000000          1.99602033540951         5.938666064116733E+018
   1.28000000000000          1.90368755774418         5.823652946292231E+018
   1.32000000000000          1.81488709388642         5.715405489054980E+018
   1.36000000000000          1.72933052647048         5.613273319280998E+018
   1.40000000000000          1.64676896308567         5.516698525348571E+018
   1.44000000000000          1.56698581870770         5.425198496662514E+018
   1.48000000000000          1.48979121264410         5.338352634658542E+018
   1.52000000000000          1.41501755898784         5.255791920422731E+018
   1.56000000000000          1.34251605353612         5.177190623948071E+018
   1.60000000000000          1.27215384378326         5.102259642164639E+018
   1.64000000000000          1.20381172618089         5.030741091841531E+018
   1.68000000000000          1.13738225521929         4.962403880732433E+018
   1.72000000000000          1.07276817763608         4.897040049548231E+018
   1.76000000000000          1.00988112584944         4.834461727322937E+018
   1.80000000000000         0.948640519952115         4.774498579329223E+018
   1.84000000000000         0.888972638913069         4.716995653823095E+018
   1.88000000000000         0.830809830126134         4.661811554235315E+018
   1.92000000000000         0.774089832889163         4.608816878841657E+018
   1.96000000000000         0.718755196336477         4.557892881742605E+018
 start path 3
   1.96000000000000          9.26555249123004         4.507531556919045E+018
   1.92000000000000          9.21021785467736         4.456290710113778E+018
   1.88000000000000          9.15349785744039         4.404156595862538E+018
   1.84000000000000          9.09533504865345         4.351113981137373E+018
   1.80000000000000          9.03566716761441         4.297145927131714E+018
   1.76000000000000          8.97442656171708         4.242233535205908E+018
   1.72000000000000          8.91153950993044         4.186355649547348E+018
   1.68000000000000          8.84692543234723         4.129488507196328E+018
   1.64000000000000          8.78049596138563         4.071605323602535E+018
   1.60000000000000          8.71215384378326         4.012675798597035E+018
   1.56000000000000          8.64179163403040         3.952665523289780E+018
   1.52000000000000          8.56929012857868         3.891535262501201E+018
   1.48000000000000          8.49451647492242         3.829240079274508E+018
   1.44000000000000          8.41732186885882         3.765728256852188E+018
   1.40000000000000          8.33753872448085         3.700939957810728E+018
   1.36000000000000          8.25497716109605         3.634805537633844E+018
   1.32000000000000          8.16942059368010         3.567243397405132E+018
   1.28000000000000          8.08062012982234         3.498157211931012E+018
   1.24000000000000          7.98828735215701         3.427432296225424E+018
   1.20000000000000          7.89208487744596         3.354930759158074E+018
   1.16000000000000          7.79161379170179         3.280484910488211E+018
   1.12000000000000          7.68639659453903         3.203888085891839E+018
   1.08000000000000          7.57585351673289         3.124881537572294E+018
   1.04000000000000          7.45926875801000         3.043135112783721E+018
   1.00000000000000          7.33574083811481         2.958217700335807E+018
  0.960000000000000          7.20410682700872         2.869549937717430E+018
  0.920000000000000          7.06282136900309         2.776324147084378E+018
  0.880000000000000          6.90975234190532         2.677358622700771E+018
  0.840000000000000          6.74180980996633         2.570805482772913E+018
  0.800000000000000          6.55420377896459         2.453478610894076E+018
  0.760000000000000          6.33874064009458         2.318937248228020E+018
  0.720000000000000          6.07897673643873         2.149268810468893E+018
  0.680000000000000          5.72948958820366         1.960508242862623E+018
  0.640000000000000          5.30721574246351         1.739195055638257E+018
  0.600000000000000          5.85679249663195         1.622202722979944E+018
  0.560000000000000          6.17593760782127         1.535436256918803E+018
  0.520000000000000          6.42759663261185         1.464820528658561E+018
  0.480000000000000          6.64292820752895         1.404611883561495E+018
  0.440000000000000          6.83471293374483         1.351801677680468E+018
  0.400000000000000          7.00967707785022         1.304584383865149E+018
  0.360000000000000          7.17187492685788         1.261777838001341E+018
  0.320000000000000          7.32397201851301         1.222559302177807E+018
  0.280000000000000          7.46783072092212         1.186329644350496E+018
 start path 4
  0.280000000000000          7.67609423060261         1.167903332015251E+018
  0.320000000000000          7.74581613244540         1.150166824346797E+018
  0.360000000000000          7.81409360217641         1.133069358624266E+018
  0.400000000000000          7.88102905742610         1.116566046137706E+018
  0.440000000000000          7.94671370948238         1.100616970083911E+018
  0.480000000000000          8.01122919892099         1.085186453346331E+018
  0.520000000000000          8.07464893704780         1.070242458708792E+018
  0.560000000000000          8.13703921530318         1.055756093423264E+018
  0.600000000000000          8.19846012983891         1.041701196819066E+018
  0.640000000000000          8.25896635753424         1.028053994594747E+018
  0.680000000000000          8.31860781159944         1.014792807105794E+018
  0.720000000000000          8.37743019882431         1.001897801714667E+018
  0.760000000000000          8.43547549590930         9.893507813564219E+017
  0.800000000000000          8.49278235877882         9.771350030703423E+017
  0.840000000000000          8.54938647604109         9.652350214817064E+017
  0.880000000000000          8.60532087562665         9.536365531791177E+017
  0.920000000000000          8.66061619196131         9.423263586878995E+017
  0.960000000000000          8.71530089970249         9.312921393373628E+017
   1.00000000000000          8.76940151900923         9.205224467960468E+017
   1.04000000000000          8.82294279646650         9.100066034309569E+017
   1.08000000000000          8.87594786509798         8.997346319552367E+017
   1.12000000000000          8.92843838634367         8.896971930791444E+017
   1.16000000000000          8.98043467642281         8.798855300837267E+017
   1.20000000000000          9.03195581912809         8.702914194045006E+017
   1.24000000000000          9.08301976678783         8.609071264510089E+017
   1.28000000000000          9.13364343087629         8.517253660029901E+017
   1.32000000000000          9.18384276353864         8.427392666195237E+017
   1.36000000000000          9.23363283111775         8.339423385776046E+017
   1.40000000000000          9.28302788062004         8.253284449237837E+017
   1.44000000000000          9.33204139993031         8.168917752791309E+017
   1.48000000000000          9.38068617247813         8.086268220858724E+017
   1.52000000000000          9.42897432696714         8.005283590247011E+017
   1.56000000000000          9.47691738270033         7.925914213664901E+017
   1.60000000000000          9.52452629096807         7.848112880519491E+017
   1.64000000000000          9.57181147290795         7.771834653181190E+017
   1.68000000000000          9.61878285419678         7.697036717126349E+017
   1.72000000000000          9.66544989689181         7.623678243555282E+017
   1.76000000000000          9.71182162870203         7.551720263247932E+017
   1.80000000000000          9.75790666993780         7.481125550561128E+017
   1.84000000000000          9.80371325835979         7.411858516595370E+017
   1.88000000000000          9.84924927212312         7.343885110666637E+017
   1.92000000000000          9.89452225099217         7.277172729313371E+017
   1.96000000000000          9.93953941598198         7.211690132151062E+017
 Icur_shine=  4.440348540273656E+018  Icur_NBI=  1.872425415054300E+020
 Alpha_mainsub done
 ----------------------------------------
 Alpha_driver calling Alpha_transport 
 ----------------------------------------
 ----------------------------------------
 Alpha_driver calling Alpha_time_dep_transport 
 ----------------------------------------
 Alpha_time_dep_transport NOT called 7.20.18
